Day,Date,Total Grid Power to Site (Calc) (kWHr),Trafo N1 Grid Power to Site (kWHr),Trafo N2 Grid Power to Site (kWHr)
Friday,01 Dec 2023 0:00,"2,073",0,"2,073"
Friday,01 Dec 2023 1:00,"2,475",0,"2,475"
Friday,01 Dec 2023 2:00,"2,594",0,"2,594"
Friday,01 Dec 2023 3:00,"4,965",0,"2,197"
Friday,01 Dec 2023 4:00,"2,262",0,"2,262"
Friday,01 Dec 2023 5:00,"2,121",0,"2,121"
Friday,01 Dec 2023 6:00,"2,375",0,"2,375"
Friday,01 Dec 2023 7:00,"2,481",0,"2,481"
Friday,01 Dec 2023 8:00,"2,826",0,"2,826"
Friday,01 Dec 2023 9:00,"2,931",0,"2,931"
Friday,01 Dec 2023 10:00,"3,254",0,"3,254"
Friday,01 Dec 2023 11:00,"2,967",0,"2,967"
Friday,01 Dec 2023 12:00,"3,176",0,"3,176"
Friday,01 Dec 2023 13:00,"3,505",0,"3,505"
Friday,01 Dec 2023 14:00,"2,584",0,"2,584"
Friday,01 Dec 2023 15:00,"2,150",0,"2,150"
Friday,01 Dec 2023 16:00,"3,184",0,"3,184"
Friday,01 Dec 2023 17:00,"2,795",0,"2,795"
Friday,01 Dec 2023 18:00,"2,733",0,"2,733"
Friday,01 Dec 2023 19:00,"2,535",0,"2,535"
Friday,01 Dec 2023 20:00,"2,631",0,"2,631"
Friday,01 Dec 2023 21:00,"2,521",0,"2,521"
Friday,01 Dec 2023 22:00,"2,431",0,"2,431"
Friday,01 Dec 2023 23:00,"2,515",0,"3,186"
Saturday,02 Dec 2023 0:00,"2,747",0,"2,747"
Saturday,02 Dec 2023 1:00,"2,333",0,"2,333"
Saturday,02 Dec 2023 2:00,"2,262",0,"2,262"
Saturday,02 Dec 2023 3:00,"4,825",0,"2,238"
Saturday,02 Dec 2023 4:00,"2,233",0,"2,233"
Saturday,02 Dec 2023 5:00,"2,242",0,"2,242"
Saturday,02 Dec 2023 6:00,"2,253",0,"2,253"
Saturday,02 Dec 2023 7:00,"2,383",0,"2,383"
Saturday,02 Dec 2023 8:00,"2,637",0,"2,637"
Saturday,02 Dec 2023 9:00,"2,459",0,"2,459"
Saturday,02 Dec 2023 10:00,"2,446",0,"2,446"
Saturday,02 Dec 2023 11:00,"2,531",0,"2,531"
Saturday,02 Dec 2023 12:00,"2,661",0,"2,661"
Saturday,02 Dec 2023 13:00,"2,505",0,"2,505"
Saturday,02 Dec 2023 14:00,"2,432",0,"2,432"
Saturday,02 Dec 2023 15:00,"2,559",0,"2,559"
Saturday,02 Dec 2023 16:00,"2,653",0,"2,653"
Saturday,02 Dec 2023 17:00,"2,491",0,"2,491"
Saturday,02 Dec 2023 18:00,"2,411",0,"2,411"
Saturday,02 Dec 2023 19:00,"2,391",0,"2,391"
Saturday,02 Dec 2023 20:00,"2,315",0,"2,315"
Saturday,02 Dec 2023 21:00,"2,447",0,"2,447"
Saturday,02 Dec 2023 22:00,"2,358",0,"2,358"
Saturday,02 Dec 2023 23:00,"2,285",0,"2,870"
Sunday,03 Dec 2023 0:00,"2,362",0,"2,362"
Sunday,03 Dec 2023 1:00,"2,346",0,"2,346"
Sunday,03 Dec 2023 2:00,"2,494",0,"2,494"
Sunday,03 Dec 2023 3:00,"5,004",0,"2,310"
Sunday,03 Dec 2023 4:00,"2,216",0,"2,216"
Sunday,03 Dec 2023 5:00,"2,139",0,"2,139"
Sunday,03 Dec 2023 6:00,"2,188",0,"2,188"
Sunday,03 Dec 2023 7:00,"2,363",0,"2,363"
Sunday,03 Dec 2023 8:00,"2,709",0,"2,709"
Sunday,03 Dec 2023 9:00,"2,622",0,"2,622"
Sunday,03 Dec 2023 10:00,"2,568",0,"2,568"
Sunday,03 Dec 2023 11:00,"2,486",0,"2,486"
Sunday,03 Dec 2023 12:00,"2,440",0,"2,440"
Sunday,03 Dec 2023 13:00,"2,376",0,"2,376"
Sunday,03 Dec 2023 14:00,"2,245",0,"2,245"
Sunday,03 Dec 2023 15:00,"2,385",0,"2,385"
Sunday,03 Dec 2023 16:00,"2,570",0,"2,570"
Sunday,03 Dec 2023 17:00,"2,406",0,"2,406"
Sunday,03 Dec 2023 18:00,"2,432",0,"2,432"
Sunday,03 Dec 2023 19:00,"2,395",0,"2,395"
Sunday,03 Dec 2023 20:00,"2,479",0,"2,479"
Sunday,03 Dec 2023 21:00,"2,683",0,"2,683"
Sunday,03 Dec 2023 22:00,"2,451",0,"2,451"
Sunday,03 Dec 2023 23:00,"2,433",0,"3,052"
Monday,04 Dec 2023 0:00,"2,435",0,"2,435"
Monday,04 Dec 2023 1:00,"2,366",0,"2,366"
Monday,04 Dec 2023 2:00,"2,464",0,"2,464"
Monday,04 Dec 2023 3:00,"5,661",0,"2,372"
Monday,04 Dec 2023 4:00,"2,235",0,"2,235"
Monday,04 Dec 2023 5:00,"2,181",0,"2,181"
Monday,04 Dec 2023 6:00,"2,359",0,"2,359"
Monday,04 Dec 2023 7:00,"2,590",0,"2,590"
Monday,04 Dec 2023 8:00,"2,812",0,"2,812"
Monday,04 Dec 2023 9:00,"3,167",0,"3,167"
Monday,04 Dec 2023 10:00,"3,181",0,"3,181"
Monday,04 Dec 2023 11:00,"3,175",0,"3,175"
Monday,04 Dec 2023 12:00,"3,057",0,"3,057"
Monday,04 Dec 2023 13:00,"2,965",0,"2,965"
Monday,04 Dec 2023 14:00,"2,815",0,"2,815"
Monday,04 Dec 2023 15:00,"3,053",0,"3,053"
Monday,04 Dec 2023 16:00,"2,819",0,"2,819"
Monday,04 Dec 2023 17:00,"2,913",0,"2,913"
Monday,04 Dec 2023 18:00,"2,660",0,"2,660"
Monday,04 Dec 2023 19:00,"2,404",0,"2,404"
Monday,04 Dec 2023 20:00,"2,550",0,"2,550"
Monday,04 Dec 2023 21:00,"2,433",0,"2,433"
Monday,04 Dec 2023 22:00,"2,533",0,"2,533"
Monday,04 Dec 2023 23:00,"2,365",0,"2,962"
Tuesday,05 Dec 2023 0:00,"2,394",0,"2,394"
Tuesday,05 Dec 2023 1:00,"2,361",0,"2,361"
Tuesday,05 Dec 2023 2:00,"2,415",0,"2,415"
Tuesday,05 Dec 2023 3:00,"4,982",0,"2,181"
Tuesday,05 Dec 2023 4:00,"2,255",0,"2,255"
Tuesday,05 Dec 2023 5:00,"2,198",0,"2,198"
Tuesday,05 Dec 2023 6:00,"2,296",0,"2,296"
Tuesday,05 Dec 2023 7:00,"2,414",0,"2,414"
Tuesday,05 Dec 2023 8:00,"2,745",0,"2,745"
Tuesday,05 Dec 2023 9:00,"2,680",0,"2,680"
Tuesday,05 Dec 2023 10:00,"2,737",0,"2,737"
Tuesday,05 Dec 2023 11:00,"2,753",0,"2,753"
Tuesday,05 Dec 2023 12:00,"2,750",0,"2,750"
Tuesday,05 Dec 2023 13:00,"2,678",0,"2,678"
Tuesday,05 Dec 2023 14:00,"2,492",0,"2,492"
Tuesday,05 Dec 2023 15:00,"2,564",0,"2,564"
Tuesday,05 Dec 2023 16:00,"2,502",0,"2,502"
Tuesday,05 Dec 2023 17:00,"2,561",0,"2,561"
Tuesday,05 Dec 2023 18:00,"2,483",0,"2,483"
Tuesday,05 Dec 2023 19:00,"2,170",0,"2,170"
Tuesday,05 Dec 2023 20:00,"2,167",0,"2,167"
Tuesday,05 Dec 2023 21:00,"2,098",0,"2,098"
Tuesday,05 Dec 2023 22:00,"1,933",0,"1,933"
Tuesday,05 Dec 2023 23:00,"2,003",0,"2,510"
Wednesday,06 Dec 2023 0:00,"1,902",0,"1,902"
Wednesday,06 Dec 2023 1:00,"1,485",0,"1,485"
Wednesday,06 Dec 2023 2:00,"1,905",0,"1,905"
Wednesday,06 Dec 2023 3:00,"5,149",0,"2,494"
Wednesday,06 Dec 2023 4:00,"2,074",0,"2,074"
Wednesday,06 Dec 2023 5:00,"1,951",0,"1,951"
Wednesday,06 Dec 2023 6:00,"2,277",0,"2,277"
Wednesday,06 Dec 2023 7:00,"2,397",0,"2,397"
Wednesday,06 Dec 2023 8:00,"2,614",0,"2,614"
Wednesday,06 Dec 2023 9:00,"2,836",0,"2,836"
Wednesday,06 Dec 2023 10:00,"2,784",0,"2,784"
Wednesday,06 Dec 2023 11:00,"2,875",0,"2,875"
Wednesday,06 Dec 2023 12:00,"2,582",0,"2,582"
Wednesday,06 Dec 2023 13:00,"2,411",0,"2,411"
Wednesday,06 Dec 2023 14:00,"2,365",0,"2,365"
Wednesday,06 Dec 2023 15:00,"2,338",0,"2,338"
Wednesday,06 Dec 2023 16:00,"2,397",0,"2,397"
Wednesday,06 Dec 2023 17:00,"2,164",0,"2,164"
Wednesday,06 Dec 2023 18:00,"2,194",0,"2,194"
Wednesday,06 Dec 2023 19:00,"2,311",0,"2,311"
Wednesday,06 Dec 2023 20:00,"2,183",0,"2,183"
Wednesday,06 Dec 2023 21:00,"2,163",0,"2,163"
Wednesday,06 Dec 2023 22:00,"2,072",0,"2,072"
Wednesday,06 Dec 2023 23:00,"2,248",0,"2,814"
Thursday,07 Dec 2023 0:00,"1,910",0,"1,910"
Thursday,07 Dec 2023 1:00,"2,187",0,"2,187"
Thursday,07 Dec 2023 2:00,"2,195",0,"2,195"
Thursday,07 Dec 2023 3:00,"4,688",0,"2,159"
Thursday,07 Dec 2023 4:00,"1,907",0,"1,907"
Thursday,07 Dec 2023 5:00,"1,874",0,"1,874"
Thursday,07 Dec 2023 6:00,"2,013",0,"2,013"
Thursday,07 Dec 2023 7:00,"2,512",0,"2,512"
Thursday,07 Dec 2023 8:00,"2,511",0,"2,511"
Thursday,07 Dec 2023 9:00,"2,784",0,"2,784"
Thursday,07 Dec 2023 10:00,"2,636",0,"2,636"
Thursday,07 Dec 2023 11:00,"2,574",0,"2,574"
Thursday,07 Dec 2023 12:00,"2,590",0,"2,590"
Thursday,07 Dec 2023 13:00,"2,429",0,"2,429"
Thursday,07 Dec 2023 14:00,"2,418",0,"2,418"
Thursday,07 Dec 2023 15:00,"2,542",0,"2,542"
Thursday,07 Dec 2023 16:00,"2,506",0,"2,506"
Thursday,07 Dec 2023 17:00,"2,273",0,"2,273"
Thursday,07 Dec 2023 18:00,"2,435",0,"2,435"
Thursday,07 Dec 2023 19:00,"2,137",0,"2,137"
Thursday,07 Dec 2023 20:00,"2,172",0,"2,172"
Thursday,07 Dec 2023 21:00,"1,955",0,"1,955"
Thursday,07 Dec 2023 22:00,"1,987",0,"1,987"
Thursday,07 Dec 2023 23:00,"2,193",0,"2,790"
Friday,08 Dec 2023 0:00,"2,138",0,"2,138"
Friday,08 Dec 2023 1:00,"2,097",0,"2,097"
Friday,08 Dec 2023 2:00,"2,029",0,"2,029"
Friday,08 Dec 2023 3:00,"4,655",0,"2,123"
Friday,08 Dec 2023 4:00,"1,999",0,"1,999"
Friday,08 Dec 2023 5:00,"1,971",0,"1,971"
Friday,08 Dec 2023 6:00,"2,144",0,"2,144"
Friday,08 Dec 2023 7:00,"2,528",0,"2,528"
Friday,08 Dec 2023 8:00,"2,687",0,"2,687"
Friday,08 Dec 2023 9:00,"2,959",0,"2,959"
Friday,08 Dec 2023 10:00,"2,935",0,"2,935"
Friday,08 Dec 2023 11:00,"2,800",0,"2,800"
Friday,08 Dec 2023 12:00,"2,717",0,"2,717"
Friday,08 Dec 2023 13:00,"2,577",0,"2,577"
Friday,08 Dec 2023 14:00,"2,533",0,"2,533"
Friday,08 Dec 2023 15:00,"2,584",0,"2,584"
Friday,08 Dec 2023 16:00,"2,853",0,"2,853"
Friday,08 Dec 2023 17:00,"2,726",0,"2,726"
Friday,08 Dec 2023 18:00,"2,633",0,"2,633"
Friday,08 Dec 2023 19:00,"2,221",0,"2,221"
Friday,08 Dec 2023 20:00,"2,037",0,"2,037"
Friday,08 Dec 2023 21:00,"1,985",0,"1,985"
Friday,08 Dec 2023 22:00,"2,323",0,"2,323"
Friday,08 Dec 2023 23:00,"2,227",0,"2,786"
Saturday,09 Dec 2023 0:00,"2,134",0,"2,134"
Saturday,09 Dec 2023 1:00,"2,039",0,"2,039"
Saturday,09 Dec 2023 2:00,"1,973",0,"1,973"
Saturday,09 Dec 2023 3:00,"4,229",0,"1,954"
Saturday,09 Dec 2023 4:00,"1,876",0,"1,876"
Saturday,09 Dec 2023 5:00,"1,937",0,"1,937"
Saturday,09 Dec 2023 6:00,"1,988",0,"1,988"
Saturday,09 Dec 2023 7:00,"2,120",0,"2,120"
Saturday,09 Dec 2023 8:00,"2,450",0,"2,450"
Saturday,09 Dec 2023 9:00,"2,374",0,"2,374"
Saturday,09 Dec 2023 10:00,"2,358",0,"2,358"
Saturday,09 Dec 2023 11:00,"2,440",0,"2,440"
Saturday,09 Dec 2023 12:00,"2,543",0,"2,543"
Saturday,09 Dec 2023 13:00,"2,456",0,"2,456"
Saturday,09 Dec 2023 14:00,"2,624",0,"2,624"
Saturday,09 Dec 2023 15:00,"2,642",0,"2,642"
Saturday,09 Dec 2023 16:00,"2,532",0,"2,532"
Saturday,09 Dec 2023 17:00,"2,642",0,"2,642"
Saturday,09 Dec 2023 18:00,"2,445",0,"2,445"
Saturday,09 Dec 2023 19:00,"2,321",0,"2,321"
Saturday,09 Dec 2023 20:00,"2,272",0,"2,272"
Saturday,09 Dec 2023 21:00,"2,381",0,"2,381"
Saturday,09 Dec 2023 22:00,"2,284",0,"2,284"
Saturday,09 Dec 2023 23:00,"2,319",0,"2,853"
Sunday,10 Dec 2023 0:00,"2,234",0,"2,234"
Sunday,10 Dec 2023 1:00,"2,159",0,"2,159"
Sunday,10 Dec 2023 2:00,"2,291",0,"2,291"
Sunday,10 Dec 2023 3:00,"4,990",0,"2,220"
Sunday,10 Dec 2023 4:00,"2,083",0,"2,083"
Sunday,10 Dec 2023 5:00,"2,141",0,"2,141"
Sunday,10 Dec 2023 6:00,"2,335",0,"2,335"
Sunday,10 Dec 2023 7:00,"2,572",0,"2,572"
Sunday,10 Dec 2023 8:00,"2,528",0,"2,528"
Sunday,10 Dec 2023 9:00,"2,730",0,"2,730"
Sunday,10 Dec 2023 10:00,"2,586",0,"2,586"
Sunday,10 Dec 2023 11:00,"2,707",0,"2,707"
Sunday,10 Dec 2023 12:00,"2,746",0,"2,746"
Sunday,10 Dec 2023 13:00,"2,832",0,"2,832"
Sunday,10 Dec 2023 14:00,"2,891",0,"2,891"
Sunday,10 Dec 2023 15:00,"2,995",0,"2,995"
Sunday,10 Dec 2023 16:00,"3,214",0,"3,214"
Sunday,10 Dec 2023 17:00,"3,193",0,"3,193"
Sunday,10 Dec 2023 18:00,"3,126",0,"3,126"
Sunday,10 Dec 2023 19:00,"3,184",0,"3,184"
Sunday,10 Dec 2023 20:00,"3,221",0,"3,221"
Sunday,10 Dec 2023 21:00,"3,346",0,"3,346"
Sunday,10 Dec 2023 22:00,"3,410",0,"3,410"
Sunday,10 Dec 2023 23:00,"3,459",0,"4,339"
Monday,11 Dec 2023 0:00,"3,539",0,"3,539"
Monday,11 Dec 2023 1:00,"3,690",0,"3,690"
Monday,11 Dec 2023 2:00,"3,154",0,"3,154"
Monday,11 Dec 2023 3:00,"5,753",0,"2,701"
Monday,11 Dec 2023 4:00,"2,401",0,"2,401"
Monday,11 Dec 2023 5:00,"2,406",0,"2,406"
Monday,11 Dec 2023 6:00,"2,600",0,"2,600"
Monday,11 Dec 2023 7:00,"2,822",0,"2,822"
Monday,11 Dec 2023 8:00,"3,210",0,"3,210"
Monday,11 Dec 2023 9:00,"3,258",0,"3,258"
Monday,11 Dec 2023 10:00,"3,307",0,"3,307"
Monday,11 Dec 2023 11:00,"2,836",0,"2,836"
Monday,11 Dec 2023 12:00,"2,786",0,"2,786"
Monday,11 Dec 2023 13:00,"2,625",0,"2,625"
Monday,11 Dec 2023 14:00,"3,055",0,"3,055"
Monday,11 Dec 2023 15:00,"2,677",0,"2,677"
Monday,11 Dec 2023 16:00,"2,578",0,"2,578"
Monday,11 Dec 2023 17:00,"2,511",0,"2,511"
Monday,11 Dec 2023 18:00,"2,637",0,"2,637"
Monday,11 Dec 2023 19:00,"2,404",0,"2,404"
Monday,11 Dec 2023 20:00,"2,566",0,"2,566"
Monday,11 Dec 2023 21:00,"2,259",0,"2,259"
Monday,11 Dec 2023 22:00,"2,050",0,"2,050"
Monday,11 Dec 2023 23:00,"1,991",0,"2,491"
Tuesday,12 Dec 2023 0:00,"2,101",0,"2,101"
Tuesday,12 Dec 2023 1:00,"2,095",0,"2,095"
Tuesday,12 Dec 2023 2:00,"2,120",0,"2,120"
Tuesday,12 Dec 2023 3:00,"4,831",0,"2,046"
Tuesday,12 Dec 2023 4:00,"2,158",0,"2,158"
Tuesday,12 Dec 2023 5:00,"2,014",0,"2,014"
Tuesday,12 Dec 2023 6:00,"2,248",0,"2,248"
Tuesday,12 Dec 2023 7:00,"2,350",0,"2,350"
Tuesday,12 Dec 2023 8:00,"2,580",0,"2,580"
Tuesday,12 Dec 2023 9:00,"2,842",0,"2,842"
Tuesday,12 Dec 2023 10:00,"3,034",0,"3,034"
Tuesday,12 Dec 2023 11:00,"2,935",0,"2,935"
Tuesday,12 Dec 2023 12:00,"2,834",0,"2,834"
Tuesday,12 Dec 2023 13:00,"2,746",0,"2,746"
Tuesday,12 Dec 2023 14:00,"2,727",0,"2,727"
Tuesday,12 Dec 2023 15:00,"2,785",0,"2,785"
Tuesday,12 Dec 2023 16:00,"2,638",0,"2,638"
Tuesday,12 Dec 2023 17:00,"2,829",0,"2,829"
Tuesday,12 Dec 2023 18:00,"2,533",0,"2,533"
Tuesday,12 Dec 2023 19:00,"2,220",0,"2,220"
Tuesday,12 Dec 2023 20:00,"2,380",0,"2,380"
Tuesday,12 Dec 2023 21:00,"2,218",0,"2,218"
Tuesday,12 Dec 2023 22:00,"2,040",0,"2,040"
Tuesday,12 Dec 2023 23:00,"2,265",0,"2,826"
Wednesday,13 Dec 2023 0:00,"2,061",0,"2,061"
Wednesday,13 Dec 2023 1:00,"2,086",0,"2,086"
Wednesday,13 Dec 2023 2:00,"1,968",0,"1,968"
Wednesday,13 Dec 2023 3:00,"4,687",0,"2,032"
Wednesday,13 Dec 2023 4:00,"2,214",0,"2,214"
Wednesday,13 Dec 2023 5:00,"2,144",0,"2,144"
Wednesday,13 Dec 2023 6:00,"2,268",0,"2,268"
Wednesday,13 Dec 2023 7:00,"2,402",0,"2,402"
Wednesday,13 Dec 2023 8:00,"2,722",0,"2,722"
Wednesday,13 Dec 2023 9:00,"2,963",0,"2,963"
Wednesday,13 Dec 2023 10:00,"2,730",0,"2,730"
Wednesday,13 Dec 2023 11:00,"2,792",0,"2,792"
Wednesday,13 Dec 2023 12:00,"2,952",0,"2,952"
Wednesday,13 Dec 2023 13:00,"2,878",0,"2,878"
Wednesday,13 Dec 2023 14:00,"2,656",0,"2,656"
Wednesday,13 Dec 2023 15:00,"2,710",0,"2,710"
Wednesday,13 Dec 2023 16:00,"2,657",0,"2,657"
Wednesday,13 Dec 2023 17:00,"2,506",0,"2,506"
Wednesday,13 Dec 2023 18:00,"2,576",0,"2,576"
Wednesday,13 Dec 2023 19:00,"2,417",0,"2,417"
Wednesday,13 Dec 2023 20:00,"2,100",0,"2,100"
Wednesday,13 Dec 2023 21:00,"2,339",0,"2,339"
Wednesday,13 Dec 2023 22:00,"2,307",0,"2,307"
Wednesday,13 Dec 2023 23:00,"2,252",0,"2,882"
Thursday,14 Dec 2023 0:00,"2,028",0,"2,028"
Thursday,14 Dec 2023 1:00,"1,534",0,"1,534"
Thursday,14 Dec 2023 2:00,"2,480",0,"2,480"
Thursday,14 Dec 2023 3:00,"4,801",0,"2,196"
Thursday,14 Dec 2023 4:00,"1,835",0,"1,835"
Thursday,14 Dec 2023 5:00,"1,900",0,"1,900"
Thursday,14 Dec 2023 6:00,"2,073",0,"2,073"
Thursday,14 Dec 2023 7:00,"1,952",0,"1,952"
Thursday,14 Dec 2023 8:00,"2,206",0,"2,206"
Thursday,14 Dec 2023 9:00,"2,394",0,"2,394"
Thursday,14 Dec 2023 10:00,"2,249",0,"2,249"
Thursday,14 Dec 2023 11:00,"1,162",0,"1,162"
Thursday,14 Dec 2023 12:00,317.75,0,317.75
Thursday,14 Dec 2023 13:00,330.58,0,330.58
Thursday,14 Dec 2023 14:00,320.1,0,320.1
Thursday,14 Dec 2023 15:00,318.97,0,318.97
Thursday,14 Dec 2023 16:00,"1,808",0,"1,808"
Thursday,14 Dec 2023 17:00,"2,345",0,"2,345"
Thursday,14 Dec 2023 18:00,"2,254",0,"2,254"
Thursday,14 Dec 2023 19:00,"1,966",0,"1,966"
Thursday,14 Dec 2023 20:00,"2,017",0,"2,017"
Thursday,14 Dec 2023 21:00,"2,130",0,"2,130"
Thursday,14 Dec 2023 22:00,"2,161",0,"2,161"
Thursday,14 Dec 2023 23:00,"1,982",0,"2,486"
Friday,15 Dec 2023 0:00,"2,008",0,"2,008"
Friday,15 Dec 2023 1:00,"1,822",0,"1,822"
Friday,15 Dec 2023 2:00,"2,103",0,"2,103"
Friday,15 Dec 2023 3:00,"4,344",0,"2,052"
Friday,15 Dec 2023 4:00,"1,895",0,"1,895"
Friday,15 Dec 2023 5:00,"1,852",0,"1,852"
Friday,15 Dec 2023 6:00,"2,085",0,"2,085"
Friday,15 Dec 2023 7:00,"2,224",0,"2,224"
Friday,15 Dec 2023 8:00,"1,591",0,"1,591"
Friday,15 Dec 2023 9:00,707.08,0,707.08
Friday,15 Dec 2023 10:00,"2,817",0,"2,817"
Friday,15 Dec 2023 11:00,339.57,0,339.57
Friday,15 Dec 2023 12:00,422.11,0,422.11
Friday,15 Dec 2023 13:00,"1,774",0,"1,774"
Friday,15 Dec 2023 14:00,"2,816",0,"2,816"
Friday,15 Dec 2023 15:00,"2,865",0,"2,865"
Friday,15 Dec 2023 16:00,"2,817",0,"2,817"
Friday,15 Dec 2023 17:00,"2,631",0,"2,631"
Friday,15 Dec 2023 18:00,"2,611",0,"2,611"
Friday,15 Dec 2023 19:00,"2,286",0,"2,286"
Friday,15 Dec 2023 20:00,"2,197",0,"2,197"
Friday,15 Dec 2023 21:00,"2,219",0,"2,219"
Friday,15 Dec 2023 22:00,"2,125",0,"2,125"
Friday,15 Dec 2023 23:00,"2,232",0,"2,831"
Saturday,16 Dec 2023 0:00,"1,971",0,"1,971"
Saturday,16 Dec 2023 1:00,"1,928",0,"1,928"
Saturday,16 Dec 2023 2:00,"1,915",0,"1,915"
Saturday,16 Dec 2023 3:00,906.75,0,"1,321"
Saturday,16 Dec 2023 4:00,"3,362",0,"1,230"
Saturday,16 Dec 2023 5:00,"1,842",0,"1,842"
Saturday,16 Dec 2023 6:00,"1,962",0,"1,962"
Saturday,16 Dec 2023 7:00,"2,196",0,"2,196"
Saturday,16 Dec 2023 8:00,"2,469",0,"2,469"
Saturday,16 Dec 2023 9:00,"2,493",0,"2,493"
Saturday,16 Dec 2023 10:00,"2,598",0,"2,598"
Saturday,16 Dec 2023 11:00,"2,477",0,"2,477"
Saturday,16 Dec 2023 12:00,"2,449",0,"2,449"
Saturday,16 Dec 2023 13:00,"2,481",0,"2,481"
Saturday,16 Dec 2023 14:00,"2,457",0,"2,457"
Saturday,16 Dec 2023 15:00,"2,562",0,"2,562"
Saturday,16 Dec 2023 16:00,"2,463",0,"2,463"
Saturday,16 Dec 2023 17:00,"2,429",0,"2,429"
Saturday,16 Dec 2023 18:00,"2,040",0,"2,040"
Saturday,16 Dec 2023 19:00,"2,078",0,"2,078"
Saturday,16 Dec 2023 20:00,"2,309",0,"2,309"
Saturday,16 Dec 2023 21:00,"2,164",0,"2,164"
Saturday,16 Dec 2023 22:00,"2,031",0,"2,031"
Saturday,16 Dec 2023 23:00,"1,943",0,"2,423"
Sunday,17 Dec 2023 0:00,"1,929",0,"1,929"
Sunday,17 Dec 2023 1:00,"1,846",0,"1,846"
Sunday,17 Dec 2023 2:00,"2,111",0,"2,111"
Sunday,17 Dec 2023 3:00,"4,294",0,"1,890"
Sunday,17 Dec 2023 4:00,"1,765",0,"1,765"
Sunday,17 Dec 2023 5:00,"1,832",0,"1,832"
Sunday,17 Dec 2023 6:00,"1,925",0,"1,925"
Sunday,17 Dec 2023 7:00,"1,976",0,"1,976"
Sunday,17 Dec 2023 8:00,"2,371",0,"2,371"
Sunday,17 Dec 2023 9:00,"2,415",0,"2,415"
Sunday,17 Dec 2023 10:00,"2,444",0,"2,444"
Sunday,17 Dec 2023 11:00,"1,224",0,"1,224"
Sunday,17 Dec 2023 12:00,326.97,0,326.97
Sunday,17 Dec 2023 13:00,"4,831",0,"4,831"
Sunday,17 Dec 2023 14:00,"3,037",0,"3,037"
Sunday,17 Dec 2023 15:00,"3,756",0,"3,756"
Sunday,17 Dec 2023 16:00,"3,488",0,"3,488"
Sunday,17 Dec 2023 17:00,"6,177",0,"6,177"
Sunday,17 Dec 2023 18:00,"7,081",0,"7,081"
Sunday,17 Dec 2023 19:00,"3,262",0,"3,262"
Sunday,17 Dec 2023 20:00,"2,551",0,"2,551"
Sunday,17 Dec 2023 21:00,"2,647",0,"2,647"
Sunday,17 Dec 2023 22:00,"2,616",0,"2,616"
Sunday,17 Dec 2023 23:00,"2,704",0,"3,379"
Monday,18 Dec 2023 0:00,"2,953",0,"2,953"
Monday,18 Dec 2023 1:00,"2,879",0,"2,879"
Monday,18 Dec 2023 2:00,"2,937",0,"2,937"
Monday,18 Dec 2023 3:00,"5,791",0,"2,618"
Monday,18 Dec 2023 4:00,"2,870",0,"2,870"
Monday,18 Dec 2023 5:00,"2,542",0,"2,542"
Monday,18 Dec 2023 6:00,"2,939",0,"2,939"
Monday,18 Dec 2023 7:00,"3,238",0,"3,238"
Monday,18 Dec 2023 8:00,"3,441",0,"3,441"
Monday,18 Dec 2023 9:00,"3,818",0,"3,818"
Monday,18 Dec 2023 10:00,"4,181",0,"4,181"
Monday,18 Dec 2023 11:00,"4,213",0,"4,213"
Monday,18 Dec 2023 12:00,"4,057",0,"4,057"
Monday,18 Dec 2023 13:00,"3,950",0,"3,950"
Monday,18 Dec 2023 14:00,"3,463",0,"3,463"
Monday,18 Dec 2023 15:00,"3,469",0,"3,469"
Monday,18 Dec 2023 16:00,"3,632",0,"3,632"
Monday,18 Dec 2023 17:00,"3,387",0,"3,387"
Monday,18 Dec 2023 18:00,"2,964",0,"2,964"
Monday,18 Dec 2023 19:00,"2,663",0,"2,663"
Monday,18 Dec 2023 20:00,"2,438",0,"2,438"
Monday,18 Dec 2023 21:00,"2,480",0,"2,480"
Monday,18 Dec 2023 22:00,"2,219",0,"2,219"
Monday,18 Dec 2023 23:00,"2,306",0,"2,849"
Tuesday,19 Dec 2023 0:00,"2,229",0,"2,229"
Tuesday,19 Dec 2023 1:00,"2,166",0,"2,166"
Tuesday,19 Dec 2023 2:00,"2,384",0,"2,384"
Tuesday,19 Dec 2023 3:00,"5,956",0,"2,601"
Tuesday,19 Dec 2023 4:00,"2,318",0,"2,318"
Tuesday,19 Dec 2023 5:00,"2,460",0,"2,460"
Tuesday,19 Dec 2023 6:00,"2,478",0,"2,478"
Tuesday,19 Dec 2023 7:00,"2,556",0,"2,556"
Tuesday,19 Dec 2023 8:00,"3,091",0,"3,091"
Tuesday,19 Dec 2023 9:00,"2,839",0,"2,839"
Tuesday,19 Dec 2023 10:00,"3,094",0,"3,094"
Tuesday,19 Dec 2023 11:00,"2,868",0,"2,868"
Tuesday,19 Dec 2023 12:00,"2,867",0,"2,867"
Tuesday,19 Dec 2023 13:00,"2,528",0,"2,528"
Tuesday,19 Dec 2023 14:00,"2,469",0,"2,469"
Tuesday,19 Dec 2023 15:00,"2,429",0,"2,429"
Tuesday,19 Dec 2023 16:00,"2,585",0,"2,585"
Tuesday,19 Dec 2023 17:00,"2,485",0,"2,485"
Tuesday,19 Dec 2023 18:00,"2,364",0,"2,364"
Tuesday,19 Dec 2023 19:00,"2,256",0,"2,256"
Tuesday,19 Dec 2023 20:00,"2,172",0,"2,172"
Tuesday,19 Dec 2023 21:00,"2,053",0,"2,053"
Tuesday,19 Dec 2023 22:00,"2,119",0,"2,119"
Tuesday,19 Dec 2023 23:00,"1,999",0,"2,513"
Wednesday,20 Dec 2023 0:00,"1,920",0,"1,920"
Wednesday,20 Dec 2023 1:00,"2,143",0,"2,143"
Wednesday,20 Dec 2023 2:00,"1,966",0,"1,966"
Wednesday,20 Dec 2023 3:00,"4,240",0,"1,885"
Wednesday,20 Dec 2023 4:00,"1,912",0,"1,912"
Wednesday,20 Dec 2023 5:00,"1,833",0,"1,833"
Wednesday,20 Dec 2023 6:00,"2,105",0,"2,105"
Wednesday,20 Dec 2023 7:00,"2,137",0,"2,137"
Wednesday,20 Dec 2023 8:00,"2,202",0,"2,202"
Wednesday,20 Dec 2023 9:00,"2,428",0,"2,428"
Wednesday,20 Dec 2023 10:00,"2,445",0,"2,445"
Wednesday,20 Dec 2023 11:00,"2,571",0,"2,571"
Wednesday,20 Dec 2023 12:00,"2,551",0,"2,551"
Wednesday,20 Dec 2023 13:00,"2,301",0,"2,301"
Wednesday,20 Dec 2023 14:00,"2,372",0,"2,372"
Wednesday,20 Dec 2023 15:00,"2,433",0,"2,433"
Wednesday,20 Dec 2023 16:00,"2,607",0,"2,607"
Wednesday,20 Dec 2023 17:00,"2,341",0,"2,341"
Wednesday,20 Dec 2023 18:00,"2,340",0,"2,340"
Wednesday,20 Dec 2023 19:00,"2,116",0,"2,116"
Wednesday,20 Dec 2023 20:00,"2,180",0,"2,180"
Wednesday,20 Dec 2023 21:00,"2,126",0,"2,126"
Wednesday,20 Dec 2023 22:00,"2,065",0,"2,065"
Wednesday,20 Dec 2023 23:00,"1,418",0,"1,914"
Thursday,21 Dec 2023 0:00,"2,059",0,"2,059"
Thursday,21 Dec 2023 1:00,"2,026",0,"2,026"
Thursday,21 Dec 2023 2:00,"1,902",0,"1,902"
Thursday,21 Dec 2023 3:00,"4,147",0,"1,914"
Thursday,21 Dec 2023 4:00,"1,875",0,"1,875"
Thursday,21 Dec 2023 5:00,"1,806",0,"1,806"
Thursday,21 Dec 2023 6:00,"1,967",0,"1,967"
Thursday,21 Dec 2023 7:00,"2,161",0,"2,161"
Thursday,21 Dec 2023 8:00,"2,192",0,"2,192"
Thursday,21 Dec 2023 9:00,"2,471",0,"2,471"
Thursday,21 Dec 2023 10:00,"2,393",0,"2,393"
Thursday,21 Dec 2023 11:00,"2,108",0,"2,108"
Thursday,21 Dec 2023 12:00,"2,850",0,"2,850"
Thursday,21 Dec 2023 13:00,"2,183",0,"2,183"
Thursday,21 Dec 2023 14:00,"2,121",0,"2,121"
Thursday,21 Dec 2023 15:00,"2,168",0,"2,168"
Thursday,21 Dec 2023 16:00,"2,146",0,"2,146"
Thursday,21 Dec 2023 17:00,"2,217",0,"2,217"
Thursday,21 Dec 2023 18:00,"2,178",0,"2,178"
Thursday,21 Dec 2023 19:00,"1,903",0,"1,903"
Thursday,21 Dec 2023 20:00,"1,888",0,"1,888"
Thursday,21 Dec 2023 21:00,"1,763",0,"1,763"
Thursday,21 Dec 2023 22:00,"1,936",0,"1,936"
Thursday,21 Dec 2023 23:00,"1,953",0,"2,442"
Friday,22 Dec 2023 0:00,"2,098",0,"2,098"
Friday,22 Dec 2023 1:00,"1,932",0,"1,932"
Friday,22 Dec 2023 2:00,"1,892",0,"1,892"
Friday,22 Dec 2023 3:00,"4,098",0,"1,823"
Friday,22 Dec 2023 4:00,"1,753",0,"1,753"
Friday,22 Dec 2023 5:00,"1,793",0,"1,793"
Friday,22 Dec 2023 6:00,"2,051",0,"2,051"
Friday,22 Dec 2023 7:00,"1,807",0,"1,807"
Friday,22 Dec 2023 8:00,"1,983",0,"1,983"
Friday,22 Dec 2023 9:00,"2,284",0,"2,284"
Friday,22 Dec 2023 10:00,"2,351",0,"2,351"
Friday,22 Dec 2023 11:00,"2,176",0,"2,176"
Friday,22 Dec 2023 12:00,"2,153",0,"2,153"
Friday,22 Dec 2023 13:00,"2,166",0,"2,166"
Friday,22 Dec 2023 14:00,"2,258",0,"2,258"
Friday,22 Dec 2023 15:00,"2,231",0,"2,231"
Friday,22 Dec 2023 16:00,"2,229",0,"2,229"
Friday,22 Dec 2023 17:00,"2,126",0,"2,126"
Friday,22 Dec 2023 18:00,"2,117",0,"2,117"
Friday,22 Dec 2023 19:00,"1,882",0,"1,882"
Friday,22 Dec 2023 20:00,"1,955",0,"1,955"
Friday,22 Dec 2023 21:00,"1,855",0,"1,855"
Friday,22 Dec 2023 22:00,"1,846",0,"1,846"
Friday,22 Dec 2023 23:00,"1,906",0,"2,373"
Saturday,23 Dec 2023 0:00,"1,818",0,"1,818"
Saturday,23 Dec 2023 1:00,"1,822",0,"1,822"
Saturday,23 Dec 2023 2:00,"1,834",0,"1,834"
Saturday,23 Dec 2023 3:00,"4,146",0,"1,791"
Saturday,23 Dec 2023 4:00,"1,924",0,"1,924"
Saturday,23 Dec 2023 5:00,"1,787",0,"1,787"
Saturday,23 Dec 2023 6:00,"1,822",0,"1,822"
Saturday,23 Dec 2023 7:00,"1,866",0,"1,866"
Saturday,23 Dec 2023 8:00,"2,122",0,"2,122"
Saturday,23 Dec 2023 9:00,"2,207",0,"2,207"
Saturday,23 Dec 2023 10:00,"2,261",0,"2,261"
Saturday,23 Dec 2023 11:00,"2,201",0,"2,201"
Saturday,23 Dec 2023 12:00,"1,965",0,"1,965"
Saturday,23 Dec 2023 13:00,"1,905",0,"1,905"
Saturday,23 Dec 2023 14:00,"2,001",0,"2,001"
Saturday,23 Dec 2023 15:00,"2,273",0,"2,273"
Saturday,23 Dec 2023 16:00,"2,463",0,"2,463"
Saturday,23 Dec 2023 17:00,"2,059",0,"2,059"
Saturday,23 Dec 2023 18:00,"1,982",0,"1,982"
Saturday,23 Dec 2023 19:00,"2,062",0,"2,062"
Saturday,23 Dec 2023 20:00,"1,858",0,"1,858"
Saturday,23 Dec 2023 21:00,"1,944",0,"1,944"
Saturday,23 Dec 2023 22:00,"1,898",0,"1,898"
Saturday,23 Dec 2023 23:00,"1,848",0,"2,304"
Sunday,24 Dec 2023 0:00,"1,880",0,"1,880"
Sunday,24 Dec 2023 1:00,"1,958",0,"1,958"
Sunday,24 Dec 2023 2:00,"1,787",0,"1,787"
Sunday,24 Dec 2023 3:00,"4,035",0,"1,710"
Sunday,24 Dec 2023 4:00,"1,644",0,"1,644"
Sunday,24 Dec 2023 5:00,"1,610",0,"1,610"
Sunday,24 Dec 2023 6:00,"1,753",0,"1,753"
Sunday,24 Dec 2023 7:00,"2,026",0,"2,026"
Sunday,24 Dec 2023 8:00,"2,323",0,"2,323"
Sunday,24 Dec 2023 9:00,"2,323",0,"2,323"
Sunday,24 Dec 2023 10:00,"2,175",0,"2,175"
Sunday,24 Dec 2023 11:00,"2,149",0,"2,149"
Sunday,24 Dec 2023 12:00,"1,992",0,"1,992"
Sunday,24 Dec 2023 13:00,"2,015",0,"2,015"
Sunday,24 Dec 2023 14:00,"2,066",0,"2,066"
Sunday,24 Dec 2023 15:00,"2,077",0,"2,077"
Sunday,24 Dec 2023 16:00,"2,258",0,"2,258"
Sunday,24 Dec 2023 17:00,"2,121",0,"2,121"
Sunday,24 Dec 2023 18:00,"2,070",0,"2,070"
Sunday,24 Dec 2023 19:00,"2,038",0,"2,038"
Sunday,24 Dec 2023 20:00,"2,159",0,"2,159"
Sunday,24 Dec 2023 21:00,"2,117",0,"2,117"
Sunday,24 Dec 2023 22:00,"2,062",0,"2,062"
Sunday,24 Dec 2023 23:00,"2,124",0,"2,697"
Monday,25 Dec 2023 0:00,"2,293",0,"2,293"
Monday,25 Dec 2023 1:00,"2,399",0,"2,399"
Monday,25 Dec 2023 2:00,"2,194",0,"2,194"
Monday,25 Dec 2023 3:00,"4,747",0,"2,044"
Monday,25 Dec 2023 4:00,"2,062",0,"2,062"
Monday,25 Dec 2023 5:00,"1,951",0,"1,951"
Monday,25 Dec 2023 6:00,"2,156",0,"2,156"
Monday,25 Dec 2023 7:00,"2,219",0,"2,219"
Monday,25 Dec 2023 8:00,"2,487",0,"2,487"
Monday,25 Dec 2023 9:00,"2,417",0,"2,417"
Monday,25 Dec 2023 10:00,"2,450",0,"2,450"
Monday,25 Dec 2023 11:00,"2,334",0,"2,334"
Monday,25 Dec 2023 12:00,"2,290",0,"2,290"
Monday,25 Dec 2023 13:00,"2,293",0,"2,293"
Monday,25 Dec 2023 14:00,"2,252",0,"2,252"
Monday,25 Dec 2023 15:00,"2,401",0,"2,401"
Monday,25 Dec 2023 16:00,"2,519",0,"2,519"
Monday,25 Dec 2023 17:00,"2,380",0,"2,380"
Monday,25 Dec 2023 18:00,"2,197",0,"2,197"
Monday,25 Dec 2023 19:00,"2,242",0,"2,242"
Monday,25 Dec 2023 20:00,"2,137",0,"2,137"
Monday,25 Dec 2023 21:00,"2,070",0,"2,070"
Monday,25 Dec 2023 22:00,"2,092",0,"2,092"
Monday,25 Dec 2023 23:00,"2,136",0,"2,704"
Tuesday,26 Dec 2023 0:00,"1,987",0,"1,987"
Tuesday,26 Dec 2023 1:00,"2,000",0,"2,000"
Tuesday,26 Dec 2023 2:00,"2,183",0,"2,183"
Tuesday,26 Dec 2023 3:00,"4,372",0,"2,017"
Tuesday,26 Dec 2023 4:00,"2,161",0,"2,161"
Tuesday,26 Dec 2023 5:00,"2,122",0,"2,122"
Tuesday,26 Dec 2023 6:00,"2,206",0,"2,206"
Tuesday,26 Dec 2023 7:00,"2,333",0,"2,333"
Tuesday,26 Dec 2023 8:00,"2,466",0,"2,466"
Tuesday,26 Dec 2023 9:00,"2,517",0,"2,517"
Tuesday,26 Dec 2023 10:00,"2,570",0,"2,570"
Tuesday,26 Dec 2023 11:00,"2,462",0,"2,462"
Tuesday,26 Dec 2023 12:00,"2,512",0,"2,512"
Tuesday,26 Dec 2023 13:00,"2,461",0,"2,461"
Tuesday,26 Dec 2023 14:00,"2,581",0,"2,581"
Tuesday,26 Dec 2023 15:00,"2,598",0,"2,598"
Tuesday,26 Dec 2023 16:00,"2,722",0,"2,722"
Tuesday,26 Dec 2023 17:00,"2,445",0,"2,445"
Tuesday,26 Dec 2023 18:00,"2,418",0,"2,418"
Tuesday,26 Dec 2023 19:00,"2,241",0,"2,241"
Tuesday,26 Dec 2023 20:00,"2,177",0,"2,177"
Tuesday,26 Dec 2023 21:00,"2,105",0,"2,105"
Tuesday,26 Dec 2023 22:00,"2,009",0,"2,009"
Tuesday,26 Dec 2023 23:00,"2,034",0,"2,524"
Wednesday,27 Dec 2023 0:00,"2,091",0,"2,091"
Wednesday,27 Dec 2023 1:00,"2,148",0,"2,148"
Wednesday,27 Dec 2023 2:00,"2,484",0,"2,484"
Wednesday,27 Dec 2023 3:00,"4,845",0,"2,211"
Wednesday,27 Dec 2023 4:00,"2,043",0,"2,043"
Wednesday,27 Dec 2023 5:00,"2,101",0,"2,101"
Wednesday,27 Dec 2023 6:00,"2,532",0,"2,532"
Wednesday,27 Dec 2023 7:00,"2,428",0,"2,428"
Wednesday,27 Dec 2023 8:00,"2,693",0,"2,693"
Wednesday,27 Dec 2023 9:00,"2,692",0,"2,692"
Wednesday,27 Dec 2023 10:00,"2,550",0,"2,550"
Wednesday,27 Dec 2023 11:00,"2,610",0,"2,610"
Wednesday,27 Dec 2023 12:00,"2,579",0,"2,579"
Wednesday,27 Dec 2023 13:00,"2,562",0,"2,562"
Wednesday,27 Dec 2023 14:00,"2,494",0,"2,494"
Wednesday,27 Dec 2023 15:00,"2,622",0,"2,622"
Wednesday,27 Dec 2023 16:00,"2,687",0,"2,687"
Wednesday,27 Dec 2023 17:00,"2,527",0,"2,527"
Wednesday,27 Dec 2023 18:00,"2,310",0,"2,310"
Wednesday,27 Dec 2023 19:00,"2,335",0,"2,335"
Wednesday,27 Dec 2023 20:00,"2,182",0,"2,182"
Wednesday,27 Dec 2023 21:00,"2,154",0,"2,154"
Wednesday,27 Dec 2023 22:00,"2,312",0,"2,312"
Wednesday,27 Dec 2023 23:00,"2,281",0,"2,881"
Thursday,28 Dec 2023 0:00,"2,244",0,"2,244"
Thursday,28 Dec 2023 1:00,"2,081",0,"2,081"
Thursday,28 Dec 2023 2:00,"2,096",0,"2,096"
Thursday,28 Dec 2023 3:00,"4,969",0,"2,091"
Thursday,28 Dec 2023 4:00,"2,314",0,"2,314"
Thursday,28 Dec 2023 5:00,"2,216",0,"2,216"
Thursday,28 Dec 2023 6:00,"2,308",0,"2,308"
Thursday,28 Dec 2023 7:00,"2,336",0,"2,336"
Thursday,28 Dec 2023 8:00,"2,564",0,"2,564"
Thursday,28 Dec 2023 9:00,"2,563",0,"2,563"
Thursday,28 Dec 2023 10:00,"2,697",0,"2,697"
Thursday,28 Dec 2023 11:00,"2,510",0,"2,510"
Thursday,28 Dec 2023 12:00,"2,444",0,"2,444"
Thursday,28 Dec 2023 13:00,"2,409",0,"2,409"
Thursday,28 Dec 2023 14:00,"2,366",0,"2,366"
Thursday,28 Dec 2023 15:00,"2,410",0,"2,410"
Thursday,28 Dec 2023 16:00,"2,524",0,"2,524"
Thursday,28 Dec 2023 17:00,"2,482",0,"2,482"
Thursday,28 Dec 2023 18:00,"2,378",0,"2,378"
Thursday,28 Dec 2023 19:00,"2,160",0,"2,160"
Thursday,28 Dec 2023 20:00,"2,232",0,"2,232"
Thursday,28 Dec 2023 21:00,"2,237",0,"2,237"
Thursday,28 Dec 2023 22:00,"2,267",0,"2,267"
Thursday,28 Dec 2023 23:00,"2,126",0,"2,677"
Friday,29 Dec 2023 0:00,"2,241",0,"2,241"
Friday,29 Dec 2023 1:00,"2,513",0,"2,513"
Friday,29 Dec 2023 2:00,"2,512",0,"2,512"
Friday,29 Dec 2023 3:00,"5,031",0,"2,287"
Friday,29 Dec 2023 4:00,"2,065",0,"2,065"
Friday,29 Dec 2023 5:00,"2,095",0,"2,095"
Friday,29 Dec 2023 6:00,"2,328",0,"2,328"
Friday,29 Dec 2023 7:00,"2,389",0,"2,389"
Friday,29 Dec 2023 8:00,"2,618",0,"2,618"
Friday,29 Dec 2023 9:00,"2,640",0,"2,640"
Friday,29 Dec 2023 10:00,"2,510",0,"2,510"
Friday,29 Dec 2023 11:00,"2,342",0,"2,342"
Friday,29 Dec 2023 12:00,"2,438",0,"2,438"
Friday,29 Dec 2023 13:00,"2,309",0,"2,309"
Friday,29 Dec 2023 14:00,"2,326",0,"2,326"
Friday,29 Dec 2023 15:00,"2,516",0,"2,516"
Friday,29 Dec 2023 16:00,"2,469",0,"2,469"
Friday,29 Dec 2023 17:00,"2,455",0,"2,455"
Friday,29 Dec 2023 18:00,"2,419",0,"2,419"
Friday,29 Dec 2023 19:00,"2,893",0,"2,893"
Friday,29 Dec 2023 20:00,"3,398",0,"3,398"
Friday,29 Dec 2023 21:00,"2,199",0,"2,199"
Friday,29 Dec 2023 22:00,"2,158",0,"2,158"
Friday,29 Dec 2023 23:00,532.98,0,532.98
Wednesday,03 Jan 2024 10:00,"1,177",0,498.76
Wednesday,03 Jan 2024 11:00,338.32,0,338.32
Wednesday,03 Jan 2024 12:00,321.23,0,321.23
Wednesday,03 Jan 2024 13:00,315.01,0,315.01
Wednesday,03 Jan 2024 14:00,328.05,0,328.05
Wednesday,03 Jan 2024 15:00,324.85,0,324.85
Wednesday,03 Jan 2024 16:00,319.85,0,319.85
Wednesday,03 Jan 2024 17:00,330.62,0,330.62
Wednesday,03 Jan 2024 18:00,325.25,0,325.25
Wednesday,03 Jan 2024 19:00,322.45,0,322.45
Wednesday,03 Jan 2024 20:00,"2,165",0,"2,165"
Wednesday,03 Jan 2024 21:00,"2,587",0,"2,587"
Wednesday,03 Jan 2024 22:00,"2,224",0,"2,224"
Wednesday,03 Jan 2024 23:00,"2,461",0,"3,095"
Thursday,04 Jan 2024 0:00,"2,273",0,"2,273"
Thursday,04 Jan 2024 1:00,"2,330",0,"2,330"
Thursday,04 Jan 2024 2:00,"2,396",0,"2,396"
Thursday,04 Jan 2024 3:00,"5,050",0,"2,271"
Thursday,04 Jan 2024 4:00,"2,230",0,"2,230"
Thursday,04 Jan 2024 5:00,"2,108",0,"2,108"
Thursday,04 Jan 2024 6:00,"2,227",0,"2,227"
Thursday,04 Jan 2024 7:00,"2,409",0,"2,409"
Thursday,04 Jan 2024 8:00,"2,628",0,"2,628"
Thursday,04 Jan 2024 9:00,"2,784",0,"2,784"
Thursday,04 Jan 2024 10:00,"1,492",0,"1,492"
Thursday,04 Jan 2024 11:00,340.07,0,340.07
Thursday,04 Jan 2024 12:00,319.58,0,319.58
Thursday,04 Jan 2024 13:00,325.77,0,325.77
Thursday,04 Jan 2024 14:00,322.18,0,322.18
Thursday,04 Jan 2024 15:00,318.43,0,318.43
Thursday,04 Jan 2024 16:00,324.43,0,324.43
Thursday,04 Jan 2024 17:00,326.97,0,326.97
Thursday,04 Jan 2024 18:00,318.3,0,318.3
Thursday,04 Jan 2024 19:00,326.19,0,326.19
Thursday,04 Jan 2024 20:00,326.88,0,326.88
Thursday,04 Jan 2024 21:00,316.46,0,316.46
Thursday,04 Jan 2024 22:00,316.17,0,316.17
Thursday,04 Jan 2024 23:00,326.99,0,408.86
Friday,05 Jan 2024 0:00,327.68,0,327.68
Friday,05 Jan 2024 1:00,322.26,0,322.26
Friday,05 Jan 2024 2:00,325.36,0,325.36
Friday,05 Jan 2024 3:00,736.02,0,327.91
Friday,05 Jan 2024 4:00,321.8,0,321.8
Friday,05 Jan 2024 5:00,325.84,0,325.84
Friday,05 Jan 2024 6:00,324.52,0,324.52
Friday,05 Jan 2024 7:00,322.38,0,322.38
Friday,05 Jan 2024 8:00,325.3,0,325.3
Friday,05 Jan 2024 9:00,341.75,0,341.75
Friday,05 Jan 2024 10:00,327.32,0,327.32
Friday,05 Jan 2024 11:00,326.59,0,326.59
Friday,05 Jan 2024 12:00,328.57,0,328.57
Friday,05 Jan 2024 13:00,319.66,0,319.66
Friday,05 Jan 2024 14:00,323.08,0,323.08
Friday,05 Jan 2024 15:00,323.31,0,323.31
Friday,05 Jan 2024 16:00,329.5,0,329.5
Friday,05 Jan 2024 17:00,324.53,0,324.53
Friday,05 Jan 2024 18:00,317.91,0,317.91
Friday,05 Jan 2024 19:00,326.48,0,326.48
Friday,05 Jan 2024 20:00,320.79,0,320.79
Friday,05 Jan 2024 21:00,320.31,0,320.31
Friday,05 Jan 2024 22:00,318.43,0,318.43
Friday,05 Jan 2024 23:00,332.04,0,415.46
Saturday,06 Jan 2024 0:00,328.77,0,328.77
Saturday,06 Jan 2024 1:00,327.43,0,327.43
Saturday,06 Jan 2024 2:00,319.16,0,319.16
Saturday,06 Jan 2024 3:00,727.42,0,324.98
Saturday,06 Jan 2024 4:00,320.18,0,320.18
Saturday,06 Jan 2024 5:00,326.22,0,326.22
Saturday,06 Jan 2024 6:00,326.8,0,326.8
Saturday,06 Jan 2024 7:00,324.55,0,324.55
Saturday,06 Jan 2024 8:00,323.11,0,323.11
Saturday,06 Jan 2024 9:00,325.78,0,325.78
Saturday,06 Jan 2024 10:00,326.71,0,326.71
Saturday,06 Jan 2024 11:00,329.91,0,329.91
Saturday,06 Jan 2024 12:00,327.58,0,327.58
Saturday,06 Jan 2024 13:00,325.32,0,325.32
Saturday,06 Jan 2024 14:00,324.18,0,324.18
Saturday,06 Jan 2024 15:00,322.57,0,322.57
Saturday,06 Jan 2024 16:00,319.26,0,319.26
Saturday,06 Jan 2024 17:00,329.05,0,329.05
Saturday,06 Jan 2024 18:00,325.12,0,325.12
Saturday,06 Jan 2024 19:00,324.87,0,324.87
Saturday,06 Jan 2024 20:00,323.56,0,323.56
Saturday,06 Jan 2024 21:00,325.32,0,325.32
Saturday,06 Jan 2024 22:00,321.67,0,321.67
Saturday,06 Jan 2024 23:00,328.14,0,411.65
Sunday,07 Jan 2024 0:00,327.05,0,327.05
Sunday,07 Jan 2024 1:00,330.87,0,330.87
Sunday,07 Jan 2024 2:00,326.14,0,326.14
Sunday,07 Jan 2024 3:00,745.69,0,330.61
Sunday,07 Jan 2024 4:00,992.26,0,992.26
Sunday,07 Jan 2024 5:00,"2,189",0,"2,189"
Sunday,07 Jan 2024 6:00,837.22,0,837.22
Sunday,07 Jan 2024 7:00,315.5,0,315.5
Sunday,07 Jan 2024 8:00,314.36,0,314.36
Sunday,07 Jan 2024 9:00,327.9,0,327.9
Sunday,07 Jan 2024 10:00,331.76,0,331.76
Sunday,07 Jan 2024 11:00,326.37,0,326.37
Sunday,07 Jan 2024 12:00,320.29,0,320.29
Sunday,07 Jan 2024 13:00,315.33,0,315.33
Sunday,07 Jan 2024 14:00,318.28,0,318.28
Sunday,07 Jan 2024 15:00,314.1,0,314.1
Sunday,07 Jan 2024 16:00,312.91,0,312.91
Sunday,07 Jan 2024 17:00,315.97,0,315.97
Sunday,07 Jan 2024 18:00,308.41,0,308.41
Sunday,07 Jan 2024 19:00,309.06,0,309.06
Sunday,07 Jan 2024 20:00,316.26,0,316.26
Sunday,07 Jan 2024 21:00,313.03,0,313.03
Sunday,07 Jan 2024 22:00,314.17,0,314.17
Sunday,07 Jan 2024 23:00,315.35,0,394.86
Monday,08 Jan 2024 0:00,311.52,0,311.52
Monday,08 Jan 2024 1:00,322.75,0,322.75
Monday,08 Jan 2024 2:00,316.99,0,316.99
Monday,08 Jan 2024 3:00,707.06,0,317.86
Monday,08 Jan 2024 4:00,316.28,0,316.28
Monday,08 Jan 2024 5:00,318.06,0,318.06
Monday,08 Jan 2024 6:00,"1,013",0,"1,013"
Monday,08 Jan 2024 7:00,"3,904",0,"3,904"
Monday,08 Jan 2024 8:00,"4,179",0,"4,179"
Monday,08 Jan 2024 9:00,"4,436",0,"4,436"
Monday,08 Jan 2024 10:00,"4,463",0,"4,463"
Monday,08 Jan 2024 11:00,"4,058",0,"4,058"
Monday,08 Jan 2024 12:00,"3,287",0,"3,287"
Monday,08 Jan 2024 13:00,"3,150",0,"3,150"
Monday,08 Jan 2024 14:00,"3,104",0,"3,104"
Monday,08 Jan 2024 15:00,"3,322",0,"3,322"
Monday,08 Jan 2024 16:00,"3,109",0,"3,109"
Monday,08 Jan 2024 17:00,"3,153",0,"3,153"
Monday,08 Jan 2024 18:00,"2,940",0,"2,940"
Monday,08 Jan 2024 19:00,"2,870",0,"2,870"
Monday,08 Jan 2024 20:00,"2,820",0,"2,820"
Monday,08 Jan 2024 21:00,"2,764",0,"2,764"
Monday,08 Jan 2024 22:00,"2,711",0,"2,711"
Monday,08 Jan 2024 23:00,"2,719",0,"3,404"
Tuesday,09 Jan 2024 0:00,"2,669",0,"2,669"
Tuesday,09 Jan 2024 1:00,"2,818",0,"2,818"
Tuesday,09 Jan 2024 2:00,"2,674",0,"2,674"
Tuesday,09 Jan 2024 3:00,"5,883",0,"2,595"
Tuesday,09 Jan 2024 4:00,"2,566",0,"2,566"
Tuesday,09 Jan 2024 5:00,"2,782",0,"2,782"
Tuesday,09 Jan 2024 6:00,"2,906",0,"2,906"
Tuesday,09 Jan 2024 7:00,"3,009",0,"3,009"
Tuesday,09 Jan 2024 8:00,"3,129",0,"3,129"
Tuesday,09 Jan 2024 9:00,"3,378",0,"3,378"
Tuesday,09 Jan 2024 10:00,"3,295",0,"3,295"
Tuesday,09 Jan 2024 11:00,"2,540",0,"2,540"
Tuesday,09 Jan 2024 12:00,"3,247",0,"3,247"
Tuesday,09 Jan 2024 13:00,"3,008",0,"3,008"
Tuesday,09 Jan 2024 14:00,"3,302",0,"3,302"
Tuesday,09 Jan 2024 15:00,"3,280",0,"3,280"
Tuesday,09 Jan 2024 16:00,"3,392",0,"3,392"
Tuesday,09 Jan 2024 17:00,"3,225",0,"3,225"
Tuesday,09 Jan 2024 18:00,"2,992",0,"2,992"
Tuesday,09 Jan 2024 19:00,"2,795",0,"2,795"
Tuesday,09 Jan 2024 20:00,"2,819",0,"2,819"
Tuesday,09 Jan 2024 21:00,"3,002",0,"3,002"
Tuesday,09 Jan 2024 22:00,"2,786",0,"2,786"
Tuesday,09 Jan 2024 23:00,"2,665",0,"3,299"
Wednesday,10 Jan 2024 0:00,"2,736",0,"2,736"
Wednesday,10 Jan 2024 1:00,"2,811",0,"2,811"
Wednesday,10 Jan 2024 2:00,"2,898",0,"2,898"
Wednesday,10 Jan 2024 3:00,"5,990",0,"2,857"
Wednesday,10 Jan 2024 4:00,"2,850",0,"2,850"
Wednesday,10 Jan 2024 5:00,"2,789",0,"2,789"
Wednesday,10 Jan 2024 6:00,"3,041",0,"3,041"
Wednesday,10 Jan 2024 7:00,"3,246",0,"3,246"
Wednesday,10 Jan 2024 8:00,"3,542",0,"3,542"
Wednesday,10 Jan 2024 9:00,"3,567",0,"3,567"
Wednesday,10 Jan 2024 10:00,"3,375",0,"3,375"
Wednesday,10 Jan 2024 11:00,"3,213",0,"3,213"
Wednesday,10 Jan 2024 12:00,"3,346",0,"3,346"
Wednesday,10 Jan 2024 13:00,"3,402",0,"3,402"
Wednesday,10 Jan 2024 14:00,"3,402",0,"3,402"
Wednesday,10 Jan 2024 15:00,"2,392",0,"2,392"
Wednesday,10 Jan 2024 16:00,"3,026",0,"3,026"
Wednesday,10 Jan 2024 17:00,"2,781",0,"2,781"
Wednesday,10 Jan 2024 18:00,"2,543",0,"2,543"
Wednesday,10 Jan 2024 19:00,"2,423",0,"2,423"
Wednesday,10 Jan 2024 20:00,"2,392",0,"2,392"
Wednesday,10 Jan 2024 21:00,"2,393",0,"2,393"
Wednesday,10 Jan 2024 22:00,"2,434",0,"2,434"
Wednesday,10 Jan 2024 23:00,"2,418",0,"3,053"
Thursday,11 Jan 2024 0:00,"2,716",0,"2,716"
Thursday,11 Jan 2024 1:00,"2,676",0,"2,676"
Thursday,11 Jan 2024 2:00,"2,389",0,"2,389"
Thursday,11 Jan 2024 3:00,"5,264",0,"2,351"
Thursday,11 Jan 2024 4:00,"2,279",0,"2,279"
Thursday,11 Jan 2024 5:00,"2,291",0,"2,291"
Thursday,11 Jan 2024 6:00,"2,500",0,"2,500"
Thursday,11 Jan 2024 7:00,"2,470",0,"2,470"
Thursday,11 Jan 2024 8:00,"1,039",0,"1,039"
Thursday,11 Jan 2024 9:00,"2,921",0,"2,921"
Thursday,11 Jan 2024 10:00,"3,035",0,"3,035"
Thursday,11 Jan 2024 11:00,"2,857",0,"2,857"
Thursday,11 Jan 2024 12:00,"2,805",0,"2,805"
Thursday,11 Jan 2024 13:00,"2,397",0,"2,397"
Thursday,11 Jan 2024 14:00,"2,407",0,"2,407"
Thursday,11 Jan 2024 15:00,"3,072",0,"3,072"
Thursday,11 Jan 2024 16:00,"3,090",0,"3,090"
Thursday,11 Jan 2024 17:00,"2,891",0,"2,891"
Thursday,11 Jan 2024 18:00,"2,777",0,"2,777"
Thursday,11 Jan 2024 19:00,"2,575",0,"2,575"
Thursday,11 Jan 2024 20:00,"2,575",0,"2,575"
Thursday,11 Jan 2024 21:00,"2,492",0,"2,492"
Thursday,11 Jan 2024 22:00,"2,505",0,"2,505"
Thursday,11 Jan 2024 23:00,"2,455",0,"3,101"
Friday,12 Jan 2024 0:00,"2,589",0,"2,589"
Friday,12 Jan 2024 1:00,"2,617",0,"2,617"
Friday,12 Jan 2024 2:00,"2,590",0,"2,590"
Friday,12 Jan 2024 3:00,"5,242",0,"2,433"
Friday,12 Jan 2024 4:00,"2,344",0,"2,344"
Friday,12 Jan 2024 5:00,"2,335",0,"2,335"
Friday,12 Jan 2024 6:00,"2,628",0,"2,628"
Friday,12 Jan 2024 7:00,"2,714",0,"2,714"
Friday,12 Jan 2024 8:00,"2,965",0,"2,965"
Friday,12 Jan 2024 9:00,"3,036",0,"3,036"
Friday,12 Jan 2024 10:00,"3,040",0,"3,040"
Friday,12 Jan 2024 11:00,"3,184",0,"3,184"
Friday,12 Jan 2024 12:00,"3,130",0,"3,130"
Friday,12 Jan 2024 13:00,"3,113",0,"3,113"
Friday,12 Jan 2024 14:00,"3,010",0,"3,010"
Friday,12 Jan 2024 15:00,"3,133",0,"3,133"
Friday,12 Jan 2024 16:00,"4,154",0,"4,154"
Friday,12 Jan 2024 17:00,"2,953",0,"2,953"
Friday,12 Jan 2024 18:00,"2,905",0,"2,905"
Friday,12 Jan 2024 19:00,"3,056",0,"3,056"
Friday,12 Jan 2024 20:00,"3,262",0,"3,262"
Friday,12 Jan 2024 21:00,"2,968",0,"2,968"
Friday,12 Jan 2024 22:00,"2,905",0,"2,905"
Friday,12 Jan 2024 23:00,"2,869",0,"3,621"
Saturday,13 Jan 2024 0:00,"2,821",0,"2,821"
Saturday,13 Jan 2024 1:00,"2,840",0,"2,840"
Saturday,13 Jan 2024 2:00,"2,711",0,"2,711"
Saturday,13 Jan 2024 3:00,"6,364",0,"2,861"
Saturday,13 Jan 2024 4:00,"2,915",0,"2,915"
Saturday,13 Jan 2024 5:00,"2,843",0,"2,843"
Saturday,13 Jan 2024 6:00,"2,850",0,"2,850"
Saturday,13 Jan 2024 7:00,"2,939",0,"2,939"
Saturday,13 Jan 2024 8:00,"3,568",0,"3,568"
Saturday,13 Jan 2024 9:00,"3,418",0,"3,418"
Saturday,13 Jan 2024 10:00,"3,087",0,"3,087"
Saturday,13 Jan 2024 11:00,"3,025",0,"3,025"
Saturday,13 Jan 2024 12:00,"3,126",0,"3,126"
Saturday,13 Jan 2024 13:00,"3,083",0,"3,083"
Saturday,13 Jan 2024 14:00,"3,409",0,"3,409"
Saturday,13 Jan 2024 15:00,"3,082",0,"3,082"
Saturday,13 Jan 2024 16:00,"2,918",0,"2,918"
Saturday,13 Jan 2024 17:00,"3,037",0,"3,037"
Saturday,13 Jan 2024 18:00,"2,881",0,"2,881"
Saturday,13 Jan 2024 19:00,"2,853",0,"2,853"
Saturday,13 Jan 2024 20:00,"2,879",0,"2,879"
Saturday,13 Jan 2024 21:00,"2,805",0,"2,805"
Saturday,13 Jan 2024 22:00,"2,892",0,"2,892"
Saturday,13 Jan 2024 23:00,"2,851",0,"3,524"
Sunday,14 Jan 2024 0:00,"2,801",0,"2,801"
Sunday,14 Jan 2024 1:00,"2,853",0,"2,853"
Sunday,14 Jan 2024 2:00,"2,826",0,"2,826"
Sunday,14 Jan 2024 3:00,"5,753",0,"2,565"
Sunday,14 Jan 2024 4:00,"2,611",0,"2,611"
Sunday,14 Jan 2024 5:00,"2,649",0,"2,649"
Sunday,14 Jan 2024 6:00,"2,600",0,"2,600"
Sunday,14 Jan 2024 7:00,"2,691",0,"2,691"
Sunday,14 Jan 2024 8:00,"2,991",0,"2,991"
Sunday,14 Jan 2024 9:00,"3,033",0,"3,033"
Sunday,14 Jan 2024 10:00,"3,038",0,"3,038"
Sunday,14 Jan 2024 11:00,"3,132",0,"3,132"
Sunday,14 Jan 2024 12:00,"3,775",0,"3,775"
Sunday,14 Jan 2024 13:00,"1,060",0,"1,060"
Sunday,14 Jan 2024 14:00,322.61,0,322.61
Sunday,14 Jan 2024 15:00,320.77,0,320.77
Sunday,14 Jan 2024 16:00,330.99,0,330.99
Sunday,14 Jan 2024 17:00,322.45,0,322.45
Sunday,14 Jan 2024 18:00,320.21,0,320.21
Sunday,14 Jan 2024 19:00,320.18,0,320.18
Sunday,14 Jan 2024 20:00,320.06,0,320.06
Sunday,14 Jan 2024 21:00,327.93,0,327.93
Sunday,14 Jan 2024 22:00,327.08,0,327.08
Sunday,14 Jan 2024 23:00,322.46,0,401.96
Monday,15 Jan 2024 0:00,322,0,322
Monday,15 Jan 2024 1:00,320.09,0,320.09
Monday,15 Jan 2024 2:00,321.87,0,321.87
Monday,15 Jan 2024 3:00,742.66,0,328.83
Monday,15 Jan 2024 4:00,327.08,0,327.08
Monday,15 Jan 2024 5:00,324.1,0,324.1
Monday,15 Jan 2024 6:00,326.69,0,326.69
Monday,15 Jan 2024 7:00,320.58,0,320.58
Monday,15 Jan 2024 8:00,322.48,0,322.48
Monday,15 Jan 2024 9:00,327.19,0,327.19
Monday,15 Jan 2024 10:00,319.03,0,319.03
Monday,15 Jan 2024 11:00,319.97,0,319.97
Monday,15 Jan 2024 12:00,322.44,0,322.44
Monday,15 Jan 2024 13:00,326.78,0,326.78
Monday,15 Jan 2024 14:00,324.03,0,324.03
Monday,15 Jan 2024 15:00,332.25,0,332.25
Monday,15 Jan 2024 16:00,326.07,0,326.07
Monday,15 Jan 2024 17:00,323.48,0,323.48
Monday,15 Jan 2024 18:00,316.46,0,316.46
Monday,15 Jan 2024 19:00,317.73,0,317.73
Monday,15 Jan 2024 20:00,318.07,0,318.07
Monday,15 Jan 2024 21:00,325.47,0,325.47
Monday,15 Jan 2024 22:00,322.36,0,322.36
Monday,15 Jan 2024 23:00,324.02,0,404.55
Tuesday,16 Jan 2024 0:00,332.48,0,332.48
Tuesday,16 Jan 2024 1:00,329.62,0,329.62
Tuesday,16 Jan 2024 2:00,327.75,0,327.75
Tuesday,16 Jan 2024 3:00,738.81,0,325.05
Tuesday,16 Jan 2024 4:00,328.88,0,328.88
Tuesday,16 Jan 2024 5:00,320.38,0,320.38
Tuesday,16 Jan 2024 6:00,318.59,0,318.59
Tuesday,16 Jan 2024 7:00,317.23,0,317.23
Tuesday,16 Jan 2024 8:00,352.66,0,352.66
Tuesday,16 Jan 2024 9:00,331.4,0,331.4
Tuesday,16 Jan 2024 10:00,321.25,0,321.25
Tuesday,16 Jan 2024 11:00,322.19,0,322.19
Tuesday,16 Jan 2024 12:00,316.1,0,316.1
Tuesday,16 Jan 2024 13:00,319.95,0,319.95
Tuesday,16 Jan 2024 14:00,321.96,0,321.96
Tuesday,16 Jan 2024 15:00,321.53,0,321.53
Tuesday,16 Jan 2024 16:00,321.43,0,321.43
Tuesday,16 Jan 2024 17:00,320.94,0,320.94
Tuesday,16 Jan 2024 18:00,324.34,0,324.34
Tuesday,16 Jan 2024 19:00,318.49,0,318.49
Tuesday,16 Jan 2024 20:00,320.38,0,320.38
Tuesday,16 Jan 2024 21:00,312.99,0,312.99
Tuesday,16 Jan 2024 22:00,324.51,0,324.51
Tuesday,16 Jan 2024 23:00,324.9,0,404.59
Wednesday,17 Jan 2024 0:00,323.12,0,323.12
Wednesday,17 Jan 2024 1:00,327.94,0,327.94
Wednesday,17 Jan 2024 2:00,327.18,0,327.18
Wednesday,17 Jan 2024 3:00,722.31,0,323.41
Wednesday,17 Jan 2024 4:00,324.65,0,324.65
Wednesday,17 Jan 2024 5:00,320.75,0,320.75
Wednesday,17 Jan 2024 6:00,326.04,0,326.04
Wednesday,17 Jan 2024 7:00,"3,021",0,"3,021"
Wednesday,17 Jan 2024 8:00,"3,705",0,"3,705"
Wednesday,17 Jan 2024 9:00,"3,564",0,"3,564"
Wednesday,17 Jan 2024 10:00,"3,585",0,"3,585"
Wednesday,17 Jan 2024 11:00,"3,535",0,"3,535"
Wednesday,17 Jan 2024 12:00,"3,531",0,"3,531"
Wednesday,17 Jan 2024 13:00,"3,290",0,"3,290"
Wednesday,17 Jan 2024 14:00,"3,191",0,"3,191"
Wednesday,17 Jan 2024 15:00,"3,255",0,"3,255"
Wednesday,17 Jan 2024 16:00,"3,383",0,"3,383"
Wednesday,17 Jan 2024 17:00,"3,352",0,"3,352"
Wednesday,17 Jan 2024 18:00,"3,152",0,"3,152"
Wednesday,17 Jan 2024 19:00,"3,005",0,"3,005"
Wednesday,17 Jan 2024 20:00,"2,985",0,"2,985"
Wednesday,17 Jan 2024 21:00,"2,997",0,"2,997"
Wednesday,17 Jan 2024 22:00,"2,934",0,"2,934"
Wednesday,17 Jan 2024 23:00,"2,880",0,"3,611"
Thursday,18 Jan 2024 0:00,"2,995",0,"2,995"
Thursday,18 Jan 2024 1:00,"3,010",0,"3,010"
Thursday,18 Jan 2024 2:00,"2,863",0,"2,863"
Thursday,18 Jan 2024 3:00,"6,757",0,"2,939"
Thursday,18 Jan 2024 4:00,"3,053",0,"3,053"
Thursday,18 Jan 2024 5:00,"2,900",0,"2,900"
Thursday,18 Jan 2024 6:00,"2,964",0,"2,964"
Thursday,18 Jan 2024 7:00,719.03,0,719.03
Thursday,18 Jan 2024 8:00,380.94,0,380.94
Thursday,18 Jan 2024 9:00,337.46,0,337.46
Thursday,18 Jan 2024 10:00,327.43,0,327.43
Thursday,18 Jan 2024 11:00,325.86,0,325.86
Thursday,18 Jan 2024 12:00,322.35,0,322.35
Thursday,18 Jan 2024 13:00,316.26,0,316.26
Thursday,18 Jan 2024 14:00,320.94,0,320.94
Thursday,18 Jan 2024 15:00,329.16,0,329.16
Thursday,18 Jan 2024 16:00,323.19,0,323.19
Thursday,18 Jan 2024 17:00,331.61,0,331.61
Thursday,18 Jan 2024 18:00,325.28,0,325.28
Thursday,18 Jan 2024 19:00,322.69,0,322.69
Thursday,18 Jan 2024 20:00,323.82,0,323.82
Thursday,18 Jan 2024 21:00,325.42,0,325.42
Thursday,18 Jan 2024 22:00,323.44,0,323.44
Thursday,18 Jan 2024 23:00,327.68,0,410.99
Friday,19 Jan 2024 0:00,329.77,0,329.77
Friday,19 Jan 2024 1:00,325.69,0,325.69
Friday,19 Jan 2024 2:00,326.49,0,326.49
Friday,19 Jan 2024 3:00,725.18,0,324.59
Friday,19 Jan 2024 4:00,321.45,0,321.45
Friday,19 Jan 2024 5:00,326.45,0,326.45
Friday,19 Jan 2024 6:00,320.39,0,320.39
Friday,19 Jan 2024 7:00,316.93,0,316.93
Friday,19 Jan 2024 8:00,315.95,0,315.95
Friday,19 Jan 2024 9:00,332.88,0,332.88
Friday,19 Jan 2024 10:00,337.17,0,337.17
Friday,19 Jan 2024 11:00,329.01,0,329.01
Friday,19 Jan 2024 12:00,321.83,0,321.83
Friday,19 Jan 2024 13:00,319.92,0,319.92
Friday,19 Jan 2024 14:00,321.8,0,321.8
Friday,19 Jan 2024 15:00,328.89,0,328.89
Friday,19 Jan 2024 16:00,330.04,0,330.04
Friday,19 Jan 2024 17:00,329.63,0,329.63
Friday,19 Jan 2024 18:00,328.34,0,328.34
Friday,19 Jan 2024 19:00,321.7,0,321.7
Friday,19 Jan 2024 20:00,319.07,0,319.07
Friday,19 Jan 2024 21:00,326,0,326
Friday,19 Jan 2024 22:00,319.62,0,319.62
Friday,19 Jan 2024 23:00,328.97,0,412.21
Saturday,20 Jan 2024 0:00,322.98,0,322.98
Saturday,20 Jan 2024 1:00,328.73,0,328.73
Saturday,20 Jan 2024 2:00,322,0,322
Saturday,20 Jan 2024 3:00,741.25,0,325.11
Saturday,20 Jan 2024 4:00,327.57,0,327.57
Saturday,20 Jan 2024 5:00,324.47,0,324.47
Saturday,20 Jan 2024 6:00,318.97,0,318.97
Saturday,20 Jan 2024 7:00,322.27,0,322.27
Saturday,20 Jan 2024 8:00,326.07,0,326.07
Saturday,20 Jan 2024 9:00,321.72,0,321.72
Saturday,20 Jan 2024 10:00,322.89,0,322.89
Saturday,20 Jan 2024 11:00,319.16,0,319.16
Saturday,20 Jan 2024 12:00,321.22,0,321.22
Saturday,20 Jan 2024 13:00,322.81,0,322.81
Saturday,20 Jan 2024 14:00,319.8,0,319.8
Saturday,20 Jan 2024 15:00,321.88,0,321.88
Saturday,20 Jan 2024 16:00,316.99,0,316.99
Saturday,20 Jan 2024 17:00,320.12,0,320.12
Saturday,20 Jan 2024 18:00,317.74,0,317.74
Saturday,20 Jan 2024 19:00,319.78,0,319.78
Saturday,20 Jan 2024 20:00,317.17,0,317.17
Saturday,20 Jan 2024 21:00,321.08,0,321.08
Saturday,20 Jan 2024 22:00,317.64,0,317.64
Saturday,20 Jan 2024 23:00,316.39,0,395.74
Sunday,21 Jan 2024 0:00,320.57,0,320.57
Sunday,21 Jan 2024 1:00,316.69,0,316.69
Sunday,21 Jan 2024 2:00,323.3,0,323.3
Sunday,21 Jan 2024 3:00,739.37,0,323.73
Sunday,21 Jan 2024 4:00,326.79,0,326.79
Sunday,21 Jan 2024 5:00,324.36,0,324.36
Sunday,21 Jan 2024 6:00,321.52,0,321.52
Sunday,21 Jan 2024 7:00,320.38,0,320.38
Sunday,21 Jan 2024 8:00,324.27,0,324.27
Sunday,21 Jan 2024 9:00,313.68,0,313.68
Sunday,21 Jan 2024 10:00,323.79,0,323.79
Sunday,21 Jan 2024 11:00,323.24,0,323.24
Sunday,21 Jan 2024 12:00,325.69,0,325.69
Sunday,21 Jan 2024 13:00,324.16,0,324.16
Sunday,21 Jan 2024 14:00,322.74,0,322.74
Sunday,21 Jan 2024 15:00,325.92,0,325.92
Sunday,21 Jan 2024 16:00,320.32,0,320.32
Sunday,21 Jan 2024 17:00,317.44,0,317.44
Sunday,21 Jan 2024 18:00,317.21,0,317.21
Sunday,21 Jan 2024 19:00,319.44,0,319.44
Sunday,21 Jan 2024 20:00,322.66,0,322.66
Sunday,21 Jan 2024 21:00,319.73,0,319.73
Sunday,21 Jan 2024 22:00,321.21,0,321.21
Sunday,21 Jan 2024 23:00,325.75,0,407.43
Monday,22 Jan 2024 0:00,329.36,0,329.36
Monday,22 Jan 2024 1:00,330.28,0,330.28
Monday,22 Jan 2024 2:00,324.44,0,324.44
Monday,22 Jan 2024 3:00,740.61,0,330.03
Monday,22 Jan 2024 4:00,328.73,0,328.73
Monday,22 Jan 2024 5:00,320.59,0,320.59
Monday,22 Jan 2024 6:00,318.85,0,318.85
Monday,22 Jan 2024 7:00,314.79,0,314.79
Monday,22 Jan 2024 8:00,317.6,0,317.6
Monday,22 Jan 2024 9:00,316.56,0,316.56
Monday,22 Jan 2024 10:00,321.62,0,321.62
Monday,22 Jan 2024 11:00,315.84,0,315.84
Monday,22 Jan 2024 12:00,316.01,0,316.01
Monday,22 Jan 2024 13:00,319.91,0,319.91
Monday,22 Jan 2024 14:00,320.41,0,320.41
Monday,22 Jan 2024 15:00,325.86,0,325.86
Monday,22 Jan 2024 16:00,325.78,0,325.78
Monday,22 Jan 2024 17:00,342.23,0,342.23
Monday,22 Jan 2024 18:00,322.44,0,322.44
Monday,22 Jan 2024 19:00,325.18,0,325.18
Monday,22 Jan 2024 20:00,323.63,0,323.63
Monday,22 Jan 2024 21:00,323.07,0,323.07
Monday,22 Jan 2024 22:00,324.3,0,324.3
Monday,22 Jan 2024 23:00,330.72,0,413.99
Tuesday,23 Jan 2024 0:00,323.92,0,323.92
Tuesday,23 Jan 2024 1:00,325.18,0,325.18
Tuesday,23 Jan 2024 2:00,323.52,0,323.52
Tuesday,23 Jan 2024 3:00,741.8,0,327.66
Tuesday,23 Jan 2024 4:00,322.38,0,322.38
Tuesday,23 Jan 2024 5:00,323.01,0,323.01
Tuesday,23 Jan 2024 6:00,317.46,0,317.46
Tuesday,23 Jan 2024 7:00,309.92,0,309.92
Tuesday,23 Jan 2024 8:00,317.26,0,317.26
Tuesday,23 Jan 2024 9:00,334.94,0,334.94
Tuesday,23 Jan 2024 10:00,323.9,0,323.9
Tuesday,23 Jan 2024 11:00,434.29,0,434.29
Tuesday,23 Jan 2024 12:00,377.97,0,377.97
Tuesday,23 Jan 2024 13:00,387.69,0,387.69
Tuesday,23 Jan 2024 14:00,332.06,0,332.06
Tuesday,23 Jan 2024 15:00,385.22,0,385.22
Tuesday,23 Jan 2024 16:00,372.2,0,372.2
Tuesday,23 Jan 2024 17:00,389.55,0,389.55
Tuesday,23 Jan 2024 18:00,385.95,0,385.95
Tuesday,23 Jan 2024 19:00,315.35,0,315.35
Tuesday,23 Jan 2024 20:00,323.09,0,323.09
Tuesday,23 Jan 2024 21:00,326.26,0,326.26
Tuesday,23 Jan 2024 22:00,326.33,0,326.33
Tuesday,23 Jan 2024 23:00,327.06,0,410.14
Wednesday,24 Jan 2024 0:00,325.26,0,325.26
Wednesday,24 Jan 2024 1:00,330.87,0,330.87
Wednesday,24 Jan 2024 2:00,326.44,0,326.44
Wednesday,24 Jan 2024 3:00,750.36,0,329.13
Wednesday,24 Jan 2024 4:00,329.91,0,329.91
Wednesday,24 Jan 2024 5:00,325.55,0,325.55
Wednesday,24 Jan 2024 6:00,319.35,0,319.35
Wednesday,24 Jan 2024 7:00,334.43,0,334.43
Wednesday,24 Jan 2024 8:00,330.9,0,330.9
Wednesday,24 Jan 2024 9:00,349.2,0,349.2
Wednesday,24 Jan 2024 10:00,322.86,0,322.86
Wednesday,24 Jan 2024 11:00,341.25,0,341.25
Wednesday,24 Jan 2024 12:00,325.18,0,325.18
Wednesday,24 Jan 2024 13:00,328.43,0,328.43
Wednesday,24 Jan 2024 14:00,327.25,0,327.25
Wednesday,24 Jan 2024 15:00,317.35,0,317.35
Wednesday,24 Jan 2024 16:00,328.82,0,328.82
Wednesday,24 Jan 2024 17:00,324.24,0,324.24
Wednesday,24 Jan 2024 18:00,324.93,0,324.93
Wednesday,24 Jan 2024 19:00,325.65,0,325.65
Wednesday,24 Jan 2024 20:00,319.81,0,319.81
Wednesday,24 Jan 2024 21:00,323.51,0,323.51
Wednesday,24 Jan 2024 22:00,319.04,0,319.04
Wednesday,24 Jan 2024 23:00,328.64,0,411.25
Thursday,25 Jan 2024 0:00,331.01,0,331.01
Thursday,25 Jan 2024 1:00,329.88,0,329.88
Thursday,25 Jan 2024 2:00,329.49,0,329.49
Thursday,25 Jan 2024 3:00,713.46,0,321.27
Thursday,25 Jan 2024 4:00,327.2,0,327.2
Thursday,25 Jan 2024 5:00,325.48,0,325.48
Thursday,25 Jan 2024 6:00,319.09,0,319.09
Thursday,25 Jan 2024 7:00,318.02,0,318.02
Thursday,25 Jan 2024 8:00,327.72,0,327.72
Thursday,25 Jan 2024 9:00,344.69,0,344.69
Thursday,25 Jan 2024 10:00,326.96,0,326.96
Thursday,25 Jan 2024 11:00,325.17,0,325.17
Thursday,25 Jan 2024 12:00,330.38,0,330.38
Thursday,25 Jan 2024 13:00,332.91,0,332.91
Thursday,25 Jan 2024 14:00,330.36,0,330.36
Thursday,25 Jan 2024 15:00,320.72,0,320.72
Thursday,25 Jan 2024 16:00,324.04,0,324.04
Thursday,25 Jan 2024 17:00,318.29,0,318.29
Thursday,25 Jan 2024 18:00,315.62,0,315.62
Thursday,25 Jan 2024 19:00,320.24,0,320.24
Thursday,25 Jan 2024 20:00,329.52,0,329.52
Thursday,25 Jan 2024 21:00,318.45,0,318.45
Thursday,25 Jan 2024 22:00,322.81,0,322.81
Thursday,25 Jan 2024 23:00,326.25,0,408.02
Friday,26 Jan 2024 0:00,330.54,0,330.54
Friday,26 Jan 2024 1:00,324.05,0,324.05
Friday,26 Jan 2024 2:00,324.26,0,324.26
Friday,26 Jan 2024 3:00,746.22,0,326.8
Friday,26 Jan 2024 4:00,323.79,0,323.79
Friday,26 Jan 2024 5:00,328.76,0,328.76
Friday,26 Jan 2024 6:00,327.74,0,327.74
Friday,26 Jan 2024 7:00,321.09,0,321.09
Friday,26 Jan 2024 8:00,322.3,0,322.3
Friday,26 Jan 2024 9:00,317.46,0,317.46
Friday,26 Jan 2024 10:00,318.82,0,318.82
Friday,26 Jan 2024 11:00,320.93,0,320.93
Friday,26 Jan 2024 12:00,320.49,0,320.49
Friday,26 Jan 2024 13:00,318.47,0,318.47
Friday,26 Jan 2024 14:00,319.04,0,319.04
Friday,26 Jan 2024 15:00,325.75,0,325.75
Friday,26 Jan 2024 16:00,332.51,0,332.51
Friday,26 Jan 2024 17:00,336.33,0,336.33
Friday,26 Jan 2024 18:00,328.73,0,328.73
Friday,26 Jan 2024 19:00,330.34,0,330.34
Friday,26 Jan 2024 20:00,333.49,0,333.49
Friday,26 Jan 2024 21:00,333.37,0,333.37
Friday,26 Jan 2024 22:00,325.87,0,325.87
Friday,26 Jan 2024 23:00,245.6,0,409.24
Saturday,27 Jan 2024 0:00,410.91,0,329.08
Saturday,27 Jan 2024 1:00,326.93,0,326.93
Saturday,27 Jan 2024 2:00,334.97,0,334.97
Saturday,27 Jan 2024 3:00,746.35,0,328.92
Saturday,27 Jan 2024 4:00,325.21,0,325.21
Saturday,27 Jan 2024 5:00,326.12,0,326.12
Saturday,27 Jan 2024 6:00,323.32,0,323.32
Saturday,27 Jan 2024 7:00,326.1,0,326.1
Saturday,27 Jan 2024 8:00,323.67,0,323.67
Saturday,27 Jan 2024 9:00,322.72,0,322.72
Saturday,27 Jan 2024 10:00,330.02,0,330.02
Saturday,27 Jan 2024 11:00,321.67,0,321.67
Saturday,27 Jan 2024 12:00,325.22,0,325.22
Saturday,27 Jan 2024 13:00,316.83,0,316.83
Saturday,27 Jan 2024 14:00,327.22,0,327.22
Saturday,27 Jan 2024 15:00,323.78,0,323.78
Saturday,27 Jan 2024 16:00,315.33,0,315.33
Saturday,27 Jan 2024 17:00,323.08,0,323.08
Saturday,27 Jan 2024 18:00,324.6,0,324.6
Saturday,27 Jan 2024 19:00,318.68,0,318.68
Saturday,27 Jan 2024 20:00,321.14,0,321.14
Saturday,27 Jan 2024 21:00,317.46,0,317.46
Saturday,27 Jan 2024 22:00,324.71,0,324.71
Saturday,27 Jan 2024 23:00,321.31,0,401.14
Sunday,28 Jan 2024 0:00,320.9,0,320.9
Sunday,28 Jan 2024 1:00,330.21,0,330.21
Sunday,28 Jan 2024 2:00,329.6,0,329.6
Sunday,28 Jan 2024 3:00,747.43,0,333.61
Sunday,28 Jan 2024 4:00,319.97,0,319.97
Sunday,28 Jan 2024 5:00,327.51,0,327.51
Sunday,28 Jan 2024 6:00,327.53,0,327.53
Sunday,28 Jan 2024 7:00,318.91,0,318.91
Sunday,28 Jan 2024 8:00,317.99,0,317.99
Sunday,28 Jan 2024 9:00,323.09,0,323.09
Sunday,28 Jan 2024 10:00,316.05,0,316.05
Sunday,28 Jan 2024 11:00,317.73,0,317.73
Sunday,28 Jan 2024 12:00,327.39,0,327.39
Sunday,28 Jan 2024 13:00,320.66,0,320.66
Sunday,28 Jan 2024 14:00,322.67,0,322.67
Sunday,28 Jan 2024 15:00,325.78,0,325.78
Sunday,28 Jan 2024 16:00,318.87,0,318.87
Sunday,28 Jan 2024 17:00,333.45,0,333.45
Sunday,28 Jan 2024 18:00,329.29,0,329.29
Sunday,28 Jan 2024 19:00,322.57,0,322.57
Sunday,28 Jan 2024 20:00,319.57,0,319.57
Sunday,28 Jan 2024 21:00,322.2,0,322.2
Sunday,28 Jan 2024 22:00,319.68,0,319.68
Sunday,28 Jan 2024 23:00,322.82,0,405.4
Monday,29 Jan 2024 0:00,323.35,0,323.35
Monday,29 Jan 2024 1:00,324.47,0,324.47
Monday,29 Jan 2024 2:00,320.96,0,320.96
Monday,29 Jan 2024 3:00,744.15,0,329.78
Monday,29 Jan 2024 4:00,326.85,0,326.85
Monday,29 Jan 2024 5:00,322.22,0,322.22
Monday,29 Jan 2024 6:00,321.64,0,321.64
Monday,29 Jan 2024 7:00,319.9,0,319.9
Monday,29 Jan 2024 8:00,322.24,0,322.24
Monday,29 Jan 2024 9:00,321.13,0,321.13
Monday,29 Jan 2024 10:00,312.9,0,312.9
Monday,29 Jan 2024 11:00,317.88,0,317.88
Monday,29 Jan 2024 12:00,318.63,0,318.63
Monday,29 Jan 2024 13:00,322.64,0,322.64
Monday,29 Jan 2024 14:00,320.04,0,320.04
Monday,29 Jan 2024 15:00,319.02,0,319.02
Monday,29 Jan 2024 16:00,321.34,0,321.34
Monday,29 Jan 2024 17:00,323.02,0,323.02
Monday,29 Jan 2024 18:00,318,0,318
Monday,29 Jan 2024 19:00,316.97,0,316.97
Monday,29 Jan 2024 20:00,322,0,322
Monday,29 Jan 2024 21:00,321.36,0,321.36
Monday,29 Jan 2024 22:00,323.2,0,323.2
Monday,29 Jan 2024 23:00,327.29,0,410.63
Tuesday,30 Jan 2024 0:00,328.21,0,328.21
Tuesday,30 Jan 2024 1:00,325.97,0,325.97
Tuesday,30 Jan 2024 2:00,330.22,0,330.22
Tuesday,30 Jan 2024 3:00,721.64,0,326.32
Tuesday,30 Jan 2024 4:00,324.95,0,324.95
Tuesday,30 Jan 2024 5:00,322.9,0,322.9
Tuesday,30 Jan 2024 6:00,322.5,0,322.5
Tuesday,30 Jan 2024 7:00,332.4,0,332.4
Tuesday,30 Jan 2024 8:00,325.61,0,325.61
Tuesday,30 Jan 2024 9:00,316.19,0,316.19
Tuesday,30 Jan 2024 10:00,321.3,0,321.3
Tuesday,30 Jan 2024 11:00,319.81,0,319.81
Tuesday,30 Jan 2024 12:00,318.84,0,318.84
Tuesday,30 Jan 2024 13:00,315.89,0,315.89
Tuesday,30 Jan 2024 14:00,319.17,0,319.17
Tuesday,30 Jan 2024 15:00,320.16,0,320.16
Tuesday,30 Jan 2024 16:00,321.08,0,321.08
Tuesday,30 Jan 2024 17:00,317.81,0,317.81
Tuesday,30 Jan 2024 18:00,320.45,0,320.45
Tuesday,30 Jan 2024 19:00,314.76,0,314.76
Tuesday,30 Jan 2024 20:00,316.15,0,316.15
Tuesday,30 Jan 2024 21:00,322.81,0,322.81
Tuesday,30 Jan 2024 22:00,313.05,0,313.05
Tuesday,30 Jan 2024 23:00,323.3,0,403.59
Wednesday,31 Jan 2024 0:00,329.09,0,329.09
Wednesday,31 Jan 2024 1:00,328.52,0,328.52
Wednesday,31 Jan 2024 2:00,317.44,0,317.44
Wednesday,31 Jan 2024 3:00,715.63,0,322.27
Wednesday,31 Jan 2024 4:00,323.41,0,323.41
Wednesday,31 Jan 2024 5:00,321.62,0,321.62
Wednesday,31 Jan 2024 6:00,322.89,0,322.89
Wednesday,31 Jan 2024 7:00,327.04,0,327.04
Wednesday,31 Jan 2024 8:00,333.59,0,333.59
Wednesday,31 Jan 2024 9:00,320.38,0,320.38
Wednesday,31 Jan 2024 10:00,315.82,0,315.82
Wednesday,31 Jan 2024 11:00,322.9,0,322.9
Wednesday,31 Jan 2024 12:00,323.26,0,323.26
Wednesday,31 Jan 2024 13:00,326.25,0,326.25
Wednesday,31 Jan 2024 14:00,317.71,0,317.71
Wednesday,31 Jan 2024 15:00,326.28,0,326.28
Wednesday,31 Jan 2024 16:00,325.01,0,325.01
Wednesday,31 Jan 2024 17:00,316.76,0,316.76
Wednesday,31 Jan 2024 18:00,320.58,0,320.58
Wednesday,31 Jan 2024 19:00,321.45,0,321.45
Wednesday,31 Jan 2024 20:00,315.72,0,315.72
Wednesday,31 Jan 2024 21:00,321.73,0,321.73
Wednesday,31 Jan 2024 22:00,326.68,0,326.68
Wednesday,31 Jan 2024 23:00,323.9,0,403.48
Thursday,01 Feb 2024 0:00,329.45,0,329.45
Thursday,01 Feb 2024 1:00,322.8,0,322.8
Thursday,01 Feb 2024 2:00,320.21,0,320.21
Thursday,01 Feb 2024 3:00,723.67,0,325.23
Thursday,01 Feb 2024 4:00,327.44,0,327.44
Thursday,01 Feb 2024 5:00,327.55,0,327.55
Thursday,01 Feb 2024 6:00,"2,038",0,"2,038"
Thursday,01 Feb 2024 7:00,"2,763",0,"2,763"
Thursday,01 Feb 2024 8:00,"2,142",0,"2,142"
Thursday,01 Feb 2024 9:00,319.37,0,319.37
Thursday,01 Feb 2024 10:00,324.37,0,324.37
Thursday,01 Feb 2024 11:00,325.87,0,325.87
Thursday,01 Feb 2024 12:00,320.29,0,320.29
Thursday,01 Feb 2024 13:00,325.67,0,325.67
Thursday,01 Feb 2024 14:00,320.48,0,320.48
Thursday,01 Feb 2024 15:00,326.83,0,326.83
Thursday,01 Feb 2024 16:00,328.83,0,328.83
Thursday,01 Feb 2024 17:00,325.12,0,325.12
Thursday,01 Feb 2024 18:00,322.44,0,322.44
Thursday,01 Feb 2024 19:00,325.62,0,325.62
Thursday,01 Feb 2024 20:00,317.24,0,317.24
Thursday,01 Feb 2024 21:00,321.13,0,321.13
Thursday,01 Feb 2024 22:00,327.9,0,327.9
Thursday,01 Feb 2024 23:00,329.36,0,412.2
Friday,02 Feb 2024 0:00,329.33,0,329.33
Friday,02 Feb 2024 1:00,337.49,0,337.49
Friday,02 Feb 2024 2:00,320.23,0,320.23
Friday,02 Feb 2024 3:00,749.52,0,327.9
Friday,02 Feb 2024 4:00,331.27,0,331.27
Friday,02 Feb 2024 5:00,326.17,0,326.17
Friday,02 Feb 2024 6:00,323.95,0,323.95
Friday,02 Feb 2024 7:00,329.9,0,329.9
Friday,02 Feb 2024 8:00,326.29,0,326.29
Friday,02 Feb 2024 9:00,329.83,0,329.83
Friday,02 Feb 2024 10:00,323.05,0,323.05
Friday,02 Feb 2024 11:00,320.32,0,320.32
Friday,02 Feb 2024 12:00,324.41,0,324.41
Friday,02 Feb 2024 13:00,319.02,0,319.02
Friday,02 Feb 2024 14:00,331.66,0,331.66
Friday,02 Feb 2024 15:00,330.7,0,330.7
Friday,02 Feb 2024 16:00,327.77,0,327.77
Friday,02 Feb 2024 17:00,327.13,0,327.13
Friday,02 Feb 2024 18:00,325.01,0,325.01
Friday,02 Feb 2024 19:00,321.74,0,321.74
Friday,02 Feb 2024 20:00,321,0,321
Friday,02 Feb 2024 21:00,326.7,0,326.7
Friday,02 Feb 2024 22:00,320.68,0,320.68
Friday,02 Feb 2024 23:00,331.95,0,413.46
Saturday,03 Feb 2024 0:00,325.77,0,325.77
Saturday,03 Feb 2024 1:00,328.42,0,328.42
Saturday,03 Feb 2024 2:00,326.3,0,326.3
Saturday,03 Feb 2024 3:00,712.87,0,324.4
Saturday,03 Feb 2024 4:00,320.13,0,320.13
Saturday,03 Feb 2024 5:00,325.16,0,325.16
Saturday,03 Feb 2024 6:00,320.68,0,320.68
Saturday,03 Feb 2024 7:00,319.58,0,319.58
Saturday,03 Feb 2024 8:00,322.45,0,322.45
Saturday,03 Feb 2024 9:00,325.02,0,325.02
Saturday,03 Feb 2024 10:00,323.62,0,323.62
Saturday,03 Feb 2024 11:00,320.01,0,320.01
Saturday,03 Feb 2024 12:00,319.1,0,319.1
Saturday,03 Feb 2024 13:00,319.67,0,319.67
Saturday,03 Feb 2024 14:00,321.52,0,321.52
Saturday,03 Feb 2024 15:00,322.21,0,322.21
Saturday,03 Feb 2024 16:00,321.13,0,321.13
Saturday,03 Feb 2024 17:00,319.34,0,319.34
Saturday,03 Feb 2024 18:00,323.96,0,323.96
Saturday,03 Feb 2024 19:00,322.7,0,322.7
Saturday,03 Feb 2024 20:00,328.16,0,328.16
Saturday,03 Feb 2024 21:00,322.92,0,322.92
Saturday,03 Feb 2024 22:00,321.71,0,321.71
Saturday,03 Feb 2024 23:00,327.37,0,409.55
Sunday,04 Feb 2024 0:00,325.07,0,325.07
Sunday,04 Feb 2024 1:00,325.13,0,325.13
Sunday,04 Feb 2024 2:00,320.94,0,320.94
Sunday,04 Feb 2024 3:00,729.36,0,324.93
Sunday,04 Feb 2024 4:00,324.42,0,324.42
Sunday,04 Feb 2024 5:00,324,0,324
Sunday,04 Feb 2024 6:00,318.12,0,318.12
Sunday,04 Feb 2024 7:00,319.97,0,319.97
Sunday,04 Feb 2024 8:00,315.63,0,315.63
Sunday,04 Feb 2024 9:00,319.67,0,319.67
Sunday,04 Feb 2024 10:00,326.81,0,326.81
Sunday,04 Feb 2024 11:00,326.36,0,326.36
Sunday,04 Feb 2024 12:00,330,0,330
Sunday,04 Feb 2024 13:00,315.3,0,315.3
Sunday,04 Feb 2024 14:00,319.06,0,319.06
Sunday,04 Feb 2024 15:00,320.78,0,320.78
Sunday,04 Feb 2024 16:00,329.78,0,329.78
Sunday,04 Feb 2024 17:00,317.73,0,317.73
Sunday,04 Feb 2024 18:00,323.68,0,323.68
Sunday,04 Feb 2024 19:00,325.83,0,325.83
Sunday,04 Feb 2024 20:00,313.84,0,313.84
Sunday,04 Feb 2024 21:00,320.87,0,320.87
Sunday,04 Feb 2024 22:00,321.01,0,321.01
Sunday,04 Feb 2024 23:00,323.04,0,404.76
Monday,05 Feb 2024 0:00,316.12,0,316.12
Monday,05 Feb 2024 1:00,323.08,0,323.08
Monday,05 Feb 2024 2:00,324.95,0,324.95
Monday,05 Feb 2024 3:00,722.73,0,325.25
Monday,05 Feb 2024 4:00,319.68,0,319.68
Monday,05 Feb 2024 5:00,326.47,0,326.47
Monday,05 Feb 2024 6:00,308.85,0,308.85
Monday,05 Feb 2024 7:00,316.11,0,316.11
Monday,05 Feb 2024 8:00,317.45,0,317.45
Monday,05 Feb 2024 9:00,318.5,0,318.5
Monday,05 Feb 2024 10:00,320.98,0,320.98
Monday,05 Feb 2024 11:00,319.96,0,319.96
Monday,05 Feb 2024 12:00,322.41,0,322.41
Monday,05 Feb 2024 13:00,313.93,0,313.93
Monday,05 Feb 2024 14:00,321.41,0,321.41
Monday,05 Feb 2024 15:00,319.18,0,319.18
Monday,05 Feb 2024 16:00,323.61,0,323.61
Monday,05 Feb 2024 17:00,316.98,0,316.98
Monday,05 Feb 2024 18:00,313.13,0,313.13
Monday,05 Feb 2024 19:00,321.21,0,321.21
Monday,05 Feb 2024 20:00,320.6,0,320.6
Monday,05 Feb 2024 21:00,852.02,0,852.02
Monday,05 Feb 2024 22:00,"2,202",0,"2,202"
Monday,05 Feb 2024 23:00,"1,740",0,"2,164"
Tuesday,06 Feb 2024 0:00,"1,835",0,"1,835"
Tuesday,06 Feb 2024 1:00,"1,612",0,"1,612"
Tuesday,06 Feb 2024 2:00,"2,059",0,"2,059"
Tuesday,06 Feb 2024 3:00,"4,102",0,"1,896"
Tuesday,06 Feb 2024 4:00,"1,850",0,"1,850"
Tuesday,06 Feb 2024 5:00,"1,734",0,"1,734"
Tuesday,06 Feb 2024 6:00,"1,901",0,"1,901"
Tuesday,06 Feb 2024 7:00,"2,029",0,"2,029"
Tuesday,06 Feb 2024 8:00,"2,280",0,"2,280"
Tuesday,06 Feb 2024 9:00,"2,255",0,"2,255"
Tuesday,06 Feb 2024 10:00,"2,384",0,"2,384"
Tuesday,06 Feb 2024 11:00,"2,376",0,"2,376"
Tuesday,06 Feb 2024 12:00,"2,466",0,"2,466"
Tuesday,06 Feb 2024 13:00,"1,382",0,"1,382"
Tuesday,06 Feb 2024 14:00,329.81,0,329.81
Tuesday,06 Feb 2024 15:00,324.32,0,324.32
Tuesday,06 Feb 2024 16:00,326.11,0,326.11
Tuesday,06 Feb 2024 17:00,315.68,0,315.68
Tuesday,06 Feb 2024 18:00,329.57,0,329.57
Tuesday,06 Feb 2024 19:00,320.35,0,320.35
Tuesday,06 Feb 2024 20:00,321.95,0,321.95
Tuesday,06 Feb 2024 21:00,320.51,0,320.51
Tuesday,06 Feb 2024 22:00,324.56,0,324.56
Tuesday,06 Feb 2024 23:00,320.64,0,402.38
Wednesday,07 Feb 2024 0:00,329.5,0,329.5
Wednesday,07 Feb 2024 1:00,328.69,0,328.69
Wednesday,07 Feb 2024 2:00,382.99,0,382.99
Wednesday,07 Feb 2024 3:00,"4,408",0,"2,067"
Wednesday,07 Feb 2024 4:00,"1,624",0,"1,624"
Wednesday,07 Feb 2024 5:00,"1,685",0,"1,685"
Wednesday,07 Feb 2024 6:00,"1,872",0,"1,872"
Wednesday,07 Feb 2024 7:00,"2,091",0,"2,091"
Wednesday,07 Feb 2024 8:00,"2,313",0,"2,313"
Wednesday,07 Feb 2024 9:00,"2,379",0,"2,379"
Wednesday,07 Feb 2024 10:00,"2,218",0,"2,218"
Wednesday,07 Feb 2024 11:00,"2,346",0,"2,346"
Wednesday,07 Feb 2024 12:00,"2,375",0,"2,375"
Wednesday,07 Feb 2024 13:00,"2,310",0,"2,310"
Wednesday,07 Feb 2024 14:00,"2,276",0,"2,276"
Wednesday,07 Feb 2024 15:00,"2,211",0,"2,211"
Wednesday,07 Feb 2024 16:00,"2,319",0,"2,319"
Wednesday,07 Feb 2024 17:00,"2,074",0,"2,074"
Wednesday,07 Feb 2024 18:00,"1,866",0,"1,866"
Wednesday,07 Feb 2024 19:00,329.17,0,329.17
Wednesday,07 Feb 2024 20:00,327.12,0,327.12
Wednesday,07 Feb 2024 21:00,318.36,0,318.36
Wednesday,07 Feb 2024 22:00,322.17,0,322.17
Wednesday,07 Feb 2024 23:00,320.84,0,401.06
Thursday,08 Feb 2024 0:00,315.93,0,315.93
Thursday,08 Feb 2024 1:00,327.02,0,327.02
Thursday,08 Feb 2024 2:00,324.44,0,324.44
Thursday,08 Feb 2024 3:00,705.59,0,318.56
Thursday,08 Feb 2024 4:00,317.87,0,317.87
Thursday,08 Feb 2024 5:00,239.69,0,239.69
Thursday,08 Feb 2024 6:00,318.88,0,318.88
Thursday,08 Feb 2024 7:00,324.59,0,324.59
Thursday,08 Feb 2024 8:00,319.14,0,319.14
Thursday,08 Feb 2024 9:00,317.97,0,317.97
Thursday,08 Feb 2024 10:00,315.48,0,315.48
Thursday,08 Feb 2024 11:00,322.3,0,322.3
Thursday,08 Feb 2024 12:00,323.9,0,323.9
Thursday,08 Feb 2024 13:00,320.39,0,320.39
Thursday,08 Feb 2024 14:00,317.53,0,317.53
Thursday,08 Feb 2024 15:00,323.97,0,323.97
Thursday,08 Feb 2024 16:00,323.12,0,323.12
Thursday,08 Feb 2024 17:00,327.98,0,327.98
Thursday,08 Feb 2024 18:00,325.21,0,325.21
Thursday,08 Feb 2024 19:00,318.54,0,318.54
Thursday,08 Feb 2024 20:00,318.98,0,318.98
Thursday,08 Feb 2024 21:00,325.49,0,325.49
Thursday,08 Feb 2024 22:00,322.92,0,322.92
Thursday,08 Feb 2024 23:00,330.73,0,410.89
Friday,09 Feb 2024 0:00,324.74,0,324.74
Friday,09 Feb 2024 1:00,317.39,0,317.39
Friday,09 Feb 2024 2:00,324.69,0,324.69
Friday,09 Feb 2024 3:00,724.75,0,321.89
Friday,09 Feb 2024 4:00,323.15,0,323.15
Friday,09 Feb 2024 5:00,326.65,0,326.65
Friday,09 Feb 2024 6:00,326.15,0,326.15
Friday,09 Feb 2024 7:00,324.53,0,324.53
Friday,09 Feb 2024 8:00,310.13,0,310.13
Friday,09 Feb 2024 9:00,302.09,0,302.09
Friday,09 Feb 2024 10:00,316.08,0,316.08
Friday,09 Feb 2024 11:00,317.04,0,317.04
Friday,09 Feb 2024 12:00,324.47,0,324.47
Friday,09 Feb 2024 13:00,316.78,0,316.78
Friday,09 Feb 2024 14:00,321.03,0,321.03
Friday,09 Feb 2024 15:00,320.4,0,320.4
Friday,09 Feb 2024 16:00,321.34,0,321.34
Friday,09 Feb 2024 17:00,326.92,0,326.92
Friday,09 Feb 2024 18:00,323.69,0,323.69
Friday,09 Feb 2024 19:00,312.65,0,312.65
Friday,09 Feb 2024 20:00,323.58,0,323.58
Friday,09 Feb 2024 21:00,322.53,0,322.53
Friday,09 Feb 2024 22:00,321.15,0,321.15
Friday,09 Feb 2024 23:00,328.38,0,411.86
Saturday,10 Feb 2024 0:00,326.57,0,326.57
Saturday,10 Feb 2024 1:00,326.37,0,326.37
Saturday,10 Feb 2024 2:00,325.52,0,325.52
Saturday,10 Feb 2024 3:00,732.84,0,325.81
Saturday,10 Feb 2024 4:00,319.01,0,319.01
Saturday,10 Feb 2024 5:00,326.46,0,326.46
Saturday,10 Feb 2024 6:00,324.95,0,324.95
Saturday,10 Feb 2024 7:00,328.36,0,328.36
Saturday,10 Feb 2024 8:00,326.94,0,326.94
Saturday,10 Feb 2024 9:00,321.78,0,321.78
Saturday,10 Feb 2024 10:00,322.76,0,322.76
Saturday,10 Feb 2024 11:00,316.36,0,316.36
Saturday,10 Feb 2024 12:00,325.46,0,325.46
Saturday,10 Feb 2024 13:00,330.67,0,330.67
Saturday,10 Feb 2024 14:00,323.94,0,323.94
Saturday,10 Feb 2024 15:00,323.2,0,323.2
Saturday,10 Feb 2024 16:00,328.22,0,328.22
Saturday,10 Feb 2024 17:00,326.59,0,326.59
Saturday,10 Feb 2024 18:00,323.53,0,323.53
Saturday,10 Feb 2024 19:00,323.47,0,323.47
Saturday,10 Feb 2024 20:00,329.17,0,329.17
Saturday,10 Feb 2024 21:00,328.47,0,328.47
Saturday,10 Feb 2024 22:00,325.84,0,325.84
Saturday,10 Feb 2024 23:00,324.75,0,408.54
Sunday,11 Feb 2024 0:00,337.55,0,337.55
Sunday,11 Feb 2024 1:00,332.67,0,332.67
Sunday,11 Feb 2024 2:00,329.41,0,329.41
Sunday,11 Feb 2024 3:00,746.6,0,329.8
Sunday,11 Feb 2024 4:00,324.52,0,324.52
Sunday,11 Feb 2024 5:00,335.05,0,335.05
Sunday,11 Feb 2024 6:00,320.8,0,320.8
Sunday,11 Feb 2024 7:00,327.87,0,327.87
Sunday,11 Feb 2024 8:00,325.53,0,325.53
Sunday,11 Feb 2024 9:00,322.71,0,322.71
Sunday,11 Feb 2024 10:00,320.57,0,320.57
Sunday,11 Feb 2024 11:00,319.46,0,319.46
Sunday,11 Feb 2024 12:00,325.25,0,325.25
Sunday,11 Feb 2024 13:00,325.66,0,325.66
Sunday,11 Feb 2024 14:00,324.37,0,324.37
Sunday,11 Feb 2024 15:00,325.6,0,325.6
Sunday,11 Feb 2024 16:00,329.64,0,329.64
Sunday,11 Feb 2024 17:00,335.8,0,335.8
Sunday,11 Feb 2024 18:00,330.25,0,330.25
Sunday,11 Feb 2024 19:00,323.57,0,323.57
Sunday,11 Feb 2024 20:00,323.55,0,323.55
Sunday,11 Feb 2024 21:00,322.11,0,322.11
Sunday,11 Feb 2024 22:00,321.16,0,321.16
Sunday,11 Feb 2024 23:00,324.82,0,408.68
Monday,12 Feb 2024 0:00,325.77,0,325.77
Monday,12 Feb 2024 1:00,324.47,0,324.47
Monday,12 Feb 2024 2:00,325.24,0,325.24
Monday,12 Feb 2024 3:00,741.29,0,329.18
Monday,12 Feb 2024 4:00,328.99,0,328.99
Monday,12 Feb 2024 5:00,322.65,0,322.65
Monday,12 Feb 2024 6:00,316.31,0,316.31
Monday,12 Feb 2024 7:00,319.02,0,319.02
Monday,12 Feb 2024 8:00,315.33,0,315.33
Monday,12 Feb 2024 9:00,313.87,0,313.87
Monday,12 Feb 2024 10:00,324.37,0,324.37
Monday,12 Feb 2024 11:00,317.82,0,317.82
Monday,12 Feb 2024 12:00,319.52,0,319.52
Monday,12 Feb 2024 13:00,315.06,0,315.06
Monday,12 Feb 2024 14:00,319.83,0,319.83
Monday,12 Feb 2024 15:00,312.29,0,312.29
Monday,12 Feb 2024 16:00,325.73,0,325.73
Monday,12 Feb 2024 17:00,320.06,0,320.06
Monday,12 Feb 2024 18:00,328.49,0,328.49
Monday,12 Feb 2024 19:00,328.17,0,328.17
Monday,12 Feb 2024 20:00,320.74,0,320.74
Monday,12 Feb 2024 21:00,325.13,0,325.13
Monday,12 Feb 2024 22:00,317.29,0,317.29
Monday,12 Feb 2024 23:00,319.94,0,401.2
Tuesday,13 Feb 2024 0:00,331.77,0,331.77
Tuesday,13 Feb 2024 1:00,329.14,0,329.14
Tuesday,13 Feb 2024 2:00,324.52,0,324.52
Tuesday,13 Feb 2024 3:00,742.3,0,329.5
Tuesday,13 Feb 2024 4:00,330.34,0,330.34
Tuesday,13 Feb 2024 5:00,323.32,0,323.32
Tuesday,13 Feb 2024 6:00,321.81,0,321.81
Tuesday,13 Feb 2024 7:00,321.27,0,321.27
Tuesday,13 Feb 2024 8:00,325.53,0,325.53
Tuesday,13 Feb 2024 9:00,317.04,0,317.04
Tuesday,13 Feb 2024 10:00,316.21,0,316.21
Tuesday,13 Feb 2024 11:00,327.51,0,327.51
Tuesday,13 Feb 2024 12:00,312.88,0,312.88
Tuesday,13 Feb 2024 13:00,322.7,0,322.7
Tuesday,13 Feb 2024 14:00,326.06,0,326.06
Tuesday,13 Feb 2024 15:00,328.2,0,328.2
Tuesday,13 Feb 2024 16:00,319.73,0,319.73
Tuesday,13 Feb 2024 17:00,325.27,0,325.27
Tuesday,13 Feb 2024 18:00,320.65,0,320.65
Tuesday,13 Feb 2024 19:00,319.68,0,319.68
Tuesday,13 Feb 2024 20:00,317.52,0,317.52
Tuesday,13 Feb 2024 21:00,324.36,0,324.36
Tuesday,13 Feb 2024 22:00,324.18,0,324.18
Tuesday,13 Feb 2024 23:00,326.07,0,407.22
Wednesday,14 Feb 2024 0:00,321.68,0,321.68
Wednesday,14 Feb 2024 1:00,326.67,0,326.67
Wednesday,14 Feb 2024 2:00,326.73,0,326.73
Wednesday,14 Feb 2024 3:00,722.47,0,319.62
Wednesday,14 Feb 2024 4:00,323.74,0,323.74
Wednesday,14 Feb 2024 5:00,321.55,0,321.55
Wednesday,14 Feb 2024 6:00,324.97,0,324.97
Wednesday,14 Feb 2024 7:00,318.77,0,318.77
Wednesday,14 Feb 2024 8:00,321.67,0,321.67
Wednesday,14 Feb 2024 9:00,315.43,0,315.43
Wednesday,14 Feb 2024 10:00,323.97,0,323.97
Wednesday,14 Feb 2024 11:00,318.76,0,318.76
Wednesday,14 Feb 2024 12:00,319.62,0,319.62
Wednesday,14 Feb 2024 13:00,319.19,0,319.19
Wednesday,14 Feb 2024 14:00,321.82,0,321.82
Wednesday,14 Feb 2024 15:00,358.24,0,358.24
Wednesday,14 Feb 2024 16:00,588.05,0,588.05
Wednesday,14 Feb 2024 17:00,434.03,0,434.03
Wednesday,14 Feb 2024 18:00,321.49,0,321.49
Wednesday,14 Feb 2024 19:00,318.81,0,318.81
Wednesday,14 Feb 2024 20:00,320.93,0,320.93
Wednesday,14 Feb 2024 21:00,320.76,0,320.76
Wednesday,14 Feb 2024 22:00,316.46,0,316.46
Wednesday,14 Feb 2024 23:00,316.45,0,397.46
Thursday,15 Feb 2024 0:00,327.22,0,327.22
Thursday,15 Feb 2024 1:00,318.57,0,318.57
Thursday,15 Feb 2024 2:00,322.38,0,322.38
Thursday,15 Feb 2024 3:00,755.59,0,331.11
Thursday,15 Feb 2024 4:00,325.53,0,325.53
Thursday,15 Feb 2024 5:00,325.19,0,325.19
Thursday,15 Feb 2024 6:00,317.48,0,317.48
Thursday,15 Feb 2024 7:00,317.63,0,317.63
Thursday,15 Feb 2024 8:00,330.72,0,330.72
Thursday,15 Feb 2024 9:00,321.48,0,321.48
Thursday,15 Feb 2024 10:00,316.08,0,316.08
Thursday,15 Feb 2024 11:00,314.82,0,314.82
Thursday,15 Feb 2024 12:00,325.16,0,325.16
Thursday,15 Feb 2024 13:00,325.18,0,325.18
Thursday,15 Feb 2024 14:00,324.23,0,324.23
Thursday,15 Feb 2024 15:00,320.49,0,320.49
Thursday,15 Feb 2024 16:00,320.05,0,320.05
Thursday,15 Feb 2024 17:00,325.9,0,325.9
Thursday,15 Feb 2024 18:00,321.64,0,321.64
Thursday,15 Feb 2024 19:00,319.34,0,319.34
Thursday,15 Feb 2024 20:00,318.36,0,318.36
Thursday,15 Feb 2024 21:00,322.94,0,322.94
Thursday,15 Feb 2024 22:00,323.68,0,323.68
Thursday,15 Feb 2024 23:00,325.13,0,407.45
Friday,16 Feb 2024 0:00,324.72,0,324.72
Friday,16 Feb 2024 1:00,328.03,0,328.03
Friday,16 Feb 2024 2:00,317.2,0,317.2
Friday,16 Feb 2024 3:00,726.75,0,322.01
Friday,16 Feb 2024 4:00,322.46,0,322.46
Friday,16 Feb 2024 5:00,323.44,0,323.44
Friday,16 Feb 2024 6:00,325.76,0,325.76
Friday,16 Feb 2024 7:00,316.49,0,316.49
Friday,16 Feb 2024 8:00,323.38,0,323.38
Friday,16 Feb 2024 9:00,322.86,0,322.86
Friday,16 Feb 2024 10:00,318.61,0,318.61
Friday,16 Feb 2024 11:00,363.04,0,363.04
Friday,16 Feb 2024 12:00,313.73,0,313.73
Friday,16 Feb 2024 13:00,321.2,0,321.2
Friday,16 Feb 2024 14:00,322.27,0,322.27
Friday,16 Feb 2024 15:00,324.72,0,324.72
Friday,16 Feb 2024 16:00,317.13,0,317.13
Friday,16 Feb 2024 17:00,320.4,0,320.4
Friday,16 Feb 2024 18:00,319.43,0,319.43
Friday,16 Feb 2024 19:00,318.37,0,318.37
Friday,16 Feb 2024 20:00,321.32,0,321.32
Friday,16 Feb 2024 21:00,320.44,0,320.44
Friday,16 Feb 2024 22:00,315.58,0,315.58
Friday,16 Feb 2024 23:00,318.53,0,400.02
Saturday,17 Feb 2024 0:00,322.95,0,322.95
Saturday,17 Feb 2024 1:00,325.77,0,325.77
Saturday,17 Feb 2024 2:00,323.95,0,323.95
Saturday,17 Feb 2024 3:00,741.71,0,327.91
Saturday,17 Feb 2024 4:00,326.82,0,326.82
Saturday,17 Feb 2024 5:00,324.11,0,324.11
Saturday,17 Feb 2024 6:00,322.14,0,322.14
Saturday,17 Feb 2024 7:00,317.17,0,317.17
Saturday,17 Feb 2024 8:00,312.73,0,312.73
Saturday,17 Feb 2024 9:00,325.16,0,325.16
Saturday,17 Feb 2024 10:00,322.63,0,322.63
Saturday,17 Feb 2024 11:00,326.36,0,326.36
Saturday,17 Feb 2024 12:00,321.72,0,321.72
Saturday,17 Feb 2024 13:00,321.64,0,321.64
Saturday,17 Feb 2024 14:00,323.16,0,323.16
Saturday,17 Feb 2024 15:00,321.79,0,321.79
Saturday,17 Feb 2024 16:00,322.66,0,322.66
Saturday,17 Feb 2024 17:00,331.08,0,331.08
Saturday,17 Feb 2024 18:00,321.18,0,321.18
Saturday,17 Feb 2024 19:00,321.06,0,321.06
Saturday,17 Feb 2024 20:00,325.1,0,325.1
Saturday,17 Feb 2024 21:00,321.79,0,321.79
Saturday,17 Feb 2024 22:00,325.83,0,325.83
Saturday,17 Feb 2024 23:00,323.65,0,405.93
Sunday,18 Feb 2024 0:00,330.62,0,330.62
Sunday,18 Feb 2024 1:00,327.14,0,327.14
Sunday,18 Feb 2024 2:00,321.1,0,321.1
Sunday,18 Feb 2024 3:00,723.43,0,321.67
Sunday,18 Feb 2024 4:00,324.82,0,324.82
Sunday,18 Feb 2024 5:00,326.02,0,326.02
Sunday,18 Feb 2024 6:00,322.4,0,322.4
Sunday,18 Feb 2024 7:00,324.02,0,324.02
Sunday,18 Feb 2024 8:00,320.91,0,320.91
Sunday,18 Feb 2024 9:00,325.9,0,325.9
Sunday,18 Feb 2024 10:00,322.53,0,322.53
Sunday,18 Feb 2024 11:00,316.91,0,316.91
Sunday,18 Feb 2024 12:00,319.95,0,319.95
Sunday,18 Feb 2024 13:00,323.94,0,323.94
Sunday,18 Feb 2024 14:00,320.18,0,320.18
Sunday,18 Feb 2024 15:00,325.61,0,325.61
Sunday,18 Feb 2024 16:00,321.76,0,321.76
Sunday,18 Feb 2024 17:00,321.83,0,321.83
Sunday,18 Feb 2024 18:00,325.41,0,325.41
Sunday,18 Feb 2024 19:00,321.43,0,321.43
Sunday,18 Feb 2024 20:00,320.93,0,320.93
Sunday,18 Feb 2024 21:00,322.16,0,322.16
Sunday,18 Feb 2024 22:00,321.02,0,321.02
Sunday,18 Feb 2024 23:00,324.78,0,406.46
Monday,19 Feb 2024 0:00,320.82,0,320.82
Monday,19 Feb 2024 1:00,323.03,0,323.03
Monday,19 Feb 2024 2:00,318.23,0,318.23
Monday,19 Feb 2024 3:00,726.77,0,324.39
Monday,19 Feb 2024 4:00,320.56,0,320.56
Monday,19 Feb 2024 5:00,319.88,0,319.88
Monday,19 Feb 2024 6:00,322.49,0,322.49
Monday,19 Feb 2024 7:00,323.63,0,323.63
Monday,19 Feb 2024 8:00,320.03,0,320.03
Monday,19 Feb 2024 9:00,319.41,0,319.41
Monday,19 Feb 2024 10:00,315.27,0,315.27
Monday,19 Feb 2024 11:00,331.29,0,331.29
Monday,19 Feb 2024 12:00,322.01,0,322.01
Monday,19 Feb 2024 13:00,318.89,0,318.89
Monday,19 Feb 2024 14:00,325.38,0,325.38
Monday,19 Feb 2024 15:00,321.44,0,321.44
Monday,19 Feb 2024 16:00,319.3,0,319.3
Monday,19 Feb 2024 17:00,322.44,0,322.44
Monday,19 Feb 2024 18:00,326.59,0,326.59
Monday,19 Feb 2024 19:00,320.03,0,320.03
Monday,19 Feb 2024 20:00,321.48,0,321.48
Monday,19 Feb 2024 21:00,320.31,0,320.31
Monday,19 Feb 2024 22:00,322.9,0,322.9
Monday,19 Feb 2024 23:00,321.74,0,405.14
Tuesday,20 Feb 2024 0:00,324.64,0,324.64
Tuesday,20 Feb 2024 1:00,328.05,0,328.05
Tuesday,20 Feb 2024 2:00,321.43,0,321.43
Tuesday,20 Feb 2024 3:00,716.88,0,321.01
Tuesday,20 Feb 2024 4:00,322.54,0,322.54
Tuesday,20 Feb 2024 5:00,316.94,0,316.94
Tuesday,20 Feb 2024 6:00,310.54,0,310.54
Tuesday,20 Feb 2024 7:00,308.33,0,308.33
Tuesday,20 Feb 2024 8:00,321,0,321
Tuesday,20 Feb 2024 9:00,319,0,319
Tuesday,20 Feb 2024 10:00,319.32,0,319.32
Tuesday,20 Feb 2024 11:00,313.93,0,313.93
Tuesday,20 Feb 2024 12:00,317.82,0,317.82
Tuesday,20 Feb 2024 13:00,325.97,0,325.97
Tuesday,20 Feb 2024 14:00,320.38,0,320.38
Tuesday,20 Feb 2024 15:00,328.69,0,328.69
Tuesday,20 Feb 2024 16:00,319.36,0,319.36
Tuesday,20 Feb 2024 17:00,318.59,0,318.59
Tuesday,20 Feb 2024 18:00,328.69,0,328.69
Tuesday,20 Feb 2024 19:00,321.37,0,321.37
Tuesday,20 Feb 2024 20:00,323.06,0,323.06
Tuesday,20 Feb 2024 21:00,318.71,0,318.71
Tuesday,20 Feb 2024 22:00,327.31,0,327.31
Tuesday,20 Feb 2024 23:00,326.12,0,406.42
Wednesday,21 Feb 2024 0:00,320.36,0,320.36
Wednesday,21 Feb 2024 1:00,328.21,0,328.21
Wednesday,21 Feb 2024 2:00,325.12,0,325.12
Wednesday,21 Feb 2024 3:00,746.24,0,328.94
Wednesday,21 Feb 2024 4:00,321.51,0,321.51
Wednesday,21 Feb 2024 5:00,322.78,0,322.78
Wednesday,21 Feb 2024 6:00,314.65,0,314.65
Wednesday,21 Feb 2024 7:00,315.71,0,315.71
Wednesday,21 Feb 2024 8:00,324.17,0,324.17
Wednesday,21 Feb 2024 9:00,322.48,0,322.48
Wednesday,21 Feb 2024 10:00,322.5,0,322.5
Wednesday,21 Feb 2024 11:00,319,0,319
Wednesday,21 Feb 2024 12:00,321.66,0,321.66
Wednesday,21 Feb 2024 13:00,318.22,0,318.22
Wednesday,21 Feb 2024 14:00,318.25,0,318.25
Wednesday,21 Feb 2024 15:00,314.32,0,314.32
Wednesday,21 Feb 2024 16:00,321.36,0,321.36
Wednesday,21 Feb 2024 17:00,320,0,320
Wednesday,21 Feb 2024 18:00,326.8,0,326.8
Wednesday,21 Feb 2024 19:00,327.5,0,327.5
Wednesday,21 Feb 2024 20:00,330.29,0,330.29
Wednesday,21 Feb 2024 21:00,326.72,0,326.72
Wednesday,21 Feb 2024 22:00,314.35,0,314.35
Wednesday,21 Feb 2024 23:00,317.75,0,397
Thursday,22 Feb 2024 0:00,314.79,0,314.79
Thursday,22 Feb 2024 1:00,323.42,0,323.42
Thursday,22 Feb 2024 2:00,323.95,0,323.95
Thursday,22 Feb 2024 3:00,717.71,0,319.49
Thursday,22 Feb 2024 4:00,324.15,0,324.15
Thursday,22 Feb 2024 5:00,319.19,0,319.19
Thursday,22 Feb 2024 6:00,311.77,0,311.77
Thursday,22 Feb 2024 7:00,323.38,0,323.38
Thursday,22 Feb 2024 8:00,310.92,0,310.92
Thursday,22 Feb 2024 9:00,303.27,0,303.27
Thursday,22 Feb 2024 10:00,317.4,0,317.4
Thursday,22 Feb 2024 11:00,317.38,0,317.38
Thursday,22 Feb 2024 12:00,328.44,0,328.44
Thursday,22 Feb 2024 13:00,317.87,0,317.87
Thursday,22 Feb 2024 14:00,322.1,0,322.1
Thursday,22 Feb 2024 15:00,322.39,0,322.39
Thursday,22 Feb 2024 16:00,319.29,0,319.29
Thursday,22 Feb 2024 17:00,323.37,0,323.37
Thursday,22 Feb 2024 18:00,321.04,0,321.04
Thursday,22 Feb 2024 19:00,322.31,0,322.31
Thursday,22 Feb 2024 20:00,323.5,0,323.5
Thursday,22 Feb 2024 21:00,325.38,0,325.38
Thursday,22 Feb 2024 22:00,326.92,0,326.92
Thursday,22 Feb 2024 23:00,328.33,0,408.12
Friday,23 Feb 2024 0:00,323.96,0,323.96
Friday,23 Feb 2024 1:00,325.72,0,325.72
Friday,23 Feb 2024 2:00,328.39,0,328.39
Friday,23 Feb 2024 3:00,723.4,0,322.44
Friday,23 Feb 2024 4:00,325.55,0,325.55
Friday,23 Feb 2024 5:00,323.11,0,323.11
Friday,23 Feb 2024 6:00,320.19,0,320.19
Friday,23 Feb 2024 7:00,314.67,0,314.67
Friday,23 Feb 2024 8:00,321.32,0,321.32
Friday,23 Feb 2024 9:00,328.17,0,328.17
Friday,23 Feb 2024 10:00,322.6,0,322.6
Friday,23 Feb 2024 11:00,317.74,0,317.74
Friday,23 Feb 2024 12:00,322.74,0,322.74
Friday,23 Feb 2024 13:00,324.95,0,324.95
Friday,23 Feb 2024 14:00,324.06,0,324.06
Friday,23 Feb 2024 15:00,326.8,0,326.8
Friday,23 Feb 2024 16:00,330.1,0,330.1
Friday,23 Feb 2024 17:00,324.48,0,324.48
Friday,23 Feb 2024 18:00,317.62,0,317.62
Friday,23 Feb 2024 19:00,323.25,0,323.25
Friday,23 Feb 2024 20:00,321.81,0,321.81
Friday,23 Feb 2024 21:00,318.48,0,318.48
Friday,23 Feb 2024 22:00,313.38,0,313.38
Friday,23 Feb 2024 23:00,328.79,0,411.68
Saturday,24 Feb 2024 0:00,320.78,0,320.78
Saturday,24 Feb 2024 1:00,324.21,0,324.21
Saturday,24 Feb 2024 2:00,324.81,0,324.81
Saturday,24 Feb 2024 3:00,740.02,0,327.24
Saturday,24 Feb 2024 4:00,327.59,0,327.59
Saturday,24 Feb 2024 5:00,330.02,0,330.02
Saturday,24 Feb 2024 6:00,325.69,0,325.69
Saturday,24 Feb 2024 7:00,320.4,0,320.4
Saturday,24 Feb 2024 8:00,324.4,0,324.4
Saturday,24 Feb 2024 9:00,318.88,0,318.88
Saturday,24 Feb 2024 10:00,321.03,0,321.03
Saturday,24 Feb 2024 11:00,325.72,0,325.72
Saturday,24 Feb 2024 12:00,326.87,0,326.87
Saturday,24 Feb 2024 13:00,328.29,0,328.29
Saturday,24 Feb 2024 14:00,322.48,0,322.48
Saturday,24 Feb 2024 15:00,325.76,0,325.76
Saturday,24 Feb 2024 16:00,317.95,0,317.95
Saturday,24 Feb 2024 17:00,325.14,0,325.14
Saturday,24 Feb 2024 18:00,318.7,0,318.7
Saturday,24 Feb 2024 19:00,320.74,0,320.74
Saturday,24 Feb 2024 20:00,322.99,0,322.99
Saturday,24 Feb 2024 21:00,320.09,0,320.09
Saturday,24 Feb 2024 22:00,321.5,0,321.5
Saturday,24 Feb 2024 23:00,321.02,0,402.16
Sunday,25 Feb 2024 0:00,319.66,0,319.66
Sunday,25 Feb 2024 1:00,318.68,0,318.68
Sunday,25 Feb 2024 2:00,322.97,0,322.97
Sunday,25 Feb 2024 3:00,730.85,0,322.66
Sunday,25 Feb 2024 4:00,324.33,0,324.33
Sunday,25 Feb 2024 5:00,324.26,0,324.26
Sunday,25 Feb 2024 6:00,327.31,0,327.31
Sunday,25 Feb 2024 7:00,328.17,0,328.17
Sunday,25 Feb 2024 8:00,330.14,0,330.14
Sunday,25 Feb 2024 9:00,322.82,0,322.82
Sunday,25 Feb 2024 10:00,328.32,0,328.32
Sunday,25 Feb 2024 11:00,326.79,0,326.79
Sunday,25 Feb 2024 12:00,324.34,0,324.34
Sunday,25 Feb 2024 13:00,316.91,0,316.91
Sunday,25 Feb 2024 14:00,317.84,0,317.84
Sunday,25 Feb 2024 15:00,323.15,0,323.15
Sunday,25 Feb 2024 16:00,320.92,0,320.92
Sunday,25 Feb 2024 17:00,326.97,0,326.97
Sunday,25 Feb 2024 18:00,323.89,0,323.89
Sunday,25 Feb 2024 19:00,312.17,0,312.17
Sunday,25 Feb 2024 20:00,328.66,0,328.66
Sunday,25 Feb 2024 21:00,328.41,0,328.41
Sunday,25 Feb 2024 22:00,322.03,0,322.03
Sunday,25 Feb 2024 23:00,325.09,0,405.94
Monday,26 Feb 2024 0:00,327.51,0,327.51
Monday,26 Feb 2024 1:00,326.28,0,326.28
Monday,26 Feb 2024 2:00,325.45,0,325.45
Monday,26 Feb 2024 3:00,751.5,0,334.51
Monday,26 Feb 2024 4:00,323.36,0,323.36
Monday,26 Feb 2024 5:00,326.62,0,326.62
Monday,26 Feb 2024 6:00,324.41,0,324.41
Monday,26 Feb 2024 7:00,318.05,0,318.05
Monday,26 Feb 2024 8:00,328.92,0,328.92
Monday,26 Feb 2024 9:00,316.58,0,316.58
Monday,26 Feb 2024 10:00,318.95,0,318.95
Monday,26 Feb 2024 11:00,320.6,0,320.6
Monday,26 Feb 2024 12:00,319.72,0,319.72
Monday,26 Feb 2024 13:00,317.71,0,317.71
Monday,26 Feb 2024 14:00,318.81,0,318.81
Monday,26 Feb 2024 15:00,321.23,0,321.23
Monday,26 Feb 2024 16:00,328.48,0,328.48
Monday,26 Feb 2024 17:00,328.49,0,328.49
Monday,26 Feb 2024 18:00,321.96,0,321.96
Monday,26 Feb 2024 19:00,327.76,0,327.76
Monday,26 Feb 2024 20:00,318.6,0,318.6
Monday,26 Feb 2024 21:00,318.41,0,318.41
Monday,26 Feb 2024 22:00,326.97,0,326.97
Monday,26 Feb 2024 23:00,325.88,0,406.81
Tuesday,27 Feb 2024 0:00,325.12,0,325.12
Tuesday,27 Feb 2024 1:00,328.63,0,328.63
Tuesday,27 Feb 2024 2:00,246.97,0,246.97
Tuesday,27 Feb 2024 3:00,727.36,0,325.76
Tuesday,27 Feb 2024 4:00,329.09,0,329.09
Tuesday,27 Feb 2024 5:00,328.73,0,328.73
Tuesday,27 Feb 2024 6:00,324.95,0,324.95
Tuesday,27 Feb 2024 7:00,314.92,0,314.92
Tuesday,27 Feb 2024 8:00,321.92,0,321.92
Tuesday,27 Feb 2024 9:00,333.45,0,333.45
Tuesday,27 Feb 2024 10:00,317.72,0,317.72
Tuesday,27 Feb 2024 11:00,323.33,0,323.33
Tuesday,27 Feb 2024 12:00,314.47,0,314.47
Tuesday,27 Feb 2024 13:00,317.22,0,317.22
Tuesday,27 Feb 2024 14:00,366.91,0,366.91
Tuesday,27 Feb 2024 15:00,373.04,0,373.04
Tuesday,27 Feb 2024 16:00,330.63,0,330.63
Tuesday,27 Feb 2024 17:00,327.16,0,327.16
Tuesday,27 Feb 2024 18:00,322.54,0,322.54
Tuesday,27 Feb 2024 19:00,317.77,0,317.77
Tuesday,27 Feb 2024 20:00,322.03,0,322.03
Tuesday,27 Feb 2024 21:00,308.24,0,308.24
Tuesday,27 Feb 2024 22:00,323.64,0,323.64
Tuesday,27 Feb 2024 23:00,331.19,0,416.46
Wednesday,28 Feb 2024 0:00,330.95,0,330.95
Wednesday,28 Feb 2024 1:00,333.4,0,333.4
Wednesday,28 Feb 2024 2:00,321.76,0,321.76
Wednesday,28 Feb 2024 3:00,712.86,0,319.64
Wednesday,28 Feb 2024 4:00,328.86,0,328.86
Wednesday,28 Feb 2024 5:00,325.54,0,325.54
Wednesday,28 Feb 2024 6:00,323.44,0,323.44
Wednesday,28 Feb 2024 7:00,319.39,0,319.39
Wednesday,28 Feb 2024 8:00,418.72,0,418.72
Wednesday,28 Feb 2024 9:00,402.59,0,402.59
Wednesday,28 Feb 2024 10:00,395.65,0,395.65
Wednesday,28 Feb 2024 11:00,327.38,0,327.38
Wednesday,28 Feb 2024 12:00,332.32,0,332.32
Wednesday,28 Feb 2024 13:00,324.27,0,324.27
Wednesday,28 Feb 2024 14:00,328.91,0,328.91
Wednesday,28 Feb 2024 15:00,340.93,0,340.93
Wednesday,28 Feb 2024 16:00,337.91,0,337.91
Wednesday,28 Feb 2024 17:00,315.4,0,315.4
Wednesday,28 Feb 2024 18:00,323.19,0,323.19
Wednesday,28 Feb 2024 19:00,311.85,0,311.85
Wednesday,28 Feb 2024 20:00,320.77,0,320.77
Wednesday,28 Feb 2024 21:00,318.65,0,318.65
Wednesday,28 Feb 2024 22:00,320.81,0,320.81
Wednesday,28 Feb 2024 23:00,320.7,0,401.62
Thursday,29 Feb 2024 0:00,319.03,0,319.03
Thursday,29 Feb 2024 1:00,324.54,0,324.54
Thursday,29 Feb 2024 2:00,326.92,0,326.92
Thursday,29 Feb 2024 3:00,756.77,0,334.84
Thursday,29 Feb 2024 4:00,329.6,0,329.6
Thursday,29 Feb 2024 5:00,327.95,0,327.95
Thursday,29 Feb 2024 6:00,320.17,0,320.17
Thursday,29 Feb 2024 7:00,320.59,0,320.59
Thursday,29 Feb 2024 8:00,322.66,0,322.66
Thursday,29 Feb 2024 9:00,322.98,0,322.98
Thursday,29 Feb 2024 10:00,322.98,0,322.98
Thursday,29 Feb 2024 11:00,315.94,0,315.94
Thursday,29 Feb 2024 12:00,314.76,0,314.76
Thursday,29 Feb 2024 13:00,321.82,0,321.82
Thursday,29 Feb 2024 14:00,322.34,0,322.34
Thursday,29 Feb 2024 15:00,319.33,0,319.33
Thursday,29 Feb 2024 16:00,319.11,0,319.11
Thursday,29 Feb 2024 17:00,311.56,0,311.56
Thursday,29 Feb 2024 18:00,311.74,0,311.74
Thursday,29 Feb 2024 19:00,238.87,0,238.87
Thursday,29 Feb 2024 20:00,325.82,0,325.82
Thursday,29 Feb 2024 21:00,321.06,0,321.06
Thursday,29 Feb 2024 22:00,322.12,0,322.12
Thursday,29 Feb 2024 23:00,322.43,0,406.28
Friday,01 Mar 2024 0:00,325.35,0,325.35
Friday,01 Mar 2024 1:00,327.84,0,327.84
Friday,01 Mar 2024 2:00,329.41,0,329.41
Friday,01 Mar 2024 3:00,744.11,0,324.68
Friday,01 Mar 2024 4:00,323.4,0,323.4
Friday,01 Mar 2024 5:00,320.52,0,320.52
Friday,01 Mar 2024 6:00,324.08,0,324.08
Friday,01 Mar 2024 7:00,319.45,0,319.45
Friday,01 Mar 2024 8:00,316.83,0,316.83
Friday,01 Mar 2024 9:00,322.95,0,322.95
Friday,01 Mar 2024 10:00,315.14,0,315.14
Friday,01 Mar 2024 11:00,327.09,0,327.09
Friday,01 Mar 2024 12:00,325.31,0,325.31
Friday,01 Mar 2024 13:00,322.76,0,322.76
Friday,01 Mar 2024 14:00,320.53,0,320.53
Friday,01 Mar 2024 15:00,318.12,0,318.12
Friday,01 Mar 2024 16:00,324.79,0,324.79
Friday,01 Mar 2024 17:00,317.87,0,317.87
Friday,01 Mar 2024 18:00,326.25,0,326.25
Friday,01 Mar 2024 19:00,324.55,0,324.55
Friday,01 Mar 2024 20:00,321.19,0,321.19
Friday,01 Mar 2024 21:00,330.72,0,330.72
Friday,01 Mar 2024 22:00,335.09,0,335.09
Friday,01 Mar 2024 23:00,325.37,0,405.49
Saturday,02 Mar 2024 0:00,325.93,0,325.93
Saturday,02 Mar 2024 1:00,324.75,0,324.75
Saturday,02 Mar 2024 2:00,323.31,0,323.31
Saturday,02 Mar 2024 3:00,730.41,0,324.16
Saturday,02 Mar 2024 4:00,331.59,0,331.59
Saturday,02 Mar 2024 5:00,323.07,0,323.07
Saturday,02 Mar 2024 6:00,323.03,0,323.03
Saturday,02 Mar 2024 7:00,322.23,0,322.23
Saturday,02 Mar 2024 8:00,326.31,0,326.31
Saturday,02 Mar 2024 9:00,326.89,0,326.89
Saturday,02 Mar 2024 10:00,326.5,0,326.5
Saturday,02 Mar 2024 11:00,331.48,0,331.48
Saturday,02 Mar 2024 12:00,319.06,0,319.06
Saturday,02 Mar 2024 13:00,323.14,0,323.14
Saturday,02 Mar 2024 14:00,327.07,0,327.07
Saturday,02 Mar 2024 15:00,327.67,0,327.67
Saturday,02 Mar 2024 16:00,328.85,0,328.85
Saturday,02 Mar 2024 17:00,325.02,0,325.02
Saturday,02 Mar 2024 18:00,322.3,0,322.3
Saturday,02 Mar 2024 19:00,322.74,0,322.74
Saturday,02 Mar 2024 20:00,323.72,0,323.72
Saturday,02 Mar 2024 21:00,322.86,0,322.86
Saturday,02 Mar 2024 22:00,326.93,0,326.93
Saturday,02 Mar 2024 23:00,329.92,0,410.8
Sunday,03 Mar 2024 0:00,333.74,0,333.74
Sunday,03 Mar 2024 1:00,327.01,0,327.01
Sunday,03 Mar 2024 2:00,327.97,0,327.97
Sunday,03 Mar 2024 3:00,740.16,0,325.91
Sunday,03 Mar 2024 4:00,327.27,0,327.27
Sunday,03 Mar 2024 5:00,319.22,0,319.22
Sunday,03 Mar 2024 6:00,318.9,0,318.9
Sunday,03 Mar 2024 7:00,322.88,0,322.88
Sunday,03 Mar 2024 8:00,332.35,0,332.35
Sunday,03 Mar 2024 9:00,329.07,0,329.07
Sunday,03 Mar 2024 10:00,320.92,0,320.92
Sunday,03 Mar 2024 11:00,326.74,0,326.74
Sunday,03 Mar 2024 12:00,322.49,0,322.49
Sunday,03 Mar 2024 13:00,321.77,0,321.77
Sunday,03 Mar 2024 14:00,321.04,0,321.04
Sunday,03 Mar 2024 15:00,329.35,0,329.35
Sunday,03 Mar 2024 16:00,327.1,0,327.1
Sunday,03 Mar 2024 17:00,318.98,0,318.98
Sunday,03 Mar 2024 18:00,329.47,0,329.47
Sunday,03 Mar 2024 19:00,322.91,0,322.91
Sunday,03 Mar 2024 20:00,324.91,0,324.91
Sunday,03 Mar 2024 21:00,324.94,0,324.94
Sunday,03 Mar 2024 22:00,325.65,0,325.65
Sunday,03 Mar 2024 23:00,321.59,0,401.69
Monday,04 Mar 2024 0:00,326.61,0,326.61
Monday,04 Mar 2024 1:00,317.39,0,317.39
Monday,04 Mar 2024 2:00,325.53,0,325.53
Monday,04 Mar 2024 3:00,729.16,0,324.73
Monday,04 Mar 2024 4:00,323.27,0,323.27
Monday,04 Mar 2024 5:00,319.03,0,319.03
Monday,04 Mar 2024 6:00,322.95,0,322.95
Monday,04 Mar 2024 7:00,324.45,0,324.45
Monday,04 Mar 2024 8:00,328.17,0,328.17
Monday,04 Mar 2024 9:00,320.66,0,320.66
Monday,04 Mar 2024 10:00,317.51,0,317.51
Monday,04 Mar 2024 11:00,329.91,0,329.91
Monday,04 Mar 2024 12:00,318.58,0,318.58
Monday,04 Mar 2024 13:00,331.05,0,331.05
Monday,04 Mar 2024 14:00,319.34,0,319.34
Monday,04 Mar 2024 15:00,324.54,0,324.54
Monday,04 Mar 2024 16:00,321.9,0,321.9
Monday,04 Mar 2024 17:00,319.49,0,319.49
Monday,04 Mar 2024 18:00,321.71,0,321.71
Monday,04 Mar 2024 19:00,325.17,0,325.17
Monday,04 Mar 2024 20:00,322.14,0,322.14
Monday,04 Mar 2024 21:00,317.67,0,317.67
Monday,04 Mar 2024 22:00,319.08,0,319.08
Monday,04 Mar 2024 23:00,321.97,0,399.73
Tuesday,05 Mar 2024 0:00,326.05,0,326.05
Tuesday,05 Mar 2024 1:00,328.44,0,328.44
Tuesday,05 Mar 2024 2:00,326.75,0,326.75
Tuesday,05 Mar 2024 3:00,744.45,0,327.25
Tuesday,05 Mar 2024 4:00,331.02,0,331.02
Tuesday,05 Mar 2024 5:00,327.81,0,327.81
Tuesday,05 Mar 2024 6:00,324.54,0,324.54
Tuesday,05 Mar 2024 7:00,320.66,0,320.66
Tuesday,05 Mar 2024 8:00,318.63,0,318.63
Tuesday,05 Mar 2024 9:00,321.86,0,321.86
Tuesday,05 Mar 2024 10:00,322.84,0,322.84
Tuesday,05 Mar 2024 11:00,322.34,0,322.34
Tuesday,05 Mar 2024 12:00,316.48,0,316.48
Tuesday,05 Mar 2024 13:00,325.77,0,325.77
Tuesday,05 Mar 2024 14:00,322.88,0,322.88
Tuesday,05 Mar 2024 15:00,324.41,0,324.41
Tuesday,05 Mar 2024 16:00,320.81,0,320.81
Tuesday,05 Mar 2024 17:00,317.48,0,317.48
Tuesday,05 Mar 2024 18:00,317.79,0,317.79
Tuesday,05 Mar 2024 19:00,320.49,0,320.49
Tuesday,05 Mar 2024 20:00,325.79,0,325.79
Tuesday,05 Mar 2024 21:00,327.6,0,327.6
Tuesday,05 Mar 2024 22:00,330.84,0,330.84
Tuesday,05 Mar 2024 23:00,318.99,0,398.09
Wednesday,06 Mar 2024 0:00,323.27,0,323.27
Wednesday,06 Mar 2024 1:00,330.65,0,330.65
Wednesday,06 Mar 2024 2:00,326.67,0,326.67
Wednesday,06 Mar 2024 3:00,653.77,0,245.14
Wednesday,06 Mar 2024 4:00,334.38,0,334.38
Wednesday,06 Mar 2024 5:00,327.39,0,327.39
Wednesday,06 Mar 2024 6:00,322.2,0,322.2
Wednesday,06 Mar 2024 7:00,322.94,0,322.94
Wednesday,06 Mar 2024 8:00,321.97,0,321.97
Wednesday,06 Mar 2024 9:00,323.78,0,323.78
Wednesday,06 Mar 2024 10:00,321.76,0,321.76
Wednesday,06 Mar 2024 11:00,327.46,0,327.46
Wednesday,06 Mar 2024 12:00,315.82,0,315.82
Wednesday,06 Mar 2024 13:00,324.47,0,324.47
Wednesday,06 Mar 2024 14:00,320.32,0,320.32
Wednesday,06 Mar 2024 15:00,329.59,0,329.59
Wednesday,06 Mar 2024 16:00,324.15,0,324.15
Wednesday,06 Mar 2024 17:00,313.32,0,313.32
Wednesday,06 Mar 2024 18:00,314.36,0,314.36
Wednesday,06 Mar 2024 19:00,323.48,0,323.48
Wednesday,06 Mar 2024 20:00,328.99,0,328.99
Wednesday,06 Mar 2024 21:00,327.97,0,327.97
Wednesday,06 Mar 2024 22:00,324.84,0,324.84
Wednesday,06 Mar 2024 23:00,327.45,0,413.15
Thursday,07 Mar 2024 0:00,328.2,0,328.2
Thursday,07 Mar 2024 1:00,325.72,0,325.72
Thursday,07 Mar 2024 2:00,326.82,0,326.82
Thursday,07 Mar 2024 3:00,728.93,0,330.5
Thursday,07 Mar 2024 4:00,318.51,0,318.51
Thursday,07 Mar 2024 5:00,326.18,0,326.18
Thursday,07 Mar 2024 6:00,329.45,0,329.45
Thursday,07 Mar 2024 7:00,324.83,0,324.83
Thursday,07 Mar 2024 8:00,320.69,0,320.69
Thursday,07 Mar 2024 9:00,323.4,0,323.4
Thursday,07 Mar 2024 10:00,330.72,0,330.72
Thursday,07 Mar 2024 11:00,349.4,0,349.4
Thursday,07 Mar 2024 12:00,325.39,0,325.39
Thursday,07 Mar 2024 13:00,326.37,0,326.37
Thursday,07 Mar 2024 14:00,323.3,0,323.3
Thursday,07 Mar 2024 15:00,329.69,0,329.69
Thursday,07 Mar 2024 16:00,325.85,0,325.85
Thursday,07 Mar 2024 17:00,324.22,0,324.22
Thursday,07 Mar 2024 18:00,324.46,0,324.46
Thursday,07 Mar 2024 19:00,319.41,0,319.41
Thursday,07 Mar 2024 20:00,336.61,0,336.61
Thursday,07 Mar 2024 21:00,328.95,0,328.95
Thursday,07 Mar 2024 22:00,324.02,0,324.02
Thursday,07 Mar 2024 23:00,332.44,0,417.03
Friday,08 Mar 2024 0:00,323.59,0,323.59
Friday,08 Mar 2024 1:00,328.64,0,328.64
Friday,08 Mar 2024 2:00,331.37,0,331.37
Friday,08 Mar 2024 3:00,722.34,0,326.62
Friday,08 Mar 2024 4:00,329.8,0,329.8
Friday,08 Mar 2024 5:00,325.49,0,325.49
Friday,08 Mar 2024 6:00,321.84,0,321.84
Friday,08 Mar 2024 7:00,321.22,0,321.22
Friday,08 Mar 2024 8:00,326.79,0,326.79
Friday,08 Mar 2024 9:00,317.97,0,317.97
Friday,08 Mar 2024 10:00,317.53,0,317.53
Friday,08 Mar 2024 11:00,326.24,0,326.24
Friday,08 Mar 2024 12:00,319.64,0,319.64
Friday,08 Mar 2024 13:00,319.16,0,319.16
Friday,08 Mar 2024 14:00,320.74,0,320.74
Friday,08 Mar 2024 15:00,325.34,0,325.34
Friday,08 Mar 2024 16:00,321.36,0,321.36
Friday,08 Mar 2024 17:00,318.57,0,318.57
Friday,08 Mar 2024 18:00,318.88,0,318.88
Friday,08 Mar 2024 19:00,328.41,0,328.41
Friday,08 Mar 2024 20:00,328.02,0,328.02
Friday,08 Mar 2024 21:00,322.39,0,322.39
Friday,08 Mar 2024 22:00,325.43,0,325.43
Friday,08 Mar 2024 23:00,332.08,0,415.26
Saturday,09 Mar 2024 0:00,325.84,0,325.84
Saturday,09 Mar 2024 1:00,325.71,0,325.71
Saturday,09 Mar 2024 2:00,329.26,0,329.26
Saturday,09 Mar 2024 3:00,723.17,0,321.65
Saturday,09 Mar 2024 4:00,324.96,0,324.96
Saturday,09 Mar 2024 5:00,327.72,0,327.72
Saturday,09 Mar 2024 6:00,323.1,0,323.1
Saturday,09 Mar 2024 7:00,319.17,0,319.17
Saturday,09 Mar 2024 8:00,319.16,0,319.16
Saturday,09 Mar 2024 9:00,318.82,0,318.82
Saturday,09 Mar 2024 10:00,323.9,0,323.9
Saturday,09 Mar 2024 11:00,329.91,0,329.91
Saturday,09 Mar 2024 12:00,323.16,0,323.16
Saturday,09 Mar 2024 13:00,323.56,0,323.56
Saturday,09 Mar 2024 14:00,323.56,0,323.56
Saturday,09 Mar 2024 15:00,322.46,0,322.46
Saturday,09 Mar 2024 16:00,320,0,320
Saturday,09 Mar 2024 17:00,328.97,0,328.97
Saturday,09 Mar 2024 18:00,326.04,0,326.04
Saturday,09 Mar 2024 19:00,325.66,0,325.66
Saturday,09 Mar 2024 20:00,324.27,0,324.27
Saturday,09 Mar 2024 21:00,320.48,0,320.48
Saturday,09 Mar 2024 22:00,324.54,0,324.54
Saturday,09 Mar 2024 23:00,321.75,0,404.52
Sunday,10 Mar 2024 0:00,322.04,0,322.04
Sunday,10 Mar 2024 1:00,245.02,0,245.02
Sunday,10 Mar 2024 2:00,52.94,0,52.94
Sunday,10 Mar 2024 3:00,729.6,0,323.69
Sunday,10 Mar 2024 4:00,319.12,0,319.12
Sunday,10 Mar 2024 5:00,326.92,0,326.92
Sunday,10 Mar 2024 6:00,324.41,0,324.41
Sunday,10 Mar 2024 7:00,319.44,0,319.44
Sunday,10 Mar 2024 8:00,322.48,0,322.48
Sunday,10 Mar 2024 9:00,318.61,0,318.61
Sunday,10 Mar 2024 10:00,326.9,0,326.9
Sunday,10 Mar 2024 11:00,328.18,0,328.18
Sunday,10 Mar 2024 12:00,316.27,0,316.27
Sunday,10 Mar 2024 13:00,324.37,0,324.37
Sunday,10 Mar 2024 14:00,326.81,0,326.81
Sunday,10 Mar 2024 15:00,329.61,0,329.61
Sunday,10 Mar 2024 16:00,324.13,0,324.13
Sunday,10 Mar 2024 17:00,327.72,0,327.72
Sunday,10 Mar 2024 18:00,326.4,0,326.4
Sunday,10 Mar 2024 19:00,324.21,0,324.21
Sunday,10 Mar 2024 20:00,325.37,0,325.37
Sunday,10 Mar 2024 21:00,330.7,0,330.7
Sunday,10 Mar 2024 22:00,323.2,0,323.2
Sunday,10 Mar 2024 23:00,323.78,0,407.7
Monday,11 Mar 2024 0:00,325.39,0,325.39
Monday,11 Mar 2024 1:00,325.06,0,325.06
Monday,11 Mar 2024 2:00,325.55,0,325.55
Monday,11 Mar 2024 3:00,729.4,0,324.25
Monday,11 Mar 2024 4:00,327.77,0,327.77
Monday,11 Mar 2024 5:00,324.5,0,324.5
Monday,11 Mar 2024 6:00,322.43,0,322.43
Monday,11 Mar 2024 7:00,321.93,0,321.93
Monday,11 Mar 2024 8:00,325.96,0,325.96
Monday,11 Mar 2024 9:00,322.42,0,322.42
Monday,11 Mar 2024 10:00,315.73,0,315.73
Monday,11 Mar 2024 11:00,321.19,0,321.19
Monday,11 Mar 2024 12:00,319.63,0,319.63
Monday,11 Mar 2024 13:00,324.87,0,324.87
Monday,11 Mar 2024 14:00,321.07,0,321.07
Monday,11 Mar 2024 15:00,321.88,0,321.88
Monday,11 Mar 2024 16:00,318.87,0,318.87
Monday,11 Mar 2024 17:00,321.83,0,321.83
Monday,11 Mar 2024 18:00,329.76,0,329.76
Monday,11 Mar 2024 19:00,323.88,0,323.88
Monday,11 Mar 2024 20:00,321.18,0,321.18
Monday,11 Mar 2024 21:00,324.51,0,324.51
Monday,11 Mar 2024 22:00,328.5,0,328.5
Monday,11 Mar 2024 23:00,319.69,0,397.88
Tuesday,12 Mar 2024 0:00,331.88,0,331.88
Tuesday,12 Mar 2024 1:00,329.1,0,329.1
Tuesday,12 Mar 2024 2:00,323.19,0,323.19
Tuesday,12 Mar 2024 3:00,718.37,0,323.47
Tuesday,12 Mar 2024 4:00,326.24,0,326.24
Tuesday,12 Mar 2024 5:00,319.61,0,319.61
Tuesday,12 Mar 2024 6:00,322.39,0,322.39
Tuesday,12 Mar 2024 7:00,324.67,0,324.67
Tuesday,12 Mar 2024 8:00,319.21,0,319.21
Tuesday,12 Mar 2024 9:00,321.1,0,321.1
Tuesday,12 Mar 2024 10:00,325.14,0,325.14
Tuesday,12 Mar 2024 11:00,320.29,0,320.29
Tuesday,12 Mar 2024 12:00,318.54,0,318.54
Tuesday,12 Mar 2024 13:00,324.56,0,324.56
Tuesday,12 Mar 2024 14:00,324.79,0,324.79
Tuesday,12 Mar 2024 15:00,321.73,0,321.73
Tuesday,12 Mar 2024 16:00,317.78,0,317.78
Tuesday,12 Mar 2024 17:00,319.22,0,319.22
Tuesday,12 Mar 2024 18:00,317.86,0,317.86
Tuesday,12 Mar 2024 19:00,327.03,0,327.03
Tuesday,12 Mar 2024 20:00,323.61,0,323.61
Tuesday,12 Mar 2024 21:00,326.98,0,326.98
Tuesday,12 Mar 2024 22:00,318.13,0,318.13
Tuesday,12 Mar 2024 23:00,319.35,0,399.69
Wednesday,13 Mar 2024 0:00,330.74,0,330.74
Wednesday,13 Mar 2024 1:00,327.64,0,327.64
Wednesday,13 Mar 2024 2:00,323.12,0,323.12
Wednesday,13 Mar 2024 3:00,726.72,0,327.01
Wednesday,13 Mar 2024 4:00,322.39,0,322.39
Wednesday,13 Mar 2024 5:00,319.27,0,319.27
Wednesday,13 Mar 2024 6:00,297.93,0,297.93
Wednesday,13 Mar 2024 7:00,312.42,0,312.42
Wednesday,13 Mar 2024 8:00,311.69,0,311.69
Wednesday,13 Mar 2024 9:00,314.25,0,314.25
Wednesday,13 Mar 2024 10:00,307.76,0,307.76
Wednesday,13 Mar 2024 11:00,310.74,0,310.74
Wednesday,13 Mar 2024 12:00,306.1,0,306.1
Wednesday,13 Mar 2024 13:00,309.25,0,309.25
Wednesday,13 Mar 2024 14:00,312.01,0,312.01
Wednesday,13 Mar 2024 15:00,319.56,0,319.56
Wednesday,13 Mar 2024 16:00,310.82,0,310.82
Wednesday,13 Mar 2024 17:00,311.45,0,311.45
Wednesday,13 Mar 2024 18:00,318.85,0,318.85
Wednesday,13 Mar 2024 19:00,310.78,0,310.78
Wednesday,13 Mar 2024 20:00,313.36,0,313.36
Wednesday,13 Mar 2024 21:00,314.9,0,314.9
Wednesday,13 Mar 2024 22:00,317.61,0,317.61
Wednesday,13 Mar 2024 23:00,319.84,0,401.74
Thursday,14 Mar 2024 0:00,317.87,0,317.87
Thursday,14 Mar 2024 1:00,317.26,0,317.26
Thursday,14 Mar 2024 2:00,316.3,0,316.3
Thursday,14 Mar 2024 3:00,712.31,0,319.77
Thursday,14 Mar 2024 4:00,315.24,0,315.24
Thursday,14 Mar 2024 5:00,323.03,0,323.03
Thursday,14 Mar 2024 6:00,306.46,0,306.46
Thursday,14 Mar 2024 7:00,309.98,0,309.98
Thursday,14 Mar 2024 8:00,317.33,0,317.33
Thursday,14 Mar 2024 9:00,308.57,0,308.57
Thursday,14 Mar 2024 10:00,307.63,0,307.63
Thursday,14 Mar 2024 11:00,308.38,0,308.38
Thursday,14 Mar 2024 12:00,361.59,0,361.59
Thursday,14 Mar 2024 13:00,614.28,0,614.28
Thursday,14 Mar 2024 14:00,358.92,0,358.92
Thursday,14 Mar 2024 15:00,306.13,0,306.13
Thursday,14 Mar 2024 16:00,310.94,0,310.94
Thursday,14 Mar 2024 17:00,304.42,0,304.42
Thursday,14 Mar 2024 18:00,307.74,0,307.74
Thursday,14 Mar 2024 19:00,309.37,0,309.37
Thursday,14 Mar 2024 20:00,305.42,0,305.42
Thursday,14 Mar 2024 21:00,315.03,0,315.03
Thursday,14 Mar 2024 22:00,318.22,0,318.22
Thursday,14 Mar 2024 23:00,316.92,0,397.06
Friday,15 Mar 2024 0:00,316.34,0,316.34
Friday,15 Mar 2024 1:00,315.79,0,315.79
Friday,15 Mar 2024 2:00,315.83,0,315.83
Friday,15 Mar 2024 3:00,722.46,0,315.5
Friday,15 Mar 2024 4:00,312.11,0,312.11
Friday,15 Mar 2024 5:00,309.87,0,309.87
Friday,15 Mar 2024 6:00,301,0,301
Friday,15 Mar 2024 7:00,292.47,0,292.47
Friday,15 Mar 2024 8:00,310.61,0,310.61
Friday,15 Mar 2024 9:00,309.35,0,309.35
Friday,15 Mar 2024 10:00,300.54,0,300.54
Friday,15 Mar 2024 11:00,310.39,0,310.39
Friday,15 Mar 2024 12:00,329.98,0,329.98
Friday,15 Mar 2024 13:00,321.35,0,321.35
Friday,15 Mar 2024 14:00,322.38,0,322.38
Friday,15 Mar 2024 15:00,326.1,0,326.1
Friday,15 Mar 2024 16:00,329.26,0,329.26
Friday,15 Mar 2024 17:00,330.19,0,330.19
Friday,15 Mar 2024 18:00,325.85,0,325.85
Friday,15 Mar 2024 19:00,324.81,0,324.81
Friday,15 Mar 2024 20:00,323.98,0,323.98
Friday,15 Mar 2024 21:00,324.71,0,324.71
Friday,15 Mar 2024 22:00,331.68,0,331.68
Friday,15 Mar 2024 23:00,324.44,0,406.09
Saturday,16 Mar 2024 0:00,328,0,328
Saturday,16 Mar 2024 1:00,332.12,0,332.12
Saturday,16 Mar 2024 2:00,330.99,0,330.99
Saturday,16 Mar 2024 3:00,247.67,0,247.67
Saturday,16 Mar 2024 4:00,646.49,0,246.18
Saturday,16 Mar 2024 5:00,331.96,0,331.96
Saturday,16 Mar 2024 6:00,320.4,0,320.4
Saturday,16 Mar 2024 7:00,318.61,0,318.61
Saturday,16 Mar 2024 8:00,324.42,0,324.42
Saturday,16 Mar 2024 9:00,326.76,0,326.76
Saturday,16 Mar 2024 10:00,323.24,0,323.24
Saturday,16 Mar 2024 11:00,327.15,0,327.15
Saturday,16 Mar 2024 12:00,320.58,0,320.58
Saturday,16 Mar 2024 13:00,318.08,0,318.08
Saturday,16 Mar 2024 14:00,326.85,0,326.85
Saturday,16 Mar 2024 15:00,319.85,0,319.85
Saturday,16 Mar 2024 16:00,315.1,0,315.1
Saturday,16 Mar 2024 17:00,325.23,0,325.23
Saturday,16 Mar 2024 18:00,329.98,0,329.98
Saturday,16 Mar 2024 19:00,330.16,0,330.16
Saturday,16 Mar 2024 20:00,336.57,0,336.57
Saturday,16 Mar 2024 21:00,332.73,0,332.73
Saturday,16 Mar 2024 22:00,326.36,0,326.36
Saturday,16 Mar 2024 23:00,332.23,0,418.36
Sunday,17 Mar 2024 0:00,321.83,0,321.83
Sunday,17 Mar 2024 1:00,328.08,0,328.08
Sunday,17 Mar 2024 2:00,328.23,0,328.23
Sunday,17 Mar 2024 3:00,775.54,0,340.18
Sunday,17 Mar 2024 4:00,329.86,0,329.86
Sunday,17 Mar 2024 5:00,332.63,0,332.63
Sunday,17 Mar 2024 6:00,323.79,0,323.79
Sunday,17 Mar 2024 7:00,324.46,0,324.46
Sunday,17 Mar 2024 8:00,319.18,0,319.18
Sunday,17 Mar 2024 9:00,315,0,315
Sunday,17 Mar 2024 10:00,328.57,0,328.57
Sunday,17 Mar 2024 11:00,329.21,0,329.21
Sunday,17 Mar 2024 12:00,332.27,0,332.27
Sunday,17 Mar 2024 13:00,330.9,0,330.9
Sunday,17 Mar 2024 14:00,331.04,0,331.04
Sunday,17 Mar 2024 15:00,331.26,0,331.26
Sunday,17 Mar 2024 16:00,329.27,0,329.27
Sunday,17 Mar 2024 17:00,245.67,0,327.63
Sunday,17 Mar 2024 18:00,405.01,0,323.05
Sunday,17 Mar 2024 19:00,326.9,0,326.9
Sunday,17 Mar 2024 20:00,334.47,0,334.47
Sunday,17 Mar 2024 21:00,323.25,0,323.25
Sunday,17 Mar 2024 22:00,330.31,0,330.31
Sunday,17 Mar 2024 23:00,330.94,0,415.31
Monday,18 Mar 2024 0:00,321.15,0,321.15
Monday,18 Mar 2024 1:00,330.14,0,330.14
Monday,18 Mar 2024 2:00,320.46,0,320.46
Monday,18 Mar 2024 3:00,722.17,0,323.51
Monday,18 Mar 2024 4:00,322.43,0,322.43
Monday,18 Mar 2024 5:00,317.77,0,317.77
Monday,18 Mar 2024 6:00,318.07,0,318.07
Monday,18 Mar 2024 7:00,319.51,0,319.51
Monday,18 Mar 2024 8:00,321.08,0,321.08
Monday,18 Mar 2024 9:00,321.04,0,321.04
Monday,18 Mar 2024 10:00,321.31,0,321.31
Monday,18 Mar 2024 11:00,313.5,0,313.5
Monday,18 Mar 2024 12:00,322.07,0,322.07
Monday,18 Mar 2024 13:00,318.43,0,318.43
Monday,18 Mar 2024 14:00,322.08,0,322.08
Monday,18 Mar 2024 15:00,325.73,0,325.73
Monday,18 Mar 2024 16:00,333.43,0,333.43
Monday,18 Mar 2024 17:00,327.94,0,327.94
Monday,18 Mar 2024 18:00,323.55,0,323.55
Monday,18 Mar 2024 19:00,328.34,0,328.34
Monday,18 Mar 2024 20:00,328.14,0,328.14
Monday,18 Mar 2024 21:00,319.04,0,319.04
Monday,18 Mar 2024 22:00,325.68,0,325.68
Monday,18 Mar 2024 23:00,321.73,0,400.8
Tuesday,19 Mar 2024 0:00,329.92,0,329.92
Tuesday,19 Mar 2024 1:00,332.14,0,332.14
Tuesday,19 Mar 2024 2:00,335.77,0,335.77
Tuesday,19 Mar 2024 3:00,730.22,0,326.48
Tuesday,19 Mar 2024 4:00,323.76,0,323.76
Tuesday,19 Mar 2024 5:00,322.32,0,322.32
Tuesday,19 Mar 2024 6:00,321.73,0,321.73
Tuesday,19 Mar 2024 7:00,314.67,0,314.67
Tuesday,19 Mar 2024 8:00,318.67,0,318.67
Tuesday,19 Mar 2024 9:00,321.26,0,321.26
Tuesday,19 Mar 2024 10:00,318.77,0,318.77
Tuesday,19 Mar 2024 11:00,327.43,0,327.43
Tuesday,19 Mar 2024 12:00,318.98,0,318.98
Tuesday,19 Mar 2024 13:00,322.1,0,322.1
Tuesday,19 Mar 2024 14:00,324.03,0,324.03
Tuesday,19 Mar 2024 15:00,327.7,0,327.7
Tuesday,19 Mar 2024 16:00,321.79,0,321.79
Tuesday,19 Mar 2024 17:00,326.12,0,326.12
Tuesday,19 Mar 2024 18:00,319.46,0,319.46
Tuesday,19 Mar 2024 19:00,325.36,0,325.36
Tuesday,19 Mar 2024 20:00,328.07,0,328.07
Tuesday,19 Mar 2024 21:00,327,0,327
Tuesday,19 Mar 2024 22:00,327.66,0,327.66
Tuesday,19 Mar 2024 23:00,327.65,0,409.32
Wednesday,20 Mar 2024 0:00,327.25,0,327.25
Wednesday,20 Mar 2024 1:00,328.38,0,328.38
Wednesday,20 Mar 2024 2:00,330.95,0,330.95
Wednesday,20 Mar 2024 3:00,727.12,0,328.36
Wednesday,20 Mar 2024 4:00,322.99,0,322.99
Wednesday,20 Mar 2024 5:00,328.25,0,328.25
Wednesday,20 Mar 2024 6:00,317.16,0,317.16
Wednesday,20 Mar 2024 7:00,317.2,0,317.2
Wednesday,20 Mar 2024 8:00,323.38,0,323.38
Wednesday,20 Mar 2024 9:00,318.44,0,318.44
Wednesday,20 Mar 2024 10:00,321.61,0,321.61
Wednesday,20 Mar 2024 11:00,322.37,0,322.37
Wednesday,20 Mar 2024 12:00,322.02,0,322.02
Wednesday,20 Mar 2024 13:00,319.68,0,319.68
Wednesday,20 Mar 2024 14:00,324.07,0,324.07
Wednesday,20 Mar 2024 15:00,326.87,0,326.87
Wednesday,20 Mar 2024 16:00,323.16,0,323.16
Wednesday,20 Mar 2024 17:00,320.96,0,320.96
Wednesday,20 Mar 2024 18:00,325.34,0,325.34
Wednesday,20 Mar 2024 19:00,317.93,0,317.93
Wednesday,20 Mar 2024 20:00,321.19,0,321.19
Wednesday,20 Mar 2024 21:00,327.6,0,327.6
Wednesday,20 Mar 2024 22:00,320.15,0,320.15
Wednesday,20 Mar 2024 23:00,324.95,0,407.73
Thursday,21 Mar 2024 0:00,326.46,0,326.46
Thursday,21 Mar 2024 1:00,320.33,0,320.33
Thursday,21 Mar 2024 2:00,320.33,0,320.33
Thursday,21 Mar 2024 3:00,742.04,0,328.8
Thursday,21 Mar 2024 4:00,319.02,0,319.02
Thursday,21 Mar 2024 5:00,319.6,0,319.6
Thursday,21 Mar 2024 6:00,310.83,0,310.83
Thursday,21 Mar 2024 7:00,319.18,0,319.18
Thursday,21 Mar 2024 8:00,312.36,0,312.36
Thursday,21 Mar 2024 9:00,320.66,0,320.66
Thursday,21 Mar 2024 10:00,321.26,0,321.26
Thursday,21 Mar 2024 11:00,319.93,0,319.93
Thursday,21 Mar 2024 12:00,321.44,0,321.44
Thursday,21 Mar 2024 13:00,320.18,0,320.18
Thursday,21 Mar 2024 14:00,317.66,0,317.66
Thursday,21 Mar 2024 15:00,314.97,0,314.97
Thursday,21 Mar 2024 16:00,319.95,0,319.95
Thursday,21 Mar 2024 17:00,322.52,0,322.52
Thursday,21 Mar 2024 18:00,323.08,0,323.08
Thursday,21 Mar 2024 19:00,316.48,0,316.48
Thursday,21 Mar 2024 20:00,320.67,0,320.67
Thursday,21 Mar 2024 21:00,318.16,0,318.16
Thursday,21 Mar 2024 22:00,321.22,0,321.22
Thursday,21 Mar 2024 23:00,326.1,0,408.53
Friday,22 Mar 2024 0:00,327.06,0,327.06
Friday,22 Mar 2024 1:00,322.07,0,322.07
Friday,22 Mar 2024 2:00,320.47,0,320.47
Friday,22 Mar 2024 3:00,728.54,0,325.35
Friday,22 Mar 2024 4:00,321.57,0,321.57
Friday,22 Mar 2024 5:00,320.77,0,320.77
Friday,22 Mar 2024 6:00,315.16,0,315.16
Friday,22 Mar 2024 7:00,310.35,0,310.35
Friday,22 Mar 2024 8:00,314.61,0,314.61
Friday,22 Mar 2024 9:00,309.8,0,309.8
Friday,22 Mar 2024 10:00,325.53,0,325.53
Friday,22 Mar 2024 11:00,323.58,0,323.58
Friday,22 Mar 2024 12:00,323,0,323
Friday,22 Mar 2024 13:00,312.97,0,312.97
Friday,22 Mar 2024 14:00,320.72,0,320.72
Friday,22 Mar 2024 15:00,323.61,0,323.61
Friday,22 Mar 2024 16:00,323.42,0,323.42
Friday,22 Mar 2024 17:00,313.28,0,313.28
Friday,22 Mar 2024 18:00,316.24,0,316.24
Friday,22 Mar 2024 19:00,320.9,0,320.9
Friday,22 Mar 2024 20:00,320.03,0,320.03
Friday,22 Mar 2024 21:00,319.99,0,319.99
Friday,22 Mar 2024 22:00,319.55,0,319.55
Friday,22 Mar 2024 23:00,325.77,0,408.7
Saturday,23 Mar 2024 0:00,316.36,0,316.36
Saturday,23 Mar 2024 1:00,320.55,0,320.55
Saturday,23 Mar 2024 2:00,323.13,0,323.13
Saturday,23 Mar 2024 3:00,721.53,0,319.96
Saturday,23 Mar 2024 4:00,325.72,0,325.72
Saturday,23 Mar 2024 5:00,326.98,0,326.98
Saturday,23 Mar 2024 6:00,323.87,0,323.87
Saturday,23 Mar 2024 7:00,323.02,0,323.02
Saturday,23 Mar 2024 8:00,318.69,0,318.69
Saturday,23 Mar 2024 9:00,323.09,0,323.09
Saturday,23 Mar 2024 10:00,318.83,0,318.83
Saturday,23 Mar 2024 11:00,321.95,0,321.95
Saturday,23 Mar 2024 12:00,322.99,0,322.99
Saturday,23 Mar 2024 13:00,322.23,0,322.23
Saturday,23 Mar 2024 14:00,320.86,0,320.86
Saturday,23 Mar 2024 15:00,321.67,0,321.67
Saturday,23 Mar 2024 16:00,322.83,0,322.83
Saturday,23 Mar 2024 17:00,323.85,0,323.85
Saturday,23 Mar 2024 18:00,325.53,0,325.53
Saturday,23 Mar 2024 19:00,330.01,0,330.01
Saturday,23 Mar 2024 20:00,326.22,0,326.22
Saturday,23 Mar 2024 21:00,330.96,0,330.96
Saturday,23 Mar 2024 22:00,323.48,0,323.48
Saturday,23 Mar 2024 23:00,322.79,0,405.22
Sunday,24 Mar 2024 0:00,322.9,0,322.9
Sunday,24 Mar 2024 1:00,318.09,0,318.09
Sunday,24 Mar 2024 2:00,326.66,0,326.66
Sunday,24 Mar 2024 3:00,721.47,0,322
Sunday,24 Mar 2024 4:00,322.6,0,322.6
Sunday,24 Mar 2024 5:00,322.81,0,322.81
Sunday,24 Mar 2024 6:00,328.43,0,328.43
Sunday,24 Mar 2024 7:00,317.38,0,317.38
Sunday,24 Mar 2024 8:00,319.18,0,319.18
Sunday,24 Mar 2024 9:00,324.77,0,324.77
Sunday,24 Mar 2024 10:00,329.82,0,329.82
Sunday,24 Mar 2024 11:00,328.25,0,328.25
Sunday,24 Mar 2024 12:00,329.91,0,329.91
Sunday,24 Mar 2024 13:00,327.11,0,327.11
Sunday,24 Mar 2024 14:00,319.38,0,319.38
Sunday,24 Mar 2024 15:00,328.64,0,328.64
Sunday,24 Mar 2024 16:00,320.06,0,320.06
Sunday,24 Mar 2024 17:00,313.87,0,313.87
Sunday,24 Mar 2024 18:00,320.7,0,320.7
Sunday,24 Mar 2024 19:00,322.23,0,322.23
Sunday,24 Mar 2024 20:00,321.2,0,321.2
Sunday,24 Mar 2024 21:00,320.03,0,320.03
Sunday,24 Mar 2024 22:00,327.4,0,327.4
Sunday,24 Mar 2024 23:00,328.66,0,410.51
Monday,25 Mar 2024 0:00,328.45,0,328.45
Monday,25 Mar 2024 1:00,328.58,0,328.58
Monday,25 Mar 2024 2:00,322.67,0,322.67
Monday,25 Mar 2024 3:00,726.17,0,321.63
Monday,25 Mar 2024 4:00,326.32,0,326.32
Monday,25 Mar 2024 5:00,321.78,0,321.78
Monday,25 Mar 2024 6:00,316.36,0,316.36
Monday,25 Mar 2024 7:00,322.66,0,322.66
Monday,25 Mar 2024 8:00,312.51,0,312.51
Monday,25 Mar 2024 9:00,326.44,0,326.44
Monday,25 Mar 2024 10:00,325.35,0,325.35
Monday,25 Mar 2024 11:00,322.17,0,322.17
Monday,25 Mar 2024 12:00,321.68,0,321.68
Monday,25 Mar 2024 13:00,318.21,0,318.21
Monday,25 Mar 2024 14:00,322.93,0,322.93
Monday,25 Mar 2024 15:00,325.8,0,325.8
Monday,25 Mar 2024 16:00,328.39,0,328.39
Monday,25 Mar 2024 17:00,324.18,0,324.18
Monday,25 Mar 2024 18:00,329.45,0,329.45
Monday,25 Mar 2024 19:00,323.89,0,323.89
Monday,25 Mar 2024 20:00,323.14,0,323.14
Monday,25 Mar 2024 21:00,327.75,0,327.75
Monday,25 Mar 2024 22:00,326.36,0,326.36
Monday,25 Mar 2024 23:00,326.51,0,407.24
Tuesday,26 Mar 2024 0:00,328.33,0,328.33
Tuesday,26 Mar 2024 1:00,328.45,0,328.45
Tuesday,26 Mar 2024 2:00,328.48,0,328.48
Tuesday,26 Mar 2024 3:00,716.47,0,326.15
Tuesday,26 Mar 2024 4:00,321.27,0,321.27
Tuesday,26 Mar 2024 5:00,317.73,0,317.73
Tuesday,26 Mar 2024 6:00,311.88,0,311.88
Tuesday,26 Mar 2024 7:00,316.05,0,316.05
Tuesday,26 Mar 2024 8:00,320.52,0,320.52
Tuesday,26 Mar 2024 9:00,331.54,0,331.54
Tuesday,26 Mar 2024 10:00,314.36,0,314.36
Tuesday,26 Mar 2024 11:00,320.68,0,320.68
Tuesday,26 Mar 2024 12:00,324.76,0,324.76
Tuesday,26 Mar 2024 13:00,317.78,0,317.78
Tuesday,26 Mar 2024 14:00,319.82,0,319.82
Tuesday,26 Mar 2024 15:00,319.72,0,319.72
Tuesday,26 Mar 2024 16:00,316.91,0,316.91
Tuesday,26 Mar 2024 17:00,322.24,0,322.24
Tuesday,26 Mar 2024 18:00,330.8,0,330.8
Tuesday,26 Mar 2024 19:00,326.42,0,326.42
Tuesday,26 Mar 2024 20:00,316.51,0,316.51
Tuesday,26 Mar 2024 21:00,314.26,0,314.26
Tuesday,26 Mar 2024 22:00,322.96,0,322.96
Tuesday,26 Mar 2024 23:00,318.87,0,397.46
Wednesday,27 Mar 2024 0:00,318.14,0,318.14
Wednesday,27 Mar 2024 1:00,324.81,0,324.81
Wednesday,27 Mar 2024 2:00,326.29,0,326.29
Wednesday,27 Mar 2024 3:00,742.91,0,322.09
Wednesday,27 Mar 2024 4:00,334.08,0,334.08
Wednesday,27 Mar 2024 5:00,325.84,0,325.84
Wednesday,27 Mar 2024 6:00,371.27,162.57,208.7
Wednesday,27 Mar 2024 7:00,311.95,311.95,0
Wednesday,27 Mar 2024 8:00,315.35,315.35,0
Wednesday,27 Mar 2024 9:00,318.52,318.52,0
Wednesday,27 Mar 2024 10:00,497.88,497.88,0
Wednesday,27 Mar 2024 11:00,689.86,689.86,0
Wednesday,27 Mar 2024 12:00,324.82,324.82,0
Wednesday,27 Mar 2024 13:00,323.81,323.81,0
Wednesday,27 Mar 2024 14:00,314.54,314.54,0
Wednesday,27 Mar 2024 15:00,316.42,316.42,0
Wednesday,27 Mar 2024 16:00,307.35,307.35,0
Wednesday,27 Mar 2024 17:00,310.85,310.85,0
Wednesday,27 Mar 2024 18:00,318.81,318.81,0
Wednesday,27 Mar 2024 19:00,310.42,310.42,0
Wednesday,27 Mar 2024 20:00,324.44,324.44,0
Wednesday,27 Mar 2024 21:00,315.41,315.41,0
Wednesday,27 Mar 2024 22:00,321.02,321.02,0
Wednesday,27 Mar 2024 23:00,318.35,399.16,0
Thursday,28 Mar 2024 0:00,322.68,322.68,0
Thursday,28 Mar 2024 1:00,313.34,313.34,0
Thursday,28 Mar 2024 2:00,315.12,315.12,0
Thursday,28 Mar 2024 3:00,711.55,316.96,0
Thursday,28 Mar 2024 4:00,321.11,321.11,0
Thursday,28 Mar 2024 5:00,327.21,327.21,0
Thursday,28 Mar 2024 6:00,318.72,318.72,0
Thursday,28 Mar 2024 7:00,319.41,319.41,0
Thursday,28 Mar 2024 8:00,320.36,320.36,0
Thursday,28 Mar 2024 9:00,317.14,317.14,0
Thursday,28 Mar 2024 10:00,312.48,312.48,0
Thursday,28 Mar 2024 11:00,314.34,314.34,0
Thursday,28 Mar 2024 12:00,315.2,315.2,0
Thursday,28 Mar 2024 13:00,315.56,315.56,0
Thursday,28 Mar 2024 14:00,324.57,324.57,0
Thursday,28 Mar 2024 15:00,320.52,320.52,0
Thursday,28 Mar 2024 16:00,317.82,317.82,0
Thursday,28 Mar 2024 17:00,317.67,317.67,0
Thursday,28 Mar 2024 18:00,309.88,309.88,0
Thursday,28 Mar 2024 19:00,317.78,317.78,0
Thursday,28 Mar 2024 20:00,305.5,305.5,0
Thursday,28 Mar 2024 21:00,316.86,316.86,0
Thursday,28 Mar 2024 22:00,321.65,321.65,0
Thursday,28 Mar 2024 23:00,329.1,412.39,0
Friday,29 Mar 2024 0:00,330.58,330.58,0
Friday,29 Mar 2024 1:00,315.9,315.9,0
Friday,29 Mar 2024 2:00,322.49,322.49,0
Friday,29 Mar 2024 3:00,718.64,322.2,0
Friday,29 Mar 2024 4:00,313.19,313.19,0
Friday,29 Mar 2024 5:00,318.84,318.84,0
Friday,29 Mar 2024 6:00,315.7,315.7,0
Friday,29 Mar 2024 7:00,315.01,315.01,0
Friday,29 Mar 2024 8:00,313.43,313.43,0
Friday,29 Mar 2024 9:00,321.01,321.01,0
Friday,29 Mar 2024 10:00,324.07,324.07,0
Friday,29 Mar 2024 11:00,317.09,317.09,0
Friday,29 Mar 2024 12:00,312.51,312.51,0
Friday,29 Mar 2024 13:00,305.76,305.76,0
Friday,29 Mar 2024 14:00,314.54,314.54,0
Friday,29 Mar 2024 15:00,313.59,313.59,0
Friday,29 Mar 2024 16:00,315.32,315.32,0
Friday,29 Mar 2024 17:00,320.18,320.18,0
Friday,29 Mar 2024 18:00,324.85,324.85,0
Friday,29 Mar 2024 19:00,318.32,318.32,0
Friday,29 Mar 2024 20:00,314.04,314.04,0
Friday,29 Mar 2024 21:00,318.73,318.73,0
Friday,29 Mar 2024 22:00,318.4,318.4,0
Friday,29 Mar 2024 23:00,316.08,394.4,0
Saturday,30 Mar 2024 0:00,319.32,319.32,0
Saturday,30 Mar 2024 1:00,322.89,322.89,0
Saturday,30 Mar 2024 2:00,321.95,321.95,0
Saturday,30 Mar 2024 3:00,725.51,319.9,0
Saturday,30 Mar 2024 4:00,317.02,317.02,0
Saturday,30 Mar 2024 5:00,318.16,318.16,0
Saturday,30 Mar 2024 6:00,318.1,318.1,0
Saturday,30 Mar 2024 7:00,315.14,315.14,0
Saturday,30 Mar 2024 8:00,313.36,313.36,0
Saturday,30 Mar 2024 9:00,308.96,308.96,0
Saturday,30 Mar 2024 10:00,312.4,312.4,0
Saturday,30 Mar 2024 11:00,315.37,315.37,0
Saturday,30 Mar 2024 12:00,"1,305","1,305",0
Saturday,30 Mar 2024 13:00,"2,556","2,556",0
Saturday,30 Mar 2024 14:00,"2,398","2,398",0
Saturday,30 Mar 2024 15:00,"2,377","2,377",0
Saturday,30 Mar 2024 16:00,"2,469","2,469",0
Saturday,30 Mar 2024 17:00,"2,266","2,266",0
Saturday,30 Mar 2024 18:00,927.05,927.05,0
Saturday,30 Mar 2024 19:00,"1,492","1,492",0
Saturday,30 Mar 2024 20:00,"2,186","2,186",0
Saturday,30 Mar 2024 21:00,"2,302","2,302",0
Saturday,30 Mar 2024 22:00,"2,343","2,343",0
Saturday,30 Mar 2024 23:00,"2,378","3,010",0
Sunday,31 Mar 2024 0:00,"2,260","2,260",0
Sunday,31 Mar 2024 1:00,"2,180","2,180",0
Sunday,31 Mar 2024 2:00,"2,279","2,279",0
Sunday,31 Mar 2024 3:00,"4,957","2,255",0
Sunday,31 Mar 2024 4:00,"2,129","2,129",0
Sunday,31 Mar 2024 5:00,"2,149","2,149",0
Sunday,31 Mar 2024 6:00,"2,223","2,223",0
Sunday,31 Mar 2024 7:00,"2,261","2,261",0
Sunday,31 Mar 2024 8:00,"2,530","2,530",0
Sunday,31 Mar 2024 9:00,"2,421","2,421",0
Sunday,31 Mar 2024 10:00,"2,554","2,554",0
Sunday,31 Mar 2024 11:00,"2,563","2,563",0
Sunday,31 Mar 2024 12:00,"2,413","2,413",0
Sunday,31 Mar 2024 13:00,"2,412","2,412",0
Sunday,31 Mar 2024 14:00,"2,611","2,611",0
Sunday,31 Mar 2024 15:00,"2,482","2,482",0
Sunday,31 Mar 2024 16:00,"2,628","2,628",0
Sunday,31 Mar 2024 17:00,"2,567","2,567",0
Sunday,31 Mar 2024 18:00,"2,335","2,335",0
Sunday,31 Mar 2024 19:00,"2,367","2,367",0
Sunday,31 Mar 2024 20:00,"2,297","2,297",0
Sunday,31 Mar 2024 21:00,"2,233","2,233",0
Sunday,31 Mar 2024 22:00,"2,152","2,152",0
Sunday,31 Mar 2024 23:00,"2,297","2,884",0
Monday,01 Apr 2024 0:00,"2,367","2,367",0
Monday,01 Apr 2024 1:00,"2,379","2,379",0
Monday,01 Apr 2024 2:00,"2,471","2,471",0
Monday,01 Apr 2024 3:00,"5,097","2,264",0
Monday,01 Apr 2024 4:00,"2,379","2,379",0
Monday,01 Apr 2024 5:00,"2,268","2,268",0
Monday,01 Apr 2024 6:00,"2,542","2,542",0
Monday,01 Apr 2024 7:00,"2,665","2,665",0
Monday,01 Apr 2024 8:00,"2,900","2,900",0
Monday,01 Apr 2024 9:00,"2,994","2,994",0
Monday,01 Apr 2024 10:00,"3,063","3,063",0
Monday,01 Apr 2024 11:00,"3,038","3,038",0
Monday,01 Apr 2024 12:00,"2,858","2,858",0
Monday,01 Apr 2024 13:00,"2,871","2,871",0
Monday,01 Apr 2024 14:00,"3,003","3,003",0
Monday,01 Apr 2024 15:00,"2,785","2,785",0
Monday,01 Apr 2024 16:00,"2,865","2,865",0
Monday,01 Apr 2024 17:00,"2,616","2,616",0
Monday,01 Apr 2024 18:00,"2,572","2,572",0
Monday,01 Apr 2024 19:00,"2,328","2,328",0
Monday,01 Apr 2024 20:00,"2,303","2,303",0
Monday,01 Apr 2024 21:00,"2,356","2,356",0
Monday,01 Apr 2024 22:00,"2,304","2,304",0
Monday,01 Apr 2024 23:00,"2,381","2,991",0
Tuesday,02 Apr 2024 0:00,"2,354","2,354",0
Tuesday,02 Apr 2024 1:00,"2,277","2,277",0
Tuesday,02 Apr 2024 2:00,"2,238","2,238",0
Tuesday,02 Apr 2024 3:00,"5,278","2,258",0
Tuesday,02 Apr 2024 4:00,"2,219","2,219",0
Tuesday,02 Apr 2024 5:00,"2,240","2,240",0
Tuesday,02 Apr 2024 6:00,"2,547","2,547",0
Tuesday,02 Apr 2024 7:00,"2,711","2,711",0
Tuesday,02 Apr 2024 8:00,"2,874","2,874",0
Tuesday,02 Apr 2024 9:00,"2,887","2,887",0
Tuesday,02 Apr 2024 10:00,"2,849","2,849",0
Tuesday,02 Apr 2024 11:00,"2,754","2,754",0
Tuesday,02 Apr 2024 12:00,"2,719","2,719",0
Tuesday,02 Apr 2024 13:00,"2,603","2,603",0
Tuesday,02 Apr 2024 14:00,"2,677","2,677",0
Tuesday,02 Apr 2024 15:00,"2,592","2,592",0
Tuesday,02 Apr 2024 16:00,"2,640","2,640",0
Tuesday,02 Apr 2024 17:00,"2,835","2,835",0
Tuesday,02 Apr 2024 18:00,"2,485","2,485",0
Tuesday,02 Apr 2024 19:00,"2,307","2,307",0
Tuesday,02 Apr 2024 20:00,"2,368","2,368",0
Tuesday,02 Apr 2024 21:00,"2,308","2,308",0
Tuesday,02 Apr 2024 22:00,"2,216","2,216",0
Tuesday,02 Apr 2024 23:00,"2,220","2,729",0
Wednesday,03 Apr 2024 0:00,"2,133","2,133",0
Wednesday,03 Apr 2024 1:00,"2,351","2,351",0
Wednesday,03 Apr 2024 2:00,"2,896","2,896",0
Wednesday,03 Apr 2024 3:00,"5,645","2,523",0
Wednesday,03 Apr 2024 4:00,"2,267","2,267",0
Wednesday,03 Apr 2024 5:00,"2,358","2,358",0
Wednesday,03 Apr 2024 6:00,"2,515","2,515",0
Wednesday,03 Apr 2024 7:00,"2,698","2,698",0
Wednesday,03 Apr 2024 8:00,"2,915","2,915",0
Wednesday,03 Apr 2024 9:00,"2,892","2,892",0
Wednesday,03 Apr 2024 10:00,"3,049","3,049",0
Wednesday,03 Apr 2024 11:00,"2,992","2,992",0
Wednesday,03 Apr 2024 12:00,"2,802","2,802",0
Wednesday,03 Apr 2024 13:00,"2,913","2,913",0
Wednesday,03 Apr 2024 14:00,"2,721","2,721",0
Wednesday,03 Apr 2024 15:00,"2,697","2,697",0
Wednesday,03 Apr 2024 16:00,"2,793","2,793",0
Wednesday,03 Apr 2024 17:00,"2,520","2,520",0
Wednesday,03 Apr 2024 18:00,"2,573","2,573",0
Wednesday,03 Apr 2024 19:00,"2,294","2,294",0
Wednesday,03 Apr 2024 20:00,"2,205","2,205",0
Wednesday,03 Apr 2024 21:00,"2,196","2,196",0
Wednesday,03 Apr 2024 22:00,"2,175","2,175",0
Wednesday,03 Apr 2024 23:00,"2,239","2,809",0
Thursday,04 Apr 2024 0:00,"2,618","2,618",0
Thursday,04 Apr 2024 1:00,"2,289","2,289",0
Thursday,04 Apr 2024 2:00,"2,094","2,094",0
Thursday,04 Apr 2024 3:00,"4,748","2,123",0
Thursday,04 Apr 2024 4:00,"2,146","2,146",0
Thursday,04 Apr 2024 5:00,"2,218","2,218",0
Thursday,04 Apr 2024 6:00,"2,502","2,502",0
Thursday,04 Apr 2024 7:00,"2,421","2,421",0
Thursday,04 Apr 2024 8:00,"2,576","2,576",0
Thursday,04 Apr 2024 9:00,"2,659","2,659",0
Thursday,04 Apr 2024 10:00,"2,690","2,690",0
Thursday,04 Apr 2024 11:00,"2,597","2,597",0
Thursday,04 Apr 2024 12:00,"2,551","2,551",0
Thursday,04 Apr 2024 13:00,"2,647","2,647",0
Thursday,04 Apr 2024 14:00,"2,531","2,531",0
Thursday,04 Apr 2024 15:00,"2,463","2,463",0
Thursday,04 Apr 2024 16:00,"2,519","2,519",0
Thursday,04 Apr 2024 17:00,"2,430","2,430",0
Thursday,04 Apr 2024 18:00,"2,560","2,560",0
Thursday,04 Apr 2024 19:00,"2,293","2,293",0
Thursday,04 Apr 2024 20:00,"2,282","2,282",0
Thursday,04 Apr 2024 21:00,"2,276","2,276",0
Thursday,04 Apr 2024 22:00,"2,284","2,284",0
Thursday,04 Apr 2024 23:00,"2,234","2,789",0
Friday,05 Apr 2024 0:00,"2,298","2,298",0
Friday,05 Apr 2024 1:00,"2,247","2,247",0
Friday,05 Apr 2024 2:00,"2,390","2,390",0
Friday,05 Apr 2024 3:00,"5,120","2,300",0
Friday,05 Apr 2024 4:00,"2,280","2,280",0
Friday,05 Apr 2024 5:00,"2,298","2,298",0
Friday,05 Apr 2024 6:00,"2,448","2,448",0
Friday,05 Apr 2024 7:00,"2,603","2,603",0
Friday,05 Apr 2024 8:00,"2,752","2,752",0
Friday,05 Apr 2024 9:00,"2,734","2,734",0
Friday,05 Apr 2024 10:00,"2,735","2,735",0
Friday,05 Apr 2024 11:00,"2,739","2,739",0
Friday,05 Apr 2024 12:00,"2,607","2,607",0
Friday,05 Apr 2024 13:00,"2,528","2,528",0
Friday,05 Apr 2024 14:00,"2,578","2,578",0
Friday,05 Apr 2024 15:00,"2,657","2,657",0
Friday,05 Apr 2024 16:00,"2,730","2,730",0
Friday,05 Apr 2024 17:00,"2,468","2,468",0
Friday,05 Apr 2024 18:00,"2,434","2,434",0
Friday,05 Apr 2024 19:00,"2,182","2,182",0
Friday,05 Apr 2024 20:00,"2,311","2,311",0
Friday,05 Apr 2024 21:00,"2,332","2,332",0
Friday,05 Apr 2024 22:00,"2,261","2,261",0
Friday,05 Apr 2024 23:00,"2,276","2,856",0
Saturday,06 Apr 2024 0:00,"2,277","2,277",0
Saturday,06 Apr 2024 1:00,"2,128","2,128",0
Saturday,06 Apr 2024 2:00,"2,060","2,060",0
Saturday,06 Apr 2024 3:00,"4,536","2,042",0
Saturday,06 Apr 2024 4:00,"2,175","2,175",0
Saturday,06 Apr 2024 5:00,"1,924","1,924",0
Saturday,06 Apr 2024 6:00,"2,003","2,003",0
Saturday,06 Apr 2024 7:00,"2,064","2,064",0
Saturday,06 Apr 2024 8:00,"2,235","2,235",0
Saturday,06 Apr 2024 9:00,"2,162","2,162",0
Saturday,06 Apr 2024 10:00,"2,336","2,336",0
Saturday,06 Apr 2024 11:00,"2,218","2,218",0
Saturday,06 Apr 2024 12:00,"2,319","2,319",0
Saturday,06 Apr 2024 13:00,"2,356","2,356",0
Saturday,06 Apr 2024 14:00,"2,092","2,092",0
Saturday,06 Apr 2024 15:00,"2,479","2,479",0
Saturday,06 Apr 2024 16:00,"2,187","2,187",0
Saturday,06 Apr 2024 17:00,"2,366","2,366",0
Saturday,06 Apr 2024 18:00,"2,215","2,215",0
Saturday,06 Apr 2024 19:00,"2,192","2,192",0
Saturday,06 Apr 2024 20:00,"2,190","2,190",0
Saturday,06 Apr 2024 21:00,"2,233","2,233",0
Saturday,06 Apr 2024 22:00,"2,171","2,171",0
Saturday,06 Apr 2024 23:00,"2,169","2,697",0
Sunday,07 Apr 2024 0:00,"2,065","2,065",0
Sunday,07 Apr 2024 1:00,"2,223","2,223",0
Sunday,07 Apr 2024 2:00,"2,012","2,012",0
Sunday,07 Apr 2024 3:00,"4,600","2,064",0
Sunday,07 Apr 2024 4:00,"2,097","2,097",0
Sunday,07 Apr 2024 5:00,"2,018","2,018",0
Sunday,07 Apr 2024 6:00,"2,180","2,180",0
Sunday,07 Apr 2024 7:00,"2,171","2,171",0
Sunday,07 Apr 2024 8:00,"2,370","2,370",0
Sunday,07 Apr 2024 9:00,"2,264","2,264",0
Sunday,07 Apr 2024 10:00,"2,275","2,275",0
Sunday,07 Apr 2024 11:00,"2,150","2,150",0
Sunday,07 Apr 2024 12:00,"2,177","2,177",0
Sunday,07 Apr 2024 13:00,"2,098","2,098",0
Sunday,07 Apr 2024 14:00,"2,117","2,117",0
Sunday,07 Apr 2024 15:00,"2,220","2,220",0
Sunday,07 Apr 2024 16:00,"2,213","2,213",0
Sunday,07 Apr 2024 17:00,"2,305","2,305",0
Sunday,07 Apr 2024 18:00,"2,019","2,019",0
Sunday,07 Apr 2024 19:00,"2,127","2,127",0
Sunday,07 Apr 2024 20:00,"2,155","2,155",0
Sunday,07 Apr 2024 21:00,"2,151","2,151",0
Sunday,07 Apr 2024 22:00,"2,126","2,126",0
Sunday,07 Apr 2024 23:00,"2,267","2,818",0
Monday,08 Apr 2024 0:00,"2,218","2,218",0
Monday,08 Apr 2024 1:00,"2,112","2,112",0
Monday,08 Apr 2024 2:00,"2,126","2,126",0
Monday,08 Apr 2024 3:00,"6,110","2,644",0
Monday,08 Apr 2024 4:00,"2,315","2,315",0
Monday,08 Apr 2024 5:00,"2,189","2,189",0
Monday,08 Apr 2024 6:00,"2,381","2,381",0
Monday,08 Apr 2024 7:00,"2,553","2,553",0
Monday,08 Apr 2024 8:00,"2,650","2,650",0
Monday,08 Apr 2024 9:00,"2,844","2,844",0
Monday,08 Apr 2024 10:00,"3,172","3,172",0
Monday,08 Apr 2024 11:00,"3,268","3,268",0
Monday,08 Apr 2024 12:00,"3,234","3,234",0
Monday,08 Apr 2024 13:00,"3,630","3,630",0
Monday,08 Apr 2024 14:00,"6,808","6,808",0
Monday,08 Apr 2024 15:00,"3,801","3,801",0
Monday,08 Apr 2024 16:00,"3,537","3,537",0
Monday,08 Apr 2024 17:00,"3,556","3,556",0
Monday,08 Apr 2024 18:00,"3,460","3,460",0
Monday,08 Apr 2024 19:00,"3,156","3,156",0
Monday,08 Apr 2024 20:00,"2,908","2,908",0
Monday,08 Apr 2024 21:00,"2,752","2,752",0
Monday,08 Apr 2024 22:00,"2,608","2,608",0
Monday,08 Apr 2024 23:00,"2,617","3,269",0
Tuesday,09 Apr 2024 0:00,"2,739","2,739",0
Tuesday,09 Apr 2024 1:00,"2,981","2,981",0
Tuesday,09 Apr 2024 2:00,"2,696","2,696",0
Tuesday,09 Apr 2024 3:00,"5,683","2,514",0
Tuesday,09 Apr 2024 4:00,"2,624","2,624",0
Tuesday,09 Apr 2024 5:00,"2,643","2,643",0
Tuesday,09 Apr 2024 6:00,"2,887","2,887",0
Tuesday,09 Apr 2024 7:00,"3,099","3,099",0
Tuesday,09 Apr 2024 8:00,"3,328","3,328",0
Tuesday,09 Apr 2024 9:00,"3,623","3,623",0
Tuesday,09 Apr 2024 10:00,"3,644","3,644",0
Tuesday,09 Apr 2024 11:00,"3,663","3,663",0
Tuesday,09 Apr 2024 12:00,"3,772","3,772",0
Tuesday,09 Apr 2024 13:00,"3,707","3,707",0
Tuesday,09 Apr 2024 14:00,"3,810","3,810",0
Tuesday,09 Apr 2024 15:00,"3,532","3,532",0
Tuesday,09 Apr 2024 16:00,"3,707","3,707",0
Tuesday,09 Apr 2024 17:00,"3,303","3,303",0
Tuesday,09 Apr 2024 18:00,"3,267","3,267",0
Tuesday,09 Apr 2024 19:00,"2,913","2,913",0
Tuesday,09 Apr 2024 20:00,"2,947","2,947",0
Tuesday,09 Apr 2024 21:00,"2,743","2,743",0
Tuesday,09 Apr 2024 22:00,"2,678","2,678",0
Tuesday,09 Apr 2024 23:00,"2,576","3,251",0
Wednesday,10 Apr 2024 0:00,"2,676","2,676",0
Wednesday,10 Apr 2024 1:00,"2,778","2,778",0
Wednesday,10 Apr 2024 2:00,"2,772","2,772",0
Wednesday,10 Apr 2024 3:00,"6,322","2,875",0
Wednesday,10 Apr 2024 4:00,"2,695","2,695",0
Wednesday,10 Apr 2024 5:00,"2,706","2,706",0
Wednesday,10 Apr 2024 6:00,"2,982","2,982",0
Wednesday,10 Apr 2024 7:00,"3,239","3,239",0
Wednesday,10 Apr 2024 8:00,"3,386","3,386",0
Wednesday,10 Apr 2024 9:00,"3,421","3,421",0
Wednesday,10 Apr 2024 10:00,"3,625","3,625",0
Wednesday,10 Apr 2024 11:00,"3,630","3,630",0
Wednesday,10 Apr 2024 12:00,"3,653","3,653",0
Wednesday,10 Apr 2024 13:00,"3,701","3,701",0
Wednesday,10 Apr 2024 14:00,"3,571","3,571",0
Wednesday,10 Apr 2024 15:00,"3,648","3,648",0
Wednesday,10 Apr 2024 16:00,"3,469","3,469",0
Wednesday,10 Apr 2024 17:00,"3,193","3,193",0
Wednesday,10 Apr 2024 18:00,"3,354","3,354",0
Wednesday,10 Apr 2024 19:00,"3,078","3,078",0
Wednesday,10 Apr 2024 20:00,"2,984","2,984",0
Wednesday,10 Apr 2024 21:00,"2,873","2,873",0
Wednesday,10 Apr 2024 22:00,"2,765","2,765",0
Wednesday,10 Apr 2024 23:00,"2,568","3,209",0
Thursday,11 Apr 2024 0:00,"2,939","2,939",0
Thursday,11 Apr 2024 1:00,"2,971","2,971",0
Thursday,11 Apr 2024 2:00,"2,875","2,875",0
Thursday,11 Apr 2024 3:00,"6,440","2,744",0
Thursday,11 Apr 2024 4:00,"2,657","2,657",0
Thursday,11 Apr 2024 5:00,"2,595","2,595",0
Thursday,11 Apr 2024 6:00,"2,911","2,911",0
Thursday,11 Apr 2024 7:00,"3,171","3,171",0
Thursday,11 Apr 2024 8:00,"3,365","3,365",0
Thursday,11 Apr 2024 9:00,"3,635","3,635",0
Thursday,11 Apr 2024 10:00,"3,547","3,547",0
Thursday,11 Apr 2024 11:00,"3,448","3,448",0
Thursday,11 Apr 2024 12:00,"3,535","3,535",0
Thursday,11 Apr 2024 13:00,"3,352","3,352",0
Thursday,11 Apr 2024 14:00,"3,512","3,512",0
Thursday,11 Apr 2024 15:00,"3,455","3,455",0
Thursday,11 Apr 2024 16:00,"3,434","3,434",0
Thursday,11 Apr 2024 17:00,"3,302","3,302",0
Thursday,11 Apr 2024 18:00,"3,199","3,199",0
Thursday,11 Apr 2024 19:00,"3,269","3,269",0
Thursday,11 Apr 2024 20:00,"3,104","3,104",0
Thursday,11 Apr 2024 21:00,"3,100","3,100",0
Thursday,11 Apr 2024 22:00,"3,195","3,195",0
Thursday,11 Apr 2024 23:00,"3,004","3,789",0
Friday,12 Apr 2024 0:00,"2,914","2,914",0
Friday,12 Apr 2024 1:00,"2,920","2,920",0
Friday,12 Apr 2024 2:00,"2,879","2,879",0
Friday,12 Apr 2024 3:00,"6,198","2,907",0
Friday,12 Apr 2024 4:00,"3,139","3,139",0
Friday,12 Apr 2024 5:00,"3,220","3,220",0
Friday,12 Apr 2024 6:00,"3,596","3,596",0
Friday,12 Apr 2024 7:00,"3,727","3,727",0
Friday,12 Apr 2024 8:00,"4,215","4,215",0
Friday,12 Apr 2024 9:00,"4,543","4,543",0
Friday,12 Apr 2024 10:00,"4,366","4,366",0
Friday,12 Apr 2024 11:00,"4,436","4,436",0
Friday,12 Apr 2024 12:00,"4,246","4,246",0
Friday,12 Apr 2024 13:00,"4,031","4,031",0
Friday,12 Apr 2024 14:00,"4,027","4,027",0
Friday,12 Apr 2024 15:00,"3,802","3,802",0
Friday,12 Apr 2024 16:00,"3,789","3,789",0
Friday,12 Apr 2024 17:00,"3,657","3,657",0
Friday,12 Apr 2024 18:00,"3,351","3,351",0
Friday,12 Apr 2024 19:00,"3,122","3,122",0
Friday,12 Apr 2024 20:00,"2,877","2,877",0
Friday,12 Apr 2024 21:00,"3,060","3,060",0
Friday,12 Apr 2024 22:00,"2,766","2,766",0
Friday,12 Apr 2024 23:00,"2,766","3,504",0
Saturday,13 Apr 2024 0:00,"2,756","2,756",0
Saturday,13 Apr 2024 1:00,"2,768","2,768",0
Saturday,13 Apr 2024 2:00,"2,595","2,595",0
Saturday,13 Apr 2024 3:00,"5,583","2,514",0
Saturday,13 Apr 2024 4:00,"3,062","3,062",0
Saturday,13 Apr 2024 5:00,"2,965","2,965",0
Saturday,13 Apr 2024 6:00,"2,677","2,677",0
Saturday,13 Apr 2024 7:00,"2,664","2,664",0
Saturday,13 Apr 2024 8:00,"2,887","2,887",0
Saturday,13 Apr 2024 9:00,"2,756","2,756",0
Saturday,13 Apr 2024 10:00,"2,205","2,205",0
Saturday,13 Apr 2024 11:00,"2,719","2,719",0
Saturday,13 Apr 2024 12:00,"2,715","2,715",0
Saturday,13 Apr 2024 13:00,"2,720","2,720",0
Saturday,13 Apr 2024 14:00,"2,592","2,592",0
Saturday,13 Apr 2024 15:00,"2,656","2,656",0
Saturday,13 Apr 2024 16:00,"2,799","2,799",0
Saturday,13 Apr 2024 17:00,"2,928","2,928",0
Saturday,13 Apr 2024 18:00,"2,713","2,713",0
Saturday,13 Apr 2024 19:00,"2,657","2,657",0
Saturday,13 Apr 2024 20:00,"2,650","2,650",0
Saturday,13 Apr 2024 21:00,"2,679","2,679",0
Saturday,13 Apr 2024 22:00,"2,666","2,666",0
Saturday,13 Apr 2024 23:00,"2,817","3,577",0
Sunday,14 Apr 2024 0:00,"2,809","2,809",0
Sunday,14 Apr 2024 1:00,"2,522","2,522",0
Sunday,14 Apr 2024 2:00,"2,473","2,473",0
Sunday,14 Apr 2024 3:00,"5,374","2,404",0
Sunday,14 Apr 2024 4:00,"2,411","2,411",0
Sunday,14 Apr 2024 5:00,"2,424","2,424",0
Sunday,14 Apr 2024 6:00,"2,507","2,507",0
Sunday,14 Apr 2024 7:00,"2,709","2,709",0
Sunday,14 Apr 2024 8:00,"2,936","2,936",0
Sunday,14 Apr 2024 9:00,"3,058","3,058",0
Sunday,14 Apr 2024 10:00,"2,815","2,815",0
Sunday,14 Apr 2024 11:00,"2,795","2,795",0
Sunday,14 Apr 2024 12:00,"2,818","2,818",0
Sunday,14 Apr 2024 13:00,"2,895","2,895",0
Sunday,14 Apr 2024 14:00,"2,855","2,855",0
Sunday,14 Apr 2024 15:00,"2,995","2,995",0
Sunday,14 Apr 2024 16:00,"3,188","3,188",0
Sunday,14 Apr 2024 17:00,"3,021","3,021",0
Sunday,14 Apr 2024 18:00,"2,821","2,821",0
Sunday,14 Apr 2024 19:00,"2,790","2,790",0
Sunday,14 Apr 2024 20:00,"2,719","2,719",0
Sunday,14 Apr 2024 21:00,"2,732","2,732",0
Sunday,14 Apr 2024 22:00,"2,717","2,717",0
Sunday,14 Apr 2024 23:00,"2,816","3,511",0
Monday,15 Apr 2024 0:00,"2,740","2,740",0
Monday,15 Apr 2024 1:00,"2,693","2,693",0
Monday,15 Apr 2024 2:00,"2,639","2,639",0
Monday,15 Apr 2024 3:00,"6,046","2,659",0
Monday,15 Apr 2024 4:00,"2,552","2,552",0
Monday,15 Apr 2024 5:00,"2,550","2,550",0
Monday,15 Apr 2024 6:00,"2,844","2,844",0
Monday,15 Apr 2024 7:00,"3,153","3,153",0
Monday,15 Apr 2024 8:00,"3,483","3,483",0
Monday,15 Apr 2024 9:00,"3,482","3,482",0
Monday,15 Apr 2024 10:00,"3,517","3,517",0
Monday,15 Apr 2024 11:00,"3,052","3,052",0
Monday,15 Apr 2024 12:00,"3,215","3,215",0
Monday,15 Apr 2024 13:00,"3,168","3,168",0
Monday,15 Apr 2024 14:00,"3,312","3,312",0
Monday,15 Apr 2024 15:00,"3,275","3,275",0
Monday,15 Apr 2024 16:00,"3,212","3,212",0
Monday,15 Apr 2024 17:00,"2,922","2,922",0
Monday,15 Apr 2024 18:00,"2,831","2,831",0
Monday,15 Apr 2024 19:00,"2,302","2,302",0
Monday,15 Apr 2024 20:00,"2,057","2,057",0
Monday,15 Apr 2024 21:00,"2,049","2,049",0
Monday,15 Apr 2024 22:00,"1,943","1,943",0
Monday,15 Apr 2024 23:00,"2,002","2,486",0
Tuesday,16 Apr 2024 0:00,"1,920","1,920",0
Tuesday,16 Apr 2024 1:00,"2,085","2,085",0
Tuesday,16 Apr 2024 2:00,"1,421","1,421",0
Tuesday,16 Apr 2024 3:00,"4,132","1,834",0
Tuesday,16 Apr 2024 4:00,"1,834","1,834",0
Tuesday,16 Apr 2024 5:00,"1,857","1,857",0
Tuesday,16 Apr 2024 6:00,"1,971","1,971",0
Tuesday,16 Apr 2024 7:00,"2,041","2,041",0
Tuesday,16 Apr 2024 8:00,"2,477","2,477",0
Tuesday,16 Apr 2024 9:00,"2,462","2,462",0
Tuesday,16 Apr 2024 10:00,"2,649","2,649",0
Tuesday,16 Apr 2024 11:00,"2,593","2,593",0
Tuesday,16 Apr 2024 12:00,"3,019","3,019",0
Tuesday,16 Apr 2024 13:00,"3,018","3,018",0
Tuesday,16 Apr 2024 14:00,"3,062","3,062",0
Tuesday,16 Apr 2024 15:00,"2,871","2,871",0
Tuesday,16 Apr 2024 16:00,"3,083","3,083",0
Tuesday,16 Apr 2024 17:00,"2,947","2,947",0
Tuesday,16 Apr 2024 18:00,"2,725","2,725",0
Tuesday,16 Apr 2024 19:00,"2,600","2,600",0
Tuesday,16 Apr 2024 20:00,"2,245","2,245",0
Tuesday,16 Apr 2024 21:00,"1,958","1,958",0
Tuesday,16 Apr 2024 22:00,"1,735","1,735",0
Tuesday,16 Apr 2024 23:00,"1,810","2,266",0
Wednesday,17 Apr 2024 0:00,"1,702","1,702",0
Wednesday,17 Apr 2024 1:00,"1,941","1,941",0
Wednesday,17 Apr 2024 2:00,"1,701","1,701",0
Wednesday,17 Apr 2024 3:00,"3,484","1,558",0
Wednesday,17 Apr 2024 4:00,"1,602","1,602",0
Wednesday,17 Apr 2024 5:00,"1,739","1,739",0
Wednesday,17 Apr 2024 6:00,"1,962","1,962",0
Wednesday,17 Apr 2024 7:00,"2,350","2,350",0
Wednesday,17 Apr 2024 8:00,"2,579","2,579",0
Wednesday,17 Apr 2024 9:00,"2,702","2,702",0
Wednesday,17 Apr 2024 10:00,"2,801","2,801",0
Wednesday,17 Apr 2024 11:00,"2,701","2,701",0
Wednesday,17 Apr 2024 12:00,"2,677","2,677",0
Wednesday,17 Apr 2024 13:00,"2,696","2,696",0
Wednesday,17 Apr 2024 14:00,"2,793","2,793",0
Wednesday,17 Apr 2024 15:00,"2,617","2,617",0
Wednesday,17 Apr 2024 16:00,"2,449","2,449",0
Wednesday,17 Apr 2024 17:00,"2,320","2,320",0
Wednesday,17 Apr 2024 18:00,"2,244","2,244",0
Wednesday,17 Apr 2024 19:00,"2,088","2,088",0
Wednesday,17 Apr 2024 20:00,"1,910","1,910",0
Wednesday,17 Apr 2024 21:00,"1,944","1,944",0
Wednesday,17 Apr 2024 22:00,"1,909","1,909",0
Wednesday,17 Apr 2024 23:00,"1,961","2,451",0
Thursday,18 Apr 2024 0:00,"2,083","2,083",0
Thursday,18 Apr 2024 1:00,"2,259","2,259",0
Thursday,18 Apr 2024 2:00,"2,418","2,418",0
Thursday,18 Apr 2024 3:00,"4,214","1,858",0
Thursday,18 Apr 2024 4:00,"1,783","1,783",0
Thursday,18 Apr 2024 5:00,"1,811","1,811",0
Thursday,18 Apr 2024 6:00,"1,984","1,984",0
Thursday,18 Apr 2024 7:00,"2,174","2,174",0
Thursday,18 Apr 2024 8:00,"2,592","2,592",0
Thursday,18 Apr 2024 9:00,"2,517","2,517",0
Thursday,18 Apr 2024 10:00,"2,654","2,654",0
Thursday,18 Apr 2024 11:00,"2,606","2,606",0
Thursday,18 Apr 2024 12:00,"2,761","2,761",0
Thursday,18 Apr 2024 13:00,"2,526","2,526",0
Thursday,18 Apr 2024 14:00,"2,565","2,565",0
Thursday,18 Apr 2024 15:00,"2,225","2,225",0
Thursday,18 Apr 2024 16:00,"2,360","2,360",0
Thursday,18 Apr 2024 17:00,"2,311","2,311",0
Thursday,18 Apr 2024 18:00,"2,226","2,226",0
Thursday,18 Apr 2024 19:00,"1,963","1,963",0
Thursday,18 Apr 2024 20:00,"2,027","2,027",0
Thursday,18 Apr 2024 21:00,"2,037","2,037",0
Thursday,18 Apr 2024 22:00,"1,951","1,951",0
Thursday,18 Apr 2024 23:00,"1,850","2,298",0
Friday,19 Apr 2024 0:00,"1,839","1,839",0
Friday,19 Apr 2024 1:00,"1,928","1,928",0
Friday,19 Apr 2024 2:00,"2,007","2,007",0
Friday,19 Apr 2024 3:00,"4,058","1,856",0
Friday,19 Apr 2024 4:00,"1,803","1,803",0
Friday,19 Apr 2024 5:00,"1,829","1,829",0
Friday,19 Apr 2024 6:00,"1,963","1,963",0
Friday,19 Apr 2024 7:00,"2,083","2,083",0
Friday,19 Apr 2024 8:00,"2,561","2,561",0
Friday,19 Apr 2024 9:00,"2,437","2,437",0
Friday,19 Apr 2024 10:00,"2,608","2,608",0
Friday,19 Apr 2024 11:00,"2,431","2,431",0
Friday,19 Apr 2024 12:00,"2,447","2,447",0
Friday,19 Apr 2024 13:00,"3,229","3,229",0
Friday,19 Apr 2024 14:00,"3,218","3,218",0
Friday,19 Apr 2024 15:00,"1,160","1,160",0
Friday,19 Apr 2024 16:00,313.9,313.9,0
Friday,19 Apr 2024 17:00,317.12,317.12,0
Friday,19 Apr 2024 18:00,322.45,322.45,0
Friday,19 Apr 2024 19:00,317.25,317.25,0
Friday,19 Apr 2024 20:00,321.75,321.75,0
Friday,19 Apr 2024 21:00,324.31,324.31,0
Friday,19 Apr 2024 22:00,"2,472","2,472",0
Friday,19 Apr 2024 23:00,"2,544","3,141",0
Saturday,20 Apr 2024 0:00,"2,400","2,400",0
Saturday,20 Apr 2024 1:00,"2,480","2,480",0
Saturday,20 Apr 2024 2:00,"2,327","2,327",0
Saturday,20 Apr 2024 3:00,"5,116","2,297",0
Saturday,20 Apr 2024 4:00,"2,266","2,266",0
Saturday,20 Apr 2024 5:00,"2,264","2,264",0
Saturday,20 Apr 2024 6:00,"2,359","2,359",0
Saturday,20 Apr 2024 7:00,"2,442","2,442",0
Saturday,20 Apr 2024 8:00,"2,779","2,779",0
Saturday,20 Apr 2024 9:00,"2,758","2,758",0
Saturday,20 Apr 2024 10:00,"2,672","2,672",0
Saturday,20 Apr 2024 11:00,"2,645","2,645",0
Saturday,20 Apr 2024 12:00,"2,182","2,182",0
Saturday,20 Apr 2024 13:00,"2,220","2,220",0
Saturday,20 Apr 2024 14:00,"2,149","2,149",0
Saturday,20 Apr 2024 15:00,"2,263","2,263",0
Saturday,20 Apr 2024 16:00,"2,507","2,507",0
Saturday,20 Apr 2024 17:00,"2,467","2,467",0
Saturday,20 Apr 2024 18:00,"2,253","2,253",0
Saturday,20 Apr 2024 19:00,"2,340","2,340",0
Saturday,20 Apr 2024 20:00,"2,154","2,154",0
Saturday,20 Apr 2024 21:00,"2,172","2,172",0
Saturday,20 Apr 2024 22:00,"2,283","2,283",0
Saturday,20 Apr 2024 23:00,"1,962","2,443",0
Sunday,21 Apr 2024 0:00,"1,975","1,975",0
Sunday,21 Apr 2024 1:00,"2,083","2,083",0
Sunday,21 Apr 2024 2:00,"1,854","1,854",0
Sunday,21 Apr 2024 3:00,"4,269","1,892",0
Sunday,21 Apr 2024 4:00,"1,907","1,907",0
Sunday,21 Apr 2024 5:00,"1,784","1,784",0
Sunday,21 Apr 2024 6:00,"1,784","1,784",0
Sunday,21 Apr 2024 7:00,"1,988","1,988",0
Sunday,21 Apr 2024 8:00,"2,086","2,086",0
Sunday,21 Apr 2024 9:00,"2,149","2,149",0
Sunday,21 Apr 2024 10:00,"2,310","2,310",0
Sunday,21 Apr 2024 11:00,"2,017","2,017",0
Sunday,21 Apr 2024 12:00,"2,052","2,052",0
Sunday,21 Apr 2024 13:00,"2,018","2,018",0
Sunday,21 Apr 2024 14:00,"1,961","1,961",0
Sunday,21 Apr 2024 15:00,"2,063","2,063",0
Sunday,21 Apr 2024 16:00,"2,287","2,287",0
Sunday,21 Apr 2024 17:00,"2,016","2,016",0
Sunday,21 Apr 2024 18:00,"1,990","1,990",0
Sunday,21 Apr 2024 19:00,"2,129","2,129",0
Sunday,21 Apr 2024 20:00,"2,052","2,052",0
Sunday,21 Apr 2024 21:00,"1,868","1,868",0
Sunday,21 Apr 2024 22:00,"2,023","2,023",0
Sunday,21 Apr 2024 23:00,"1,954","2,421",0
Monday,22 Apr 2024 0:00,"1,815","1,815",0
Monday,22 Apr 2024 1:00,"1,719","1,719",0
Monday,22 Apr 2024 2:00,"1,652","1,652",0
Monday,22 Apr 2024 3:00,"3,772","1,675",0
Monday,22 Apr 2024 4:00,"1,716","1,716",0
Monday,22 Apr 2024 5:00,"1,758","1,758",0
Monday,22 Apr 2024 6:00,"1,947","1,947",0
Monday,22 Apr 2024 7:00,"2,166","2,166",0
Monday,22 Apr 2024 8:00,"1,860","1,860",0
Monday,22 Apr 2024 9:00,"1,329","1,329",0
Monday,22 Apr 2024 10:00,"1,291","1,291",0
Monday,22 Apr 2024 11:00,"1,863","1,863",0
Monday,22 Apr 2024 12:00,"2,437","2,437",0
Monday,22 Apr 2024 13:00,"2,462","2,462",0
Monday,22 Apr 2024 14:00,"2,452","2,452",0
Monday,22 Apr 2024 15:00,"2,612","2,612",0
Monday,22 Apr 2024 16:00,"2,502","2,502",0
Monday,22 Apr 2024 17:00,"2,503","2,503",0
Monday,22 Apr 2024 18:00,"2,325","2,325",0
Monday,22 Apr 2024 19:00,"2,193","2,193",0
Monday,22 Apr 2024 20:00,"2,268","2,268",0
Monday,22 Apr 2024 21:00,"2,011","2,011",0
Monday,22 Apr 2024 22:00,"1,945","1,945",0
Monday,22 Apr 2024 23:00,"1,966","2,499",0
Tuesday,23 Apr 2024 0:00,"2,154","2,154",0
Tuesday,23 Apr 2024 1:00,"2,322","2,322",0
Tuesday,23 Apr 2024 2:00,"2,537","2,537",0
Tuesday,23 Apr 2024 3:00,"4,636","2,124",0
Tuesday,23 Apr 2024 4:00,"1,989","1,989",0
Tuesday,23 Apr 2024 5:00,"2,031","2,031",0
Tuesday,23 Apr 2024 6:00,"2,121","2,121",0
Tuesday,23 Apr 2024 7:00,"2,337","2,337",0
Tuesday,23 Apr 2024 8:00,"2,963","2,963",0
Tuesday,23 Apr 2024 9:00,"2,899","2,899",0
Tuesday,23 Apr 2024 10:00,"2,776","2,776",0
Tuesday,23 Apr 2024 11:00,"3,162","3,162",0
Tuesday,23 Apr 2024 12:00,"1,796","1,796",0
Tuesday,23 Apr 2024 13:00,"2,317","2,317",0
Tuesday,23 Apr 2024 14:00,"3,140","3,140",0
Tuesday,23 Apr 2024 15:00,"2,909","2,909",0
Tuesday,23 Apr 2024 16:00,"2,801","2,801",0
Tuesday,23 Apr 2024 17:00,"2,796","2,796",0
Tuesday,23 Apr 2024 18:00,"2,568","2,568",0
Tuesday,23 Apr 2024 19:00,"2,256","2,256",0
Tuesday,23 Apr 2024 20:00,"2,008","2,008",0
Tuesday,23 Apr 2024 21:00,"2,074","2,074",0
Tuesday,23 Apr 2024 22:00,"2,086","2,086",0
Tuesday,23 Apr 2024 23:00,"2,030","2,562",0
Wednesday,24 Apr 2024 0:00,"2,361","2,361",0
Wednesday,24 Apr 2024 1:00,"2,010","2,010",0
Wednesday,24 Apr 2024 2:00,"2,011","2,011",0
Wednesday,24 Apr 2024 3:00,"4,236","1,950",0
Wednesday,24 Apr 2024 4:00,"1,858","1,858",0
Wednesday,24 Apr 2024 5:00,"1,962","1,962",0
Wednesday,24 Apr 2024 6:00,"2,173","2,173",0
Wednesday,24 Apr 2024 7:00,"2,345","2,345",0
Wednesday,24 Apr 2024 8:00,"2,765","2,765",0
Wednesday,24 Apr 2024 9:00,"6,932","6,932",0
Wednesday,24 Apr 2024 10:00,"7,711","7,711",0
Wednesday,24 Apr 2024 11:00,"7,558","7,558",0
Wednesday,24 Apr 2024 12:00,"7,305","7,305",0
Wednesday,24 Apr 2024 13:00,"7,347","7,347",0
Wednesday,24 Apr 2024 14:00,"7,924","7,924",0
Wednesday,24 Apr 2024 15:00,"8,026","8,026",0
Wednesday,24 Apr 2024 16:00,"8,140","8,140",0
Wednesday,24 Apr 2024 17:00,"7,876","7,876",0
Wednesday,24 Apr 2024 18:00,"7,747","7,747",0
Wednesday,24 Apr 2024 19:00,"7,222","7,222",0
Wednesday,24 Apr 2024 20:00,"7,100","7,100",0
Wednesday,24 Apr 2024 21:00,"7,175","7,175",0
Wednesday,24 Apr 2024 22:00,"7,042","7,042",0
Wednesday,24 Apr 2024 23:00,"6,989","8,746",0
Thursday,25 Apr 2024 0:00,"7,145","7,145",0
Thursday,25 Apr 2024 1:00,"7,168","7,168",0
Thursday,25 Apr 2024 2:00,"7,011","7,011",0
Thursday,25 Apr 2024 3:00,"15,577","6,982",0
Thursday,25 Apr 2024 4:00,"6,979","6,979",0
Thursday,25 Apr 2024 5:00,"6,963","6,963",0
Thursday,25 Apr 2024 6:00,"7,472","7,472",0
Thursday,25 Apr 2024 7:00,"7,573","7,573",0
Thursday,25 Apr 2024 8:00,"7,644","7,644",0
Thursday,25 Apr 2024 9:00,"8,005","8,005",0
Thursday,25 Apr 2024 10:00,"7,148","7,148",0
Thursday,25 Apr 2024 11:00,"6,419","6,419",0
Thursday,25 Apr 2024 12:00,"7,517","7,517",0
Thursday,25 Apr 2024 13:00,"7,539","7,539",0
Thursday,25 Apr 2024 14:00,"7,407","7,407",0
Thursday,25 Apr 2024 15:00,"7,554","7,554",0
Thursday,25 Apr 2024 16:00,"7,582","7,582",0
Thursday,25 Apr 2024 17:00,"7,645","7,645",0
Thursday,25 Apr 2024 18:00,"7,514","7,514",0
Thursday,25 Apr 2024 19:00,"7,082","7,082",0
Thursday,25 Apr 2024 20:00,"6,865","6,865",0
Thursday,25 Apr 2024 21:00,"6,854","6,854",0
Thursday,25 Apr 2024 22:00,"6,899","6,899",0
Thursday,25 Apr 2024 23:00,"6,871","8,592",0
Friday,26 Apr 2024 0:00,"6,825","6,825",0
Friday,26 Apr 2024 1:00,"7,057","7,057",0
Friday,26 Apr 2024 2:00,"7,063","7,063",0
Friday,26 Apr 2024 3:00,"15,601","6,898",0
Friday,26 Apr 2024 4:00,"6,877","6,877",0
Friday,26 Apr 2024 5:00,"6,721","6,721",0
Friday,26 Apr 2024 6:00,"6,980","6,980",0
Friday,26 Apr 2024 7:00,"7,344","7,344",0
Friday,26 Apr 2024 8:00,"7,673","7,673",0
Friday,26 Apr 2024 9:00,"7,910","7,910",0
Friday,26 Apr 2024 10:00,"6,522","6,522",0
Friday,26 Apr 2024 11:00,"2,837","2,837",0
Friday,26 Apr 2024 12:00,"2,819","2,819",0
Friday,26 Apr 2024 13:00,"2,707","2,707",0
Friday,26 Apr 2024 14:00,"2,564","2,564",0
Friday,26 Apr 2024 15:00,"2,732","2,732",0
Friday,26 Apr 2024 16:00,"2,710","2,710",0
Friday,26 Apr 2024 17:00,"1,882","1,882",0
Friday,26 Apr 2024 18:00,"2,455","2,455",0
Friday,26 Apr 2024 19:00,"2,213","2,213",0
Friday,26 Apr 2024 20:00,"2,336","2,336",0
Friday,26 Apr 2024 21:00,"2,157","2,157",0
Friday,26 Apr 2024 22:00,"2,038","2,038",0
Friday,26 Apr 2024 23:00,"1,985","2,487",0
Saturday,27 Apr 2024 0:00,"1,982","1,982",0
Saturday,27 Apr 2024 1:00,"1,940","1,940",0
Saturday,27 Apr 2024 2:00,"1,927","1,927",0
Saturday,27 Apr 2024 3:00,"4,446","2,023",0
Saturday,27 Apr 2024 4:00,"1,976","1,976",0
Saturday,27 Apr 2024 5:00,"1,934","1,934",0
Saturday,27 Apr 2024 6:00,"4,031","4,031",0
Saturday,27 Apr 2024 7:00,"6,879","6,879",0
Saturday,27 Apr 2024 8:00,"7,035","7,035",0
Saturday,27 Apr 2024 9:00,"7,225","7,225",0
Saturday,27 Apr 2024 10:00,"7,196","7,196",0
Saturday,27 Apr 2024 11:00,"7,286","7,286",0
Saturday,27 Apr 2024 12:00,"7,361","7,361",0
Saturday,27 Apr 2024 13:00,"7,423","7,423",0
Saturday,27 Apr 2024 14:00,"7,407","7,407",0
Saturday,27 Apr 2024 15:00,"7,470","7,470",0
Saturday,27 Apr 2024 16:00,"7,431","7,431",0
Saturday,27 Apr 2024 17:00,"7,179","7,179",0
Saturday,27 Apr 2024 18:00,"7,370","7,370",0
Saturday,27 Apr 2024 19:00,"7,154","7,154",0
Saturday,27 Apr 2024 20:00,"7,069","7,069",0
Saturday,27 Apr 2024 21:00,"7,147","7,147",0
Saturday,27 Apr 2024 22:00,"6,963","6,963",0
Saturday,27 Apr 2024 23:00,"7,000","8,758",0
Sunday,28 Apr 2024 0:00,"6,854","6,854",0
Sunday,28 Apr 2024 1:00,"6,855","6,855",0
Sunday,28 Apr 2024 2:00,"6,839","6,839",0
Sunday,28 Apr 2024 3:00,"15,116","6,764",0
Sunday,28 Apr 2024 4:00,"6,748","6,748",0
Sunday,28 Apr 2024 5:00,"6,746","6,746",0
Sunday,28 Apr 2024 6:00,"6,777","6,777",0
Sunday,28 Apr 2024 7:00,"6,908","6,908",0
Sunday,28 Apr 2024 8:00,"7,050","7,050",0
Sunday,28 Apr 2024 9:00,"7,216","7,216",0
Sunday,28 Apr 2024 10:00,"7,041","7,041",0
Sunday,28 Apr 2024 11:00,"3,985","4,505",0
Sunday,28 Apr 2024 12:00,"2,699","2,178",0
Sunday,28 Apr 2024 13:00,"2,552","2,552",0
Sunday,28 Apr 2024 14:00,"2,600","2,600",0
Sunday,28 Apr 2024 15:00,"2,820","2,820",0
Sunday,28 Apr 2024 16:00,"3,157","3,157",0
Sunday,28 Apr 2024 17:00,"3,481","3,481",0
Sunday,28 Apr 2024 18:00,"2,965","2,965",0
Sunday,28 Apr 2024 19:00,"2,665","2,665",0
Sunday,28 Apr 2024 20:00,"2,577","2,577",0
Sunday,28 Apr 2024 21:00,"2,577","2,577",0
Sunday,28 Apr 2024 22:00,"2,574","2,574",0
Sunday,28 Apr 2024 23:00,"2,743","3,487",0
Monday,29 Apr 2024 0:00,"2,848","2,848",0
Monday,29 Apr 2024 1:00,"2,961","2,961",0
Monday,29 Apr 2024 2:00,"3,442","3,442",0
Monday,29 Apr 2024 3:00,"6,024","2,882",0
Monday,29 Apr 2024 4:00,"2,314","2,314",0
Monday,29 Apr 2024 5:00,"2,256","2,256",0
Monday,29 Apr 2024 6:00,"2,661","2,661",0
Monday,29 Apr 2024 7:00,"3,130","3,130",0
Monday,29 Apr 2024 8:00,"2,671","2,671",0
Monday,29 Apr 2024 9:00,"3,775","3,775",0
Monday,29 Apr 2024 10:00,"3,478","3,478",0
Monday,29 Apr 2024 11:00,"3,773","3,773",0
Monday,29 Apr 2024 12:00,"3,885","3,885",0
Monday,29 Apr 2024 13:00,"3,451","3,451",0
Monday,29 Apr 2024 14:00,"3,190","3,190",0
Monday,29 Apr 2024 15:00,"3,110","3,110",0
Monday,29 Apr 2024 16:00,"3,090","3,090",0
Monday,29 Apr 2024 17:00,"3,515","3,515",0
Monday,29 Apr 2024 18:00,"3,624","3,624",0
Monday,29 Apr 2024 19:00,"3,360","3,360",0
Monday,29 Apr 2024 20:00,"3,274","3,274",0
Monday,29 Apr 2024 21:00,"2,559","2,559",0
Monday,29 Apr 2024 22:00,"2,450","2,450",0
Monday,29 Apr 2024 23:00,"2,419","2,998",0
Tuesday,30 Apr 2024 0:00,"2,387","2,387",0
Tuesday,30 Apr 2024 1:00,"2,889","2,889",0
Tuesday,30 Apr 2024 2:00,"2,468","2,468",0
Tuesday,30 Apr 2024 3:00,"5,214","2,338",0
Tuesday,30 Apr 2024 4:00,"2,336","2,336",0
Tuesday,30 Apr 2024 5:00,"2,285","2,285",0
Tuesday,30 Apr 2024 6:00,"2,489","2,489",0
Tuesday,30 Apr 2024 7:00,"2,695","2,695",0
Tuesday,30 Apr 2024 8:00,"2,952","2,952",0
Tuesday,30 Apr 2024 9:00,"3,002","3,002",0
Tuesday,30 Apr 2024 10:00,"3,016","3,016",0
Tuesday,30 Apr 2024 11:00,"3,109","3,109",0
Tuesday,30 Apr 2024 12:00,"3,128","3,128",0
Tuesday,30 Apr 2024 13:00,"2,524","2,524",0
Tuesday,30 Apr 2024 14:00,"2,492","2,492",0
Tuesday,30 Apr 2024 15:00,"2,548","2,548",0
Tuesday,30 Apr 2024 16:00,"2,505","2,505",0
Tuesday,30 Apr 2024 17:00,"2,421","2,421",0
Tuesday,30 Apr 2024 18:00,"2,191","2,191",0
Tuesday,30 Apr 2024 19:00,"2,088","2,088",0
Tuesday,30 Apr 2024 20:00,"2,124","2,124",0
Tuesday,30 Apr 2024 21:00,"2,214","2,214",0
Tuesday,30 Apr 2024 22:00,"1,987","1,987",0
Tuesday,30 Apr 2024 23:00,"2,008","2,505",0
Wednesday,01 May 2024 0:00,"2,057","2,057",0
Wednesday,01 May 2024 1:00,"2,114","2,114",0
Wednesday,01 May 2024 2:00,"2,102","2,102",0
Wednesday,01 May 2024 3:00,"4,828","2,109",0
Wednesday,01 May 2024 4:00,"2,147","2,147",0
Wednesday,01 May 2024 5:00,"2,284","2,284",0
Wednesday,01 May 2024 6:00,"2,251","2,251",0
Wednesday,01 May 2024 7:00,"2,591","2,591",0
Wednesday,01 May 2024 8:00,"2,767","2,767",0
Wednesday,01 May 2024 9:00,"2,982","2,982",0
Wednesday,01 May 2024 10:00,"2,819","2,819",0
Wednesday,01 May 2024 11:00,"2,925","2,925",0
Wednesday,01 May 2024 12:00,"2,699","2,699",0
Wednesday,01 May 2024 13:00,"2,621","2,621",0
Wednesday,01 May 2024 14:00,"2,536","2,536",0
Wednesday,01 May 2024 15:00,"2,581","2,581",0
Wednesday,01 May 2024 16:00,"2,441","2,441",0
Wednesday,01 May 2024 17:00,"2,432","2,432",0
Wednesday,01 May 2024 18:00,"2,377","2,377",0
Wednesday,01 May 2024 19:00,"2,549","2,549",0
Wednesday,01 May 2024 20:00,"2,307","2,307",0
Wednesday,01 May 2024 21:00,"2,247","2,247",0
Wednesday,01 May 2024 22:00,"2,244","2,244",0
Wednesday,01 May 2024 23:00,"2,160","2,668",0
Thursday,02 May 2024 0:00,"2,253","2,253",0
Thursday,02 May 2024 1:00,"2,379","2,379",0
Thursday,02 May 2024 2:00,"2,167","2,167",0
Thursday,02 May 2024 3:00,"4,612","2,049",0
Thursday,02 May 2024 4:00,"2,164","2,164",0
Thursday,02 May 2024 5:00,"2,164","2,164",0
Thursday,02 May 2024 6:00,"2,351","2,351",0
Thursday,02 May 2024 7:00,"2,512","2,512",0
Thursday,02 May 2024 8:00,"2,987","2,987",0
Thursday,02 May 2024 9:00,"2,820","2,820",0
Thursday,02 May 2024 10:00,"2,974","2,974",0
Thursday,02 May 2024 11:00,"3,135","3,135",0
Thursday,02 May 2024 12:00,"3,111","3,111",0
Thursday,02 May 2024 13:00,"3,298","3,298",0
Thursday,02 May 2024 14:00,"3,668","3,668",0
Thursday,02 May 2024 15:00,"3,751","3,751",0
Thursday,02 May 2024 16:00,"3,605","3,605",0
Thursday,02 May 2024 17:00,"3,160","3,160",0
Thursday,02 May 2024 18:00,"2,813","2,813",0
Thursday,02 May 2024 19:00,"2,675","2,675",0
Thursday,02 May 2024 20:00,"2,132","2,132",0
Thursday,02 May 2024 21:00,"2,263","2,263",0
Thursday,02 May 2024 22:00,"2,192","2,192",0
Thursday,02 May 2024 23:00,"2,084","2,597",0
Friday,03 May 2024 0:00,"2,022","2,022",0
Friday,03 May 2024 1:00,"2,121","2,121",0
Friday,03 May 2024 2:00,"2,055","2,055",0
Friday,03 May 2024 3:00,"4,381","1,920",0
Friday,03 May 2024 4:00,"2,258","2,258",0
Friday,03 May 2024 5:00,"2,123","2,123",0
Friday,03 May 2024 6:00,"2,584","2,584",0
Friday,03 May 2024 7:00,"2,458","2,458",0
Friday,03 May 2024 8:00,"2,693","2,693",0
Friday,03 May 2024 9:00,"2,703","2,703",0
Friday,03 May 2024 10:00,"2,744","2,744",0
Friday,03 May 2024 11:00,"2,613","2,613",0
Friday,03 May 2024 12:00,"2,868","2,868",0
Friday,03 May 2024 13:00,"2,587","2,587",0
Friday,03 May 2024 14:00,"2,850","2,850",0
Friday,03 May 2024 15:00,"2,765","2,765",0
Friday,03 May 2024 16:00,"2,733","2,733",0
Friday,03 May 2024 17:00,"2,125","2,828",0
Friday,03 May 2024 18:00,"3,141","2,438",0
Friday,03 May 2024 19:00,"2,382","2,382",0
Friday,03 May 2024 20:00,"2,155","2,155",0
Friday,03 May 2024 21:00,"2,007","2,007",0
Friday,03 May 2024 22:00,"2,162","2,162",0
Friday,03 May 2024 23:00,"2,080","2,572",0
Saturday,04 May 2024 0:00,"2,023","2,023",0
Saturday,04 May 2024 1:00,"2,032","2,032",0
Saturday,04 May 2024 2:00,"1,790","1,790",0
Saturday,04 May 2024 3:00,"3,968","1,788",0
Saturday,04 May 2024 4:00,"1,995","1,995",0
Saturday,04 May 2024 5:00,"1,894","1,894",0
Saturday,04 May 2024 6:00,"1,959","1,959",0
Saturday,04 May 2024 7:00,"2,107","2,107",0
Saturday,04 May 2024 8:00,"2,244","2,244",0
Saturday,04 May 2024 9:00,"5,700","5,700",0
Saturday,04 May 2024 10:00,"2,014","2,014",0
Saturday,04 May 2024 11:00,"1,967","1,967",0
Saturday,04 May 2024 12:00,"2,183","2,183",0
Saturday,04 May 2024 13:00,"2,221","2,221",0
Saturday,04 May 2024 14:00,"2,068","2,068",0
Saturday,04 May 2024 15:00,"2,225","2,225",0
Saturday,04 May 2024 16:00,"2,411","2,411",0
Saturday,04 May 2024 17:00,"2,426","2,426",0
Saturday,04 May 2024 18:00,"2,141","2,141",0
Saturday,04 May 2024 19:00,"2,115","2,115",0
Saturday,04 May 2024 20:00,"2,182","2,182",0
Saturday,04 May 2024 21:00,"2,106","2,106",0
Saturday,04 May 2024 22:00,"2,022","2,022",0
Saturday,04 May 2024 23:00,"2,006","2,495",0
Sunday,05 May 2024 0:00,"1,976","1,976",0
Sunday,05 May 2024 1:00,"2,020","2,020",0
Sunday,05 May 2024 2:00,"2,612","2,612",0
Sunday,05 May 2024 3:00,"4,230","1,964",0
Sunday,05 May 2024 4:00,"1,840","1,840",0
Sunday,05 May 2024 5:00,"1,846","1,846",0
Sunday,05 May 2024 6:00,"1,839","1,839",0
Sunday,05 May 2024 7:00,"2,008","2,008",0
Sunday,05 May 2024 8:00,"2,341","2,341",0
Sunday,05 May 2024 9:00,"2,371","2,371",0
Sunday,05 May 2024 10:00,"2,092","2,092",0
Sunday,05 May 2024 11:00,"2,099","2,099",0
Sunday,05 May 2024 12:00,"1,934","1,934",0
Sunday,05 May 2024 13:00,"2,212","2,212",0
Sunday,05 May 2024 14:00,"1,978","1,978",0
Sunday,05 May 2024 15:00,"2,108","2,108",0
Sunday,05 May 2024 16:00,"2,403","2,403",0
Sunday,05 May 2024 17:00,"2,281","2,281",0
Sunday,05 May 2024 18:00,"2,111","2,111",0
Sunday,05 May 2024 19:00,"2,285","2,285",0
Sunday,05 May 2024 20:00,"2,090","2,090",0
Sunday,05 May 2024 21:00,"2,067","2,067",0
Sunday,05 May 2024 22:00,"2,024","2,024",0
Sunday,05 May 2024 23:00,"1,965","2,459",0
Monday,06 May 2024 0:00,"2,104","2,104",0
Monday,06 May 2024 1:00,"2,184","2,184",0
Monday,06 May 2024 2:00,"1,963","1,963",0
Monday,06 May 2024 3:00,"3,973","1,773",0
Monday,06 May 2024 4:00,"1,857","1,857",0
Monday,06 May 2024 5:00,"1,873","1,873",0
Monday,06 May 2024 6:00,"2,135","2,135",0
Monday,06 May 2024 7:00,"2,452","2,452",0
Monday,06 May 2024 8:00,"2,630","2,630",0
Monday,06 May 2024 9:00,"2,654","2,654",0
Monday,06 May 2024 10:00,"3,014","3,014",0
Monday,06 May 2024 11:00,"3,455","3,455",0
Monday,06 May 2024 12:00,"3,965","3,965",0
Monday,06 May 2024 13:00,"3,899","3,899",0
Monday,06 May 2024 14:00,"4,009","4,009",0
Monday,06 May 2024 15:00,"4,135","4,135",0
Monday,06 May 2024 16:00,"4,353","4,353",0
Monday,06 May 2024 17:00,"3,975","3,975",0
Monday,06 May 2024 18:00,"3,893","3,893",0
Monday,06 May 2024 19:00,"3,643","3,643",0
Monday,06 May 2024 20:00,"3,495","3,495",0
Monday,06 May 2024 21:00,"3,594","3,594",0
Monday,06 May 2024 22:00,"3,192","3,192",0
Monday,06 May 2024 23:00,"2,776","3,423",0
Tuesday,07 May 2024 0:00,"2,604","2,604",0
Tuesday,07 May 2024 1:00,"2,577","2,577",0
Tuesday,07 May 2024 2:00,"2,357","2,357",0
Tuesday,07 May 2024 3:00,"5,410","2,350",0
Tuesday,07 May 2024 4:00,"2,328","2,328",0
Tuesday,07 May 2024 5:00,"2,161","2,161",0
Tuesday,07 May 2024 6:00,"2,297","2,297",0
Tuesday,07 May 2024 7:00,"2,529","2,529",0
Tuesday,07 May 2024 8:00,"3,308","3,308",0
Tuesday,07 May 2024 9:00,"3,580","3,580",0
Tuesday,07 May 2024 10:00,"3,461","3,461",0
Tuesday,07 May 2024 11:00,"3,754","3,754",0
Tuesday,07 May 2024 12:00,"4,089","4,089",0
Tuesday,07 May 2024 13:00,"3,639","3,639",0
Tuesday,07 May 2024 14:00,"4,269","4,269",0
Tuesday,07 May 2024 15:00,"4,210","4,210",0
Tuesday,07 May 2024 16:00,"4,251","4,251",0
Tuesday,07 May 2024 17:00,"3,941","3,941",0
Tuesday,07 May 2024 18:00,"3,550","3,550",0
Tuesday,07 May 2024 19:00,"3,093","3,093",0
Tuesday,07 May 2024 20:00,"2,615","2,615",0
Tuesday,07 May 2024 21:00,"2,589","2,589",0
Tuesday,07 May 2024 22:00,"2,173","2,173",0
Tuesday,07 May 2024 23:00,"2,377","2,977",0
Wednesday,08 May 2024 0:00,"2,185","2,185",0
Wednesday,08 May 2024 1:00,"2,062","2,062",0
Wednesday,08 May 2024 2:00,"2,259","2,259",0
Wednesday,08 May 2024 3:00,"4,838","2,079",0
Wednesday,08 May 2024 4:00,"2,108","2,108",0
Wednesday,08 May 2024 5:00,"2,165","2,165",0
Wednesday,08 May 2024 6:00,"2,298","2,298",0
Wednesday,08 May 2024 7:00,"2,569","2,569",0
Wednesday,08 May 2024 8:00,"2,809","2,809",0
Wednesday,08 May 2024 9:00,"3,054","3,054",0
Wednesday,08 May 2024 10:00,"3,078","3,078",0
Wednesday,08 May 2024 11:00,"3,074","3,074",0
Wednesday,08 May 2024 12:00,"2,750","2,750",0
Wednesday,08 May 2024 13:00,"2,682","2,682",0
Wednesday,08 May 2024 14:00,"2,682","2,682",0
Wednesday,08 May 2024 15:00,"3,111","3,111",0
Wednesday,08 May 2024 16:00,"3,070","3,070",0
Wednesday,08 May 2024 17:00,"3,215","3,215",0
Wednesday,08 May 2024 18:00,"2,718","2,718",0
Wednesday,08 May 2024 19:00,"2,499","2,499",0
Wednesday,08 May 2024 20:00,"2,193","2,193",0
Wednesday,08 May 2024 21:00,"2,256","2,256",0
Wednesday,08 May 2024 22:00,"2,307","2,307",0
Wednesday,08 May 2024 23:00,"2,099","2,675",0
Thursday,09 May 2024 0:00,"2,414","2,414",0
Thursday,09 May 2024 1:00,"2,340","2,340",0
Thursday,09 May 2024 2:00,"2,220","2,220",0
Thursday,09 May 2024 3:00,"4,605","2,067",0
Thursday,09 May 2024 4:00,"2,027","2,027",0
Thursday,09 May 2024 5:00,"1,995","1,995",0
Thursday,09 May 2024 6:00,"2,434","2,434",0
Thursday,09 May 2024 7:00,"2,451","2,451",0
Thursday,09 May 2024 8:00,"2,909","2,909",0
Thursday,09 May 2024 9:00,"3,234","3,234",0
Thursday,09 May 2024 10:00,"3,010","3,010",0
Thursday,09 May 2024 11:00,"2,926","2,926",0
Thursday,09 May 2024 12:00,"2,760","2,760",0
Thursday,09 May 2024 13:00,"2,740","2,740",0
Thursday,09 May 2024 14:00,"2,808","2,808",0
Thursday,09 May 2024 15:00,"2,927","2,927",0
Thursday,09 May 2024 16:00,"2,828","2,828",0
Thursday,09 May 2024 17:00,"2,795","2,795",0
Thursday,09 May 2024 18:00,"2,370","2,370",0
Thursday,09 May 2024 19:00,"2,381","2,381",0
Thursday,09 May 2024 20:00,"2,245","2,245",0
Thursday,09 May 2024 21:00,"2,101","2,101",0
Thursday,09 May 2024 22:00,"1,960","1,960",0
Thursday,09 May 2024 23:00,"1,991","2,486",0
Friday,10 May 2024 0:00,"2,052","2,052",0
Friday,10 May 2024 1:00,"2,233","2,233",0
Friday,10 May 2024 2:00,"2,381","2,381",0
Friday,10 May 2024 3:00,"4,342","1,999",0
Friday,10 May 2024 4:00,"1,915","1,915",0
Friday,10 May 2024 5:00,"1,830","1,830",0
Friday,10 May 2024 6:00,"2,092","2,092",0
Friday,10 May 2024 7:00,"2,209","2,209",0
Friday,10 May 2024 8:00,"2,497","2,497",0
Friday,10 May 2024 9:00,"2,458","2,458",0
Friday,10 May 2024 10:00,"2,936","2,936",0
Friday,10 May 2024 11:00,"2,667","2,667",0
Friday,10 May 2024 12:00,"2,746","2,746",0
Friday,10 May 2024 13:00,"2,723","2,723",0
Friday,10 May 2024 14:00,"2,551","2,551",0
Friday,10 May 2024 15:00,"2,976","2,976",0
Friday,10 May 2024 16:00,"2,969","2,969",0
Friday,10 May 2024 17:00,"2,585","2,585",0
Friday,10 May 2024 18:00,"2,261","2,261",0
Friday,10 May 2024 19:00,"2,114","2,114",0
Friday,10 May 2024 20:00,"2,337","2,337",0
Friday,10 May 2024 21:00,"2,142","2,142",0
Friday,10 May 2024 22:00,"1,893","1,893",0
Friday,10 May 2024 23:00,"2,038","2,536",0
Saturday,11 May 2024 0:00,"2,567","2,567",0
Saturday,11 May 2024 1:00,"2,088","2,088",0
Saturday,11 May 2024 2:00,"2,088","2,088",0
Saturday,11 May 2024 3:00,"4,557","1,991",0
Saturday,11 May 2024 4:00,"2,042","2,042",0
Saturday,11 May 2024 5:00,"2,097","2,097",0
Saturday,11 May 2024 6:00,"2,104","2,104",0
Saturday,11 May 2024 7:00,"2,195","2,195",0
Saturday,11 May 2024 8:00,"2,603","2,603",0
Saturday,11 May 2024 9:00,"2,601","2,601",0
Saturday,11 May 2024 10:00,"2,312","2,312",0
Saturday,11 May 2024 11:00,"2,223","2,223",0
Saturday,11 May 2024 12:00,"2,300","2,300",0
Saturday,11 May 2024 13:00,"2,287","2,287",0
Saturday,11 May 2024 14:00,"2,323","2,323",0
Saturday,11 May 2024 15:00,"2,375","2,375",0
Saturday,11 May 2024 16:00,"2,416","2,416",0
Saturday,11 May 2024 17:00,"2,536","2,536",0
Saturday,11 May 2024 18:00,"2,281","2,281",0
Saturday,11 May 2024 19:00,"2,272","2,272",0
Saturday,11 May 2024 20:00,"2,075","2,075",0
Saturday,11 May 2024 21:00,"2,089","2,089",0
Saturday,11 May 2024 22:00,"2,352","2,352",0
Saturday,11 May 2024 23:00,"2,154","2,739",0
Sunday,12 May 2024 0:00,"2,138","2,138",0
Sunday,12 May 2024 1:00,"2,150","2,150",0
Sunday,12 May 2024 2:00,"2,300","2,300",0
Sunday,12 May 2024 3:00,"4,581","1,996",0
Sunday,12 May 2024 4:00,"2,006","2,006",0
Sunday,12 May 2024 5:00,"1,877","1,877",0
Sunday,12 May 2024 6:00,"2,046","2,046",0
Sunday,12 May 2024 7:00,"2,115","2,115",0
Sunday,12 May 2024 8:00,"2,350","2,350",0
Sunday,12 May 2024 9:00,"2,235","2,235",0
Sunday,12 May 2024 10:00,"2,350","2,350",0
Sunday,12 May 2024 11:00,"2,344","2,344",0
Sunday,12 May 2024 12:00,"2,717","2,717",0
Sunday,12 May 2024 13:00,"2,896","2,896",0
Sunday,12 May 2024 14:00,"2,990","2,990",0
Sunday,12 May 2024 15:00,"2,678","2,678",0
Sunday,12 May 2024 16:00,"2,857","2,857",0
Sunday,12 May 2024 17:00,"2,628","2,628",0
Sunday,12 May 2024 18:00,"2,336","2,336",0
Sunday,12 May 2024 19:00,"2,182","2,182",0
Sunday,12 May 2024 20:00,"2,069","2,069",0
Sunday,12 May 2024 21:00,"2,228","2,228",0
Sunday,12 May 2024 22:00,"2,153","2,153",0
Sunday,12 May 2024 23:00,"2,094","2,593",0
Monday,13 May 2024 0:00,"2,021","2,021",0
Monday,13 May 2024 1:00,"2,040","2,040",0
Monday,13 May 2024 2:00,"2,099","2,099",0
Monday,13 May 2024 3:00,"4,438","1,987",0
Monday,13 May 2024 4:00,"1,958","1,958",0
Monday,13 May 2024 5:00,"1,957","1,957",0
Monday,13 May 2024 6:00,"2,267","2,267",0
Monday,13 May 2024 7:00,"2,737","2,737",0
Monday,13 May 2024 8:00,"2,893","2,893",0
Monday,13 May 2024 9:00,"2,959","2,959",0
Monday,13 May 2024 10:00,"2,859","2,859",0
Monday,13 May 2024 11:00,"2,986","2,986",0
Monday,13 May 2024 12:00,"2,932","2,932",0
Monday,13 May 2024 13:00,"2,900","2,900",0
Monday,13 May 2024 14:00,"2,928","2,928",0
Monday,13 May 2024 15:00,"3,044","3,044",0
Monday,13 May 2024 16:00,"3,033","3,033",0
Monday,13 May 2024 17:00,"2,964","2,964",0
Monday,13 May 2024 18:00,"2,554","2,554",0
Monday,13 May 2024 19:00,"2,435","2,435",0
Monday,13 May 2024 20:00,"2,256","2,256",0
Monday,13 May 2024 21:00,"2,088","2,088",0
Monday,13 May 2024 22:00,"2,097","2,097",0
Monday,13 May 2024 23:00,"1,954","2,415",0
Tuesday,14 May 2024 0:00,"2,033","2,033",0
Tuesday,14 May 2024 1:00,"1,952","1,952",0
Tuesday,14 May 2024 2:00,"2,075","2,075",0
Tuesday,14 May 2024 3:00,"4,421","1,918",0
Tuesday,14 May 2024 4:00,"2,024","2,024",0
Tuesday,14 May 2024 5:00,"2,013","2,013",0
Tuesday,14 May 2024 6:00,"2,203","2,203",0
Tuesday,14 May 2024 7:00,"2,300","2,300",0
Tuesday,14 May 2024 8:00,"2,615","2,615",0
Tuesday,14 May 2024 9:00,"2,876","2,876",0
Tuesday,14 May 2024 10:00,"3,586","3,586",0
Tuesday,14 May 2024 11:00,"3,948","3,948",0
Tuesday,14 May 2024 12:00,"4,369","4,369",0
Tuesday,14 May 2024 13:00,"4,021","4,021",0
Tuesday,14 May 2024 14:00,"3,407","4,491",0
Tuesday,14 May 2024 15:00,"5,472","4,388",0
Tuesday,14 May 2024 16:00,"4,390","4,390",0
Tuesday,14 May 2024 17:00,"4,319","4,319",0
Tuesday,14 May 2024 18:00,"4,125","4,125",0
Tuesday,14 May 2024 19:00,"3,529","3,529",0
Tuesday,14 May 2024 20:00,"3,438","3,438",0
Tuesday,14 May 2024 21:00,"3,049","3,049",0
Tuesday,14 May 2024 22:00,"2,706","2,706",0
Tuesday,14 May 2024 23:00,"2,598","3,235",0
Wednesday,15 May 2024 0:00,"2,609","2,609",0
Wednesday,15 May 2024 1:00,"2,443","2,443",0
Wednesday,15 May 2024 2:00,"2,807","2,807",0
Wednesday,15 May 2024 3:00,"5,819","2,775",0
Wednesday,15 May 2024 4:00,"2,451","2,451",0
Wednesday,15 May 2024 5:00,"2,537","2,537",0
Wednesday,15 May 2024 6:00,"2,879","2,879",0
Wednesday,15 May 2024 7:00,"3,470","3,470",0
Wednesday,15 May 2024 8:00,"3,710","3,710",0
Wednesday,15 May 2024 9:00,"4,196","4,196",0
Wednesday,15 May 2024 10:00,"4,295","4,295",0
Wednesday,15 May 2024 11:00,"4,261","4,261",0
Wednesday,15 May 2024 12:00,"4,394","4,394",0
Wednesday,15 May 2024 13:00,"4,467","4,467",0
Wednesday,15 May 2024 14:00,"4,368","4,368",0
Wednesday,15 May 2024 15:00,"4,029","4,029",0
Wednesday,15 May 2024 16:00,"2,315","2,315",0
Wednesday,15 May 2024 17:00,428.3,428.3,0
Wednesday,15 May 2024 18:00,339.14,339.14,0
Wednesday,15 May 2024 19:00,324.73,324.73,0
Wednesday,15 May 2024 20:00,319.86,319.86,0
Wednesday,15 May 2024 21:00,319.26,319.26,0
Wednesday,15 May 2024 22:00,313.75,313.75,0
Wednesday,15 May 2024 23:00,321.91,400.46,0
Thursday,16 May 2024 0:00,319.83,319.83,0
Thursday,16 May 2024 1:00,315.56,315.56,0
Thursday,16 May 2024 2:00,319.27,319.27,0
Thursday,16 May 2024 3:00,714.66,319.22,0
Thursday,16 May 2024 4:00,322.28,322.28,0
Thursday,16 May 2024 5:00,325.83,325.83,0
Thursday,16 May 2024 6:00,316.29,316.29,0
Thursday,16 May 2024 7:00,323.18,323.18,0
Thursday,16 May 2024 8:00,316.47,316.47,0
Thursday,16 May 2024 9:00,328.19,328.19,0
Thursday,16 May 2024 10:00,317.29,317.29,0
Thursday,16 May 2024 11:00,325.21,325.21,0
Thursday,16 May 2024 12:00,320.53,320.53,0
Thursday,16 May 2024 13:00,389.28,389.28,0
Thursday,16 May 2024 14:00,355.56,355.56,0
Thursday,16 May 2024 15:00,314.26,314.26,0
Thursday,16 May 2024 16:00,335.62,335.62,0
Thursday,16 May 2024 17:00,342.67,342.67,0
Thursday,16 May 2024 18:00,319.6,319.6,0
Thursday,16 May 2024 19:00,317.93,317.93,0
Thursday,16 May 2024 20:00,323.21,323.21,0
Thursday,16 May 2024 21:00,312.35,312.35,0
Thursday,16 May 2024 22:00,317.93,317.93,0
Thursday,16 May 2024 23:00,325.93,405.81,0
Friday,17 May 2024 0:00,317.44,317.44,0
Friday,17 May 2024 1:00,313.03,313.03,0
Friday,17 May 2024 2:00,315.29,315.29,0
Friday,17 May 2024 3:00,707.28,317.52,0
Friday,17 May 2024 4:00,317.7,317.7,0
Friday,17 May 2024 5:00,234.9,315.76,0
Friday,17 May 2024 6:00,396.21,315.35,0
Friday,17 May 2024 7:00,324.82,324.82,0
Friday,17 May 2024 8:00,345.26,345.26,0
Friday,17 May 2024 9:00,542.24,542.24,0
Friday,17 May 2024 10:00,639.03,639.03,0
Friday,17 May 2024 11:00,377.85,377.85,0
Friday,17 May 2024 12:00,329,329,0
Friday,17 May 2024 13:00,376.7,376.7,0
Friday,17 May 2024 14:00,324.42,324.42,0
Friday,17 May 2024 15:00,314.12,314.12,0
Friday,17 May 2024 16:00,373.27,373.27,0
Friday,17 May 2024 17:00,310.88,310.88,0
Friday,17 May 2024 18:00,312.19,312.19,0
Friday,17 May 2024 19:00,314.08,314.08,0
Friday,17 May 2024 20:00,315.13,315.13,0
Friday,17 May 2024 21:00,315.73,315.73,0
Friday,17 May 2024 22:00,318.53,318.53,0
Friday,17 May 2024 23:00,323.45,402.81,0
Saturday,18 May 2024 0:00,312.65,312.65,0
Saturday,18 May 2024 1:00,321.2,321.2,0
Saturday,18 May 2024 2:00,311.11,311.11,0
Saturday,18 May 2024 3:00,695.93,312.87,0
Saturday,18 May 2024 4:00,321.01,321.01,0
Saturday,18 May 2024 5:00,314.83,314.83,0
Saturday,18 May 2024 6:00,317.6,317.6,0
Saturday,18 May 2024 7:00,350.78,350.78,0
Saturday,18 May 2024 8:00,"2,352","2,352",0
Saturday,18 May 2024 9:00,"2,400","2,400",0
Saturday,18 May 2024 10:00,"2,557","2,557",0
Saturday,18 May 2024 11:00,"2,380","2,380",0
Saturday,18 May 2024 12:00,"2,381","2,381",0
Saturday,18 May 2024 13:00,"2,318","2,318",0
Saturday,18 May 2024 14:00,"2,449","2,449",0
Saturday,18 May 2024 15:00,"2,740","2,740",0
Saturday,18 May 2024 16:00,"2,699","2,699",0
Saturday,18 May 2024 17:00,"2,355","2,355",0
Saturday,18 May 2024 18:00,"2,278","2,278",0
Saturday,18 May 2024 19:00,"2,486","2,486",0
Saturday,18 May 2024 20:00,"2,444","2,444",0
Saturday,18 May 2024 21:00,"2,357","2,357",0
Saturday,18 May 2024 22:00,"2,182","2,182",0
Saturday,18 May 2024 23:00,"2,109","2,605",0
Sunday,19 May 2024 0:00,"2,260","2,260",0
Sunday,19 May 2024 1:00,"2,158","2,158",0
Sunday,19 May 2024 2:00,"2,037","2,037",0
Sunday,19 May 2024 3:00,"4,828","2,058",0
Sunday,19 May 2024 4:00,"2,001","2,001",0
Sunday,19 May 2024 5:00,"1,974","1,974",0
Sunday,19 May 2024 6:00,"2,139","2,139",0
Sunday,19 May 2024 7:00,"2,512","2,512",0
Sunday,19 May 2024 8:00,"2,801","2,801",0
Sunday,19 May 2024 9:00,"2,635","2,635",0
Sunday,19 May 2024 10:00,"2,602","2,602",0
Sunday,19 May 2024 11:00,"2,313","2,313",0
Sunday,19 May 2024 12:00,"2,383","2,383",0
Sunday,19 May 2024 13:00,"2,293","2,293",0
Sunday,19 May 2024 14:00,"2,189","2,189",0
Sunday,19 May 2024 15:00,"2,291","2,291",0
Sunday,19 May 2024 16:00,"2,511","2,511",0
Sunday,19 May 2024 17:00,"2,251","2,251",0
Sunday,19 May 2024 18:00,"2,570","2,570",0
Sunday,19 May 2024 19:00,"2,461","2,461",0
Sunday,19 May 2024 20:00,"2,237","2,237",0
Sunday,19 May 2024 21:00,"2,298","2,298",0
Sunday,19 May 2024 22:00,"2,164","2,164",0
Sunday,19 May 2024 23:00,"2,143","2,623",0
Monday,20 May 2024 0:00,"2,089","2,089",0
Monday,20 May 2024 1:00,"2,027","2,027",0
Monday,20 May 2024 2:00,"2,300","2,300",0
Monday,20 May 2024 3:00,"6,232","2,551",0
Monday,20 May 2024 4:00,"2,477","2,477",0
Monday,20 May 2024 5:00,"2,182","2,182",0
Monday,20 May 2024 6:00,"2,333","2,333",0
Monday,20 May 2024 7:00,"2,637","2,637",0
Monday,20 May 2024 8:00,"2,896","2,896",0
Monday,20 May 2024 9:00,"1,036","1,036",0
Monday,20 May 2024 10:00,327.43,327.43,0
Monday,20 May 2024 11:00,441.84,441.84,0
Monday,20 May 2024 12:00,326.4,326.4,0
Monday,20 May 2024 13:00,315.48,315.48,0
Monday,20 May 2024 14:00,428.99,428.99,0
Monday,20 May 2024 15:00,482.54,482.54,0
Monday,20 May 2024 16:00,437.66,437.66,0
Monday,20 May 2024 17:00,341.05,341.05,0
Monday,20 May 2024 18:00,320.66,320.66,0
Monday,20 May 2024 19:00,316.91,316.91,0
Monday,20 May 2024 20:00,308.4,308.4,0
Monday,20 May 2024 21:00,313.74,313.74,0
Monday,20 May 2024 22:00,317.83,317.83,0
Monday,20 May 2024 23:00,314.61,393.75,0
Tuesday,21 May 2024 0:00,356.11,356.11,0
Tuesday,21 May 2024 1:00,"2,050","2,050",0
Tuesday,21 May 2024 2:00,"2,259","2,259",0
Tuesday,21 May 2024 3:00,"5,231","2,458",0
Tuesday,21 May 2024 4:00,"2,492","2,492",0
Tuesday,21 May 2024 5:00,"2,365","2,365",0
Tuesday,21 May 2024 6:00,"2,850","2,850",0
Tuesday,21 May 2024 7:00,"3,071","3,071",0
Tuesday,21 May 2024 8:00,"3,878","3,878",0
Tuesday,21 May 2024 9:00,"4,610","4,610",0
Tuesday,21 May 2024 10:00,"4,982","4,982",0
Tuesday,21 May 2024 11:00,"5,492","5,492",0
Tuesday,21 May 2024 12:00,"5,895","5,895",0
Tuesday,21 May 2024 13:00,"5,710","5,710",0
Tuesday,21 May 2024 14:00,"5,587","5,587",0
Tuesday,21 May 2024 15:00,"1,868","1,868",0
Tuesday,21 May 2024 16:00,"1,699","1,699",0
Tuesday,21 May 2024 17:00,"2,091","2,091",0
Tuesday,21 May 2024 18:00,"1,439","1,439",0
Tuesday,21 May 2024 19:00,"1,309","1,309",0
Tuesday,21 May 2024 20:00,552.71,552.71,0
Tuesday,21 May 2024 21:00,375.48,375.48,0
Tuesday,21 May 2024 22:00,315.35,315.35,0
Tuesday,21 May 2024 23:00,325.24,413.55,0
Wednesday,22 May 2024 0:00,363.74,363.74,0
Wednesday,22 May 2024 1:00,321.82,321.82,0
Wednesday,22 May 2024 2:00,524.03,524.03,0
Wednesday,22 May 2024 3:00,"1,388",711.33,0
Wednesday,22 May 2024 4:00,429.37,429.37,0
Wednesday,22 May 2024 5:00,593.95,593.95,0
Wednesday,22 May 2024 6:00,992.67,992.67,0
Wednesday,22 May 2024 7:00,"4,714","4,714",0
Wednesday,22 May 2024 8:00,"5,300","5,300",0
Wednesday,22 May 2024 9:00,"5,833","5,833",0
Wednesday,22 May 2024 10:00,"6,005","6,005",0
Wednesday,22 May 2024 11:00,"5,908","5,908",0
Wednesday,22 May 2024 12:00,"5,697","5,697",0
Wednesday,22 May 2024 13:00,"5,839","5,839",0
Wednesday,22 May 2024 14:00,"5,780","5,780",0
Wednesday,22 May 2024 15:00,"6,097","6,097",0
Wednesday,22 May 2024 16:00,"6,015","6,015",0
Wednesday,22 May 2024 17:00,"5,948","5,948",0
Wednesday,22 May 2024 18:00,"5,770","5,770",0
Wednesday,22 May 2024 19:00,"5,569","5,569",0
Wednesday,22 May 2024 20:00,"5,200","5,200",0
Wednesday,22 May 2024 21:00,"4,864","4,864",0
Wednesday,22 May 2024 22:00,"4,598","4,598",0
Wednesday,22 May 2024 23:00,"3,239","5,284",0
Thursday,23 May 2024 0:00,"5,221","4,198",0
Thursday,23 May 2024 1:00,"4,256","4,256",0
Thursday,23 May 2024 2:00,"4,382","4,382",0
Thursday,23 May 2024 3:00,"9,791","4,417",0
Thursday,23 May 2024 4:00,"4,132","4,132",0
Thursday,23 May 2024 5:00,"3,985","3,985",0
Thursday,23 May 2024 6:00,"4,360","4,360",0
Thursday,23 May 2024 7:00,"4,821","4,821",0
Thursday,23 May 2024 8:00,"5,665","5,665",0
Thursday,23 May 2024 9:00,"5,637","5,637",0
Thursday,23 May 2024 10:00,"5,747","5,747",0
Thursday,23 May 2024 11:00,"5,951","5,951",0
Thursday,23 May 2024 12:00,"6,344","6,344",0
Thursday,23 May 2024 13:00,"6,339","6,339",0
Thursday,23 May 2024 14:00,"5,953","5,953",0
Thursday,23 May 2024 15:00,"6,107","6,107",0
Thursday,23 May 2024 16:00,"5,989","5,989",0
Thursday,23 May 2024 17:00,"6,161","6,161",0
Thursday,23 May 2024 18:00,"5,997","5,997",0
Thursday,23 May 2024 19:00,"5,603","5,603",0
Thursday,23 May 2024 20:00,"5,293","5,293",0
Thursday,23 May 2024 21:00,"4,683","4,683",0
Thursday,23 May 2024 22:00,"3,785","3,785",0
Thursday,23 May 2024 23:00,"3,433","4,289",0
Friday,24 May 2024 0:00,"3,457","3,457",0
Friday,24 May 2024 1:00,"3,422","3,422",0
Friday,24 May 2024 2:00,"3,158","3,158",0
Friday,24 May 2024 3:00,"7,084","2,945",0
Friday,24 May 2024 4:00,"3,075","3,075",0
Friday,24 May 2024 5:00,"3,243","3,243",0
Friday,24 May 2024 6:00,"3,310","3,310",0
Friday,24 May 2024 7:00,"4,118","4,118",0
Friday,24 May 2024 8:00,"4,284","4,284",0
Friday,24 May 2024 9:00,"4,632","4,632",0
Friday,24 May 2024 10:00,"4,199","4,199",0
Friday,24 May 2024 11:00,"5,120","5,120",0
Friday,24 May 2024 12:00,"4,826","4,826",0
Friday,24 May 2024 13:00,"4,849","4,849",0
Friday,24 May 2024 14:00,"3,008","3,008",0
Friday,24 May 2024 15:00,"1,536","1,536",0
Friday,24 May 2024 16:00,"1,297","1,297",0
Friday,24 May 2024 17:00,"1,366","1,366",0
Friday,24 May 2024 18:00,910.77,910.77,0
Friday,24 May 2024 19:00,672.86,672.86,0
Friday,24 May 2024 20:00,339.43,339.43,0
Friday,24 May 2024 21:00,329.83,329.83,0
Friday,24 May 2024 22:00,526.19,526.19,0
Friday,24 May 2024 23:00,508.01,589.96,0
Saturday,25 May 2024 0:00,316.96,316.96,0
Saturday,25 May 2024 1:00,363.34,363.34,0
Saturday,25 May 2024 2:00,319.65,319.65,0
Saturday,25 May 2024 3:00,848.82,404.96,0
Saturday,25 May 2024 4:00,351.14,351.14,0
Saturday,25 May 2024 5:00,328.36,328.36,0
Saturday,25 May 2024 6:00,377.63,377.63,0
Saturday,25 May 2024 7:00,419.48,419.48,0
Saturday,25 May 2024 8:00,435.32,435.32,0
Saturday,25 May 2024 9:00,365.94,365.94,0
Saturday,25 May 2024 10:00,493.9,493.9,0
Saturday,25 May 2024 11:00,624.43,624.43,0
Saturday,25 May 2024 12:00,583.92,583.92,0
Saturday,25 May 2024 13:00,"1,159","1,159",0
Saturday,25 May 2024 14:00,"1,199","1,199",0
Saturday,25 May 2024 15:00,"1,215","1,215",0
Saturday,25 May 2024 16:00,"1,503","1,503",0
Saturday,25 May 2024 17:00,"1,172","1,172",0
Saturday,25 May 2024 18:00,"1,285","1,285",0
Saturday,25 May 2024 19:00,740.18,740.18,0
Saturday,25 May 2024 20:00,802.93,802.93,0
Saturday,25 May 2024 21:00,670.9,670.9,0
Saturday,25 May 2024 22:00,444.22,444.22,0
Saturday,25 May 2024 23:00,387.21,493.43,0
Sunday,26 May 2024 0:00,368.27,368.27,0
Sunday,26 May 2024 1:00,366.06,366.06,0
Sunday,26 May 2024 2:00,326.82,326.82,0
Sunday,26 May 2024 3:00,747.08,325.13,0
Sunday,26 May 2024 4:00,373.78,373.78,0
Sunday,26 May 2024 5:00,394.53,394.53,0
Sunday,26 May 2024 6:00,593.41,593.41,0
Sunday,26 May 2024 7:00,768.3,768.3,0
Sunday,26 May 2024 8:00,"1,060","1,060",0
Sunday,26 May 2024 9:00,"1,006","1,006",0
Sunday,26 May 2024 10:00,"1,645","1,645",0
Sunday,26 May 2024 11:00,"1,380","1,380",0
Sunday,26 May 2024 12:00,"1,611","1,611",0
Sunday,26 May 2024 13:00,"1,829","1,829",0
Sunday,26 May 2024 14:00,"1,839","1,839",0
Sunday,26 May 2024 15:00,"1,985","1,985",0
Sunday,26 May 2024 16:00,"1,710","1,710",0
Sunday,26 May 2024 17:00,"1,869","1,869",0
Sunday,26 May 2024 18:00,"1,551","1,551",0
Sunday,26 May 2024 19:00,"1,235","1,235",0
Sunday,26 May 2024 20:00,"1,157","1,157",0
Sunday,26 May 2024 21:00,896.43,896.43,0
Sunday,26 May 2024 22:00,998.24,998.24,0
Sunday,26 May 2024 23:00,916.68,"1,150",0
Monday,27 May 2024 0:00,913.32,913.32,0
Monday,27 May 2024 1:00,775.92,775.92,0
Monday,27 May 2024 2:00,734.77,734.77,0
Monday,27 May 2024 3:00,"1,480",585.3,0
Monday,27 May 2024 4:00,770.17,770.17,0
Monday,27 May 2024 5:00,753.53,753.53,0
Monday,27 May 2024 6:00,910.96,910.96,0
Monday,27 May 2024 7:00,882.72,882.72,0
Monday,27 May 2024 8:00,827.2,827.2,0
Monday,27 May 2024 9:00,890.21,890.21,0
Monday,27 May 2024 10:00,860.01,860.01,0
Monday,27 May 2024 11:00,955.4,955.4,0
Monday,27 May 2024 12:00,961.32,961.32,0
Monday,27 May 2024 13:00,959.44,959.44,0
Monday,27 May 2024 14:00,"1,063","1,063",0
Monday,27 May 2024 15:00,"1,254","1,254",0
Monday,27 May 2024 16:00,"1,905","1,905",0
Monday,27 May 2024 17:00,"2,140","2,140",0
Monday,27 May 2024 18:00,"1,796","1,796",0
Monday,27 May 2024 19:00,"1,683","1,683",0
Monday,27 May 2024 20:00,"1,685","1,685",0
Monday,27 May 2024 21:00,"1,745","1,745",0
Monday,27 May 2024 22:00,"1,622","1,622",0
Monday,27 May 2024 23:00,"1,579","1,952",0
Tuesday,28 May 2024 0:00,"1,595","1,595",0
Tuesday,28 May 2024 1:00,"1,403","1,403",0
Tuesday,28 May 2024 2:00,"1,683","1,683",0
Tuesday,28 May 2024 3:00,"3,578","1,636",0
Tuesday,28 May 2024 4:00,"1,345","1,345",0
Tuesday,28 May 2024 5:00,"1,459","1,459",0
Tuesday,28 May 2024 6:00,"1,573","1,573",0
Tuesday,28 May 2024 7:00,"1,608","1,608",0
Tuesday,28 May 2024 8:00,"2,086","2,086",0
Tuesday,28 May 2024 9:00,"2,540","2,540",0
Tuesday,28 May 2024 10:00,"2,368","2,368",0
Tuesday,28 May 2024 11:00,"2,575","2,575",0
Tuesday,28 May 2024 12:00,"2,385","2,385",0
Tuesday,28 May 2024 13:00,"2,363","2,363",0
Tuesday,28 May 2024 14:00,"2,078","2,078",0
Tuesday,28 May 2024 15:00,"2,015","2,015",0
Tuesday,28 May 2024 16:00,"1,823","1,823",0
Tuesday,28 May 2024 17:00,"1,955","1,955",0
Tuesday,28 May 2024 18:00,"1,309","1,309",0
Tuesday,28 May 2024 19:00,"1,064","1,064",0
Tuesday,28 May 2024 20:00,"1,208","1,208",0
Tuesday,28 May 2024 21:00,"1,339","1,339",0
Tuesday,28 May 2024 22:00,"1,159","1,159",0
Tuesday,28 May 2024 23:00,"1,235","1,524",0
Wednesday,29 May 2024 0:00,"1,254","1,254",0
Wednesday,29 May 2024 1:00,"1,119","1,119",0
Wednesday,29 May 2024 2:00,800.15,800.15,0
Wednesday,29 May 2024 3:00,"1,665",725.7,0
Wednesday,29 May 2024 4:00,683.62,683.62,0
Wednesday,29 May 2024 5:00,733.16,733.16,0
Wednesday,29 May 2024 6:00,"1,194","1,194",0
Wednesday,29 May 2024 7:00,"1,661","1,661",0
Wednesday,29 May 2024 8:00,"1,981","1,981",0
Wednesday,29 May 2024 9:00,"1,939","1,939",0
Wednesday,29 May 2024 10:00,"1,723","1,723",0
Wednesday,29 May 2024 11:00,"1,735","1,735",0
Wednesday,29 May 2024 12:00,"1,538","1,538",0
Wednesday,29 May 2024 13:00,"1,594","1,594",0
Wednesday,29 May 2024 14:00,"1,705","1,705",0
Wednesday,29 May 2024 15:00,"1,901","1,901",0
Wednesday,29 May 2024 16:00,"1,801","1,801",0
Wednesday,29 May 2024 17:00,"1,431","1,431",0
Wednesday,29 May 2024 18:00,"1,367","1,367",0
Wednesday,29 May 2024 19:00,729.49,729.49,0
Wednesday,29 May 2024 20:00,658.62,658.62,0
Wednesday,29 May 2024 21:00,655.02,655.02,0
Wednesday,29 May 2024 22:00,505.13,505.13,0
Wednesday,29 May 2024 23:00,902.25,"1,124",0
Thursday,30 May 2024 0:00,889.67,889.67,0
Thursday,30 May 2024 1:00,586.41,586.41,0
Thursday,30 May 2024 2:00,818.22,818.22,0
Thursday,30 May 2024 3:00,"1,615",593.27,0
Thursday,30 May 2024 4:00,803.54,803.54,0
Thursday,30 May 2024 5:00,743.79,743.79,0
Thursday,30 May 2024 6:00,897.09,897.09,0
Thursday,30 May 2024 7:00,"1,079","1,079",0
Thursday,30 May 2024 8:00,"1,189","1,189",0
Thursday,30 May 2024 9:00,982.6,982.6,0
Thursday,30 May 2024 10:00,892.33,892.33,0
Thursday,30 May 2024 11:00,922.55,922.55,0
Thursday,30 May 2024 12:00,824.51,824.51,0
Thursday,30 May 2024 13:00,845.32,845.32,0
Thursday,30 May 2024 14:00,742.43,742.43,0
Thursday,30 May 2024 15:00,"1,005","1,005",0
Thursday,30 May 2024 16:00,"1,136","1,136",0
Thursday,30 May 2024 17:00,"1,041","1,041",0
Thursday,30 May 2024 18:00,901.77,901.77,0
Thursday,30 May 2024 19:00,638.57,638.57,0
Thursday,30 May 2024 20:00,758.5,758.5,0
Thursday,30 May 2024 21:00,742.56,742.56,0
Thursday,30 May 2024 22:00,584.49,584.49,0
Thursday,30 May 2024 23:00,522.71,694.98,0
Friday,31 May 2024 0:00,626.26,626.26,0
Friday,31 May 2024 1:00,753.27,753.27,0
Friday,31 May 2024 2:00,811.62,811.62,0
Friday,31 May 2024 3:00,"1,440",665.73,0
Friday,31 May 2024 4:00,461.98,461.98,0
Friday,31 May 2024 5:00,378.26,378.26,0
Friday,31 May 2024 6:00,741.34,741.34,0
Friday,31 May 2024 7:00,990.67,990.67,0
Friday,31 May 2024 8:00,890.69,890.69,0
Friday,31 May 2024 9:00,789.04,789.04,0
Friday,31 May 2024 10:00,"1,099","1,099",0
Friday,31 May 2024 11:00,924.99,924.99,0
Friday,31 May 2024 12:00,842.96,842.96,0
Friday,31 May 2024 13:00,470.37,470.37,0
Friday,31 May 2024 14:00,408.62,408.62,0
Friday,31 May 2024 15:00,527.86,527.86,0
Friday,31 May 2024 16:00,"1,051","1,051",0
Friday,31 May 2024 17:00,596.95,596.95,0
Friday,31 May 2024 18:00,453.12,453.12,0
Friday,31 May 2024 19:00,331.3,331.3,0
Friday,31 May 2024 20:00,379.1,379.1,0
Friday,31 May 2024 21:00,368.49,368.49,0
Friday,31 May 2024 22:00,662.49,662.49,0
Friday,31 May 2024 23:00,522.29,607.2,0
Saturday,01 Jun 2024 0:00,398.74,398.74,0
Saturday,01 Jun 2024 1:00,363.78,363.78,0
Saturday,01 Jun 2024 2:00,383.71,383.71,0
Saturday,01 Jun 2024 3:00,866.38,394.76,0
Saturday,01 Jun 2024 4:00,350.04,350.04,0
Saturday,01 Jun 2024 5:00,320.39,320.39,0
Saturday,01 Jun 2024 6:00,441.55,441.55,0
Saturday,01 Jun 2024 7:00,638.85,638.85,0
Saturday,01 Jun 2024 8:00,"1,142","1,142",0
Saturday,01 Jun 2024 9:00,"1,216","1,216",0
Saturday,01 Jun 2024 10:00,583.2,583.2,0
Saturday,01 Jun 2024 11:00,565.13,565.13,0
Saturday,01 Jun 2024 12:00,"1,041","1,041",0
Saturday,01 Jun 2024 13:00,"1,124","1,124",0
Saturday,01 Jun 2024 14:00,846.93,846.93,0
Saturday,01 Jun 2024 15:00,713.21,713.21,0
Saturday,01 Jun 2024 16:00,"2,953","2,953",0
Saturday,01 Jun 2024 17:00,622.7,622.7,0
Saturday,01 Jun 2024 18:00,316.01,316.01,0
Saturday,01 Jun 2024 19:00,313.44,313.44,0
Saturday,01 Jun 2024 20:00,326.2,326.2,0
Saturday,01 Jun 2024 21:00,319.38,319.38,0
Saturday,01 Jun 2024 22:00,321.42,321.42,0
Saturday,01 Jun 2024 23:00,321.06,399.55,0
Sunday,02 Jun 2024 0:00,319.76,319.76,0
Sunday,02 Jun 2024 1:00,321.61,321.61,0
Sunday,02 Jun 2024 2:00,320.28,320.28,0
Sunday,02 Jun 2024 3:00,715.86,316.8,0
Sunday,02 Jun 2024 4:00,315.8,315.8,0
Sunday,02 Jun 2024 5:00,324.18,324.18,0
Sunday,02 Jun 2024 6:00,321.14,321.14,0
Sunday,02 Jun 2024 7:00,326.86,326.86,0
Sunday,02 Jun 2024 8:00,327.9,327.9,0
Sunday,02 Jun 2024 9:00,334.68,334.68,0
Sunday,02 Jun 2024 10:00,326.74,326.74,0
Sunday,02 Jun 2024 11:00,322.8,322.8,0
Sunday,02 Jun 2024 12:00,317.94,317.94,0
Sunday,02 Jun 2024 13:00,321.64,321.64,0
Sunday,02 Jun 2024 14:00,325.72,325.72,0
Sunday,02 Jun 2024 15:00,704.85,704.85,0
Sunday,02 Jun 2024 16:00,665.19,665.19,0
Sunday,02 Jun 2024 17:00,331.31,331.31,0
Sunday,02 Jun 2024 18:00,334.82,334.82,0
Sunday,02 Jun 2024 19:00,321.53,321.53,0
Sunday,02 Jun 2024 20:00,323.07,323.07,0
Sunday,02 Jun 2024 21:00,324.52,324.52,0
Sunday,02 Jun 2024 22:00,322.65,322.65,0
Sunday,02 Jun 2024 23:00,313.11,392.16,0
Monday,03 Jun 2024 0:00,323.79,323.79,0
Monday,03 Jun 2024 1:00,324.12,324.12,0
Monday,03 Jun 2024 2:00,328.92,328.92,0
Monday,03 Jun 2024 3:00,727.56,325.49,0
Monday,03 Jun 2024 4:00,330.21,330.21,0
Monday,03 Jun 2024 5:00,323.23,323.23,0
Monday,03 Jun 2024 6:00,318.41,318.41,0
Monday,03 Jun 2024 7:00,325.93,325.93,0
Monday,03 Jun 2024 8:00,556.96,556.96,0
Monday,03 Jun 2024 9:00,518.05,518.05,0
Monday,03 Jun 2024 10:00,455.65,455.65,0
Monday,03 Jun 2024 11:00,672.32,672.32,0
Monday,03 Jun 2024 12:00,627.27,627.27,0
Monday,03 Jun 2024 13:00,890.34,890.34,0
Monday,03 Jun 2024 14:00,816.3,816.3,0
Monday,03 Jun 2024 15:00,650.96,650.96,0
Monday,03 Jun 2024 16:00,363.24,363.24,0
Monday,03 Jun 2024 17:00,321.72,321.72,0
Monday,03 Jun 2024 18:00,307.13,307.13,0
Monday,03 Jun 2024 19:00,317.79,317.79,0
Monday,03 Jun 2024 20:00,321.36,321.36,0
Monday,03 Jun 2024 21:00,324.66,324.66,0
Monday,03 Jun 2024 22:00,324.34,324.34,0
Monday,03 Jun 2024 23:00,326.09,405.56,0
Tuesday,04 Jun 2024 0:00,320.72,320.72,0
Tuesday,04 Jun 2024 1:00,317.87,317.87,0
Tuesday,04 Jun 2024 2:00,327.09,327.09,0
Tuesday,04 Jun 2024 3:00,713.62,315.61,0
Tuesday,04 Jun 2024 4:00,321.77,321.77,0
Tuesday,04 Jun 2024 5:00,323.29,323.29,0
Tuesday,04 Jun 2024 6:00,322.79,322.79,0
Tuesday,04 Jun 2024 7:00,316.13,316.13,0
Tuesday,04 Jun 2024 8:00,313.93,313.93,0
Tuesday,04 Jun 2024 9:00,356.41,356.41,0
Tuesday,04 Jun 2024 10:00,520.11,520.11,0
Tuesday,04 Jun 2024 11:00,644.05,644.05,0
Tuesday,04 Jun 2024 12:00,643.49,643.49,0
Tuesday,04 Jun 2024 13:00,555.92,555.92,0
Tuesday,04 Jun 2024 14:00,345.06,345.06,0
Tuesday,04 Jun 2024 15:00,384.43,384.43,0
Tuesday,04 Jun 2024 16:00,494.88,494.88,0
Tuesday,04 Jun 2024 17:00,396.5,396.5,0
Tuesday,04 Jun 2024 18:00,309.72,309.72,0
Tuesday,04 Jun 2024 19:00,315.49,315.49,0
Tuesday,04 Jun 2024 20:00,327.24,327.24,0
Tuesday,04 Jun 2024 21:00,321.97,321.97,0
Tuesday,04 Jun 2024 22:00,325.37,325.37,0
Tuesday,04 Jun 2024 23:00,336.19,420.18,0
Wednesday,05 Jun 2024 0:00,331.82,331.82,0
Wednesday,05 Jun 2024 1:00,319.77,319.77,0
Wednesday,05 Jun 2024 2:00,315.93,315.93,0
Wednesday,05 Jun 2024 3:00,715.23,319.84,0
Wednesday,05 Jun 2024 4:00,324.66,324.66,0
Wednesday,05 Jun 2024 5:00,318.9,318.9,0
Wednesday,05 Jun 2024 6:00,310.94,310.94,0
Wednesday,05 Jun 2024 7:00,319.01,319.01,0
Wednesday,05 Jun 2024 8:00,519.66,519.66,0
Wednesday,05 Jun 2024 9:00,"1,304","1,304",0
Wednesday,05 Jun 2024 10:00,885.66,885.66,0
Wednesday,05 Jun 2024 11:00,"1,373","1,373",0
Wednesday,05 Jun 2024 12:00,"1,245","1,245",0
Wednesday,05 Jun 2024 13:00,"1,484","1,484",0
Wednesday,05 Jun 2024 14:00,"1,875","1,875",0
Wednesday,05 Jun 2024 15:00,"1,702","1,702",0
Wednesday,05 Jun 2024 16:00,"1,635","1,635",0
Wednesday,05 Jun 2024 17:00,"3,324","3,324",0
Wednesday,05 Jun 2024 18:00,"4,925","4,925",0
Wednesday,05 Jun 2024 19:00,"4,741","4,741",0
Wednesday,05 Jun 2024 20:00,"4,844","4,844",0
Wednesday,05 Jun 2024 21:00,"4,947","4,947",0
Wednesday,05 Jun 2024 22:00,"4,535","4,535",0
Wednesday,05 Jun 2024 23:00,"4,471","5,600",0
Thursday,06 Jun 2024 0:00,"4,107","4,107",0
Thursday,06 Jun 2024 1:00,"3,953","3,953",0
Thursday,06 Jun 2024 2:00,"4,188","4,188",0
Thursday,06 Jun 2024 3:00,"9,012","4,112",0
Thursday,06 Jun 2024 4:00,"4,240","4,240",0
Thursday,06 Jun 2024 5:00,"4,360","4,360",0
Thursday,06 Jun 2024 6:00,"4,786","4,786",0
Thursday,06 Jun 2024 7:00,"4,957","4,957",0
Thursday,06 Jun 2024 8:00,"5,470","5,470",0
Thursday,06 Jun 2024 9:00,"5,277","5,277",0
Thursday,06 Jun 2024 10:00,"5,541","5,541",0
Thursday,06 Jun 2024 11:00,"5,461","5,461",0
Thursday,06 Jun 2024 12:00,"5,352","5,352",0
Thursday,06 Jun 2024 13:00,"5,476","5,476",0
Thursday,06 Jun 2024 14:00,"5,504","5,504",0
Thursday,06 Jun 2024 15:00,"5,864","5,864",0
Thursday,06 Jun 2024 16:00,"5,602","5,602",0
Thursday,06 Jun 2024 17:00,"5,394","5,394",0
Thursday,06 Jun 2024 18:00,"5,035","5,035",0
Thursday,06 Jun 2024 19:00,"4,457","4,457",0
Thursday,06 Jun 2024 20:00,"4,908","4,908",0
Thursday,06 Jun 2024 21:00,"4,521","4,521",0
Thursday,06 Jun 2024 22:00,"3,805","3,805",0
Thursday,06 Jun 2024 23:00,"3,473","4,367",0
Friday,07 Jun 2024 0:00,"3,566","3,566",0
Friday,07 Jun 2024 1:00,"3,438","3,438",0
Friday,07 Jun 2024 2:00,"3,382","3,382",0
Friday,07 Jun 2024 3:00,"7,464","3,305",0
Friday,07 Jun 2024 4:00,"3,400","3,400",0
Friday,07 Jun 2024 5:00,"3,291","3,291",0
Friday,07 Jun 2024 6:00,"3,788","3,788",0
Friday,07 Jun 2024 7:00,"4,045","4,045",0
Friday,07 Jun 2024 8:00,"4,584","4,584",0
Friday,07 Jun 2024 9:00,"6,960","6,960",0
Friday,07 Jun 2024 10:00,"6,291","6,291",0
Friday,07 Jun 2024 11:00,"5,254","5,254",0
Friday,07 Jun 2024 12:00,"5,366","5,366",0
Friday,07 Jun 2024 13:00,"5,193","5,193",0
Friday,07 Jun 2024 14:00,"5,157","5,157",0
Friday,07 Jun 2024 15:00,"5,380","5,380",0
Friday,07 Jun 2024 16:00,"5,230","5,230",0
Friday,07 Jun 2024 17:00,"5,173","5,173",0
Friday,07 Jun 2024 18:00,"4,795","4,795",0
Friday,07 Jun 2024 19:00,"4,283","4,283",0
Friday,07 Jun 2024 20:00,"4,142","4,142",0
Friday,07 Jun 2024 21:00,"3,710","3,710",0
Friday,07 Jun 2024 22:00,"3,513","3,513",0
Friday,07 Jun 2024 23:00,"3,391","4,226",0
Saturday,08 Jun 2024 0:00,"3,273","3,273",0
Saturday,08 Jun 2024 1:00,"3,085","3,085",0
Saturday,08 Jun 2024 2:00,"3,014","3,014",0
Saturday,08 Jun 2024 3:00,"5,520","2,507",0
Saturday,08 Jun 2024 4:00,"2,326","2,326",0
Saturday,08 Jun 2024 5:00,"2,252","2,252",0
Saturday,08 Jun 2024 6:00,"2,343","2,343",0
Saturday,08 Jun 2024 7:00,"2,664","2,664",0
Saturday,08 Jun 2024 8:00,"3,115","3,115",0
Saturday,08 Jun 2024 9:00,"3,374","3,374",0
Saturday,08 Jun 2024 10:00,"3,663","3,663",0
Saturday,08 Jun 2024 11:00,"3,519","3,519",0
Saturday,08 Jun 2024 12:00,"3,540","3,540",0
Saturday,08 Jun 2024 13:00,"3,563","3,563",0
Saturday,08 Jun 2024 14:00,"3,516","3,516",0
Saturday,08 Jun 2024 15:00,"3,780","3,780",0
Saturday,08 Jun 2024 16:00,"3,863","3,863",0
Saturday,08 Jun 2024 17:00,"3,748","3,748",0
Saturday,08 Jun 2024 18:00,"3,333","3,333",0
Saturday,08 Jun 2024 19:00,"3,026","3,026",0
Saturday,08 Jun 2024 20:00,"3,014","3,014",0
Saturday,08 Jun 2024 21:00,"2,793","2,793",0
Saturday,08 Jun 2024 22:00,"2,835","2,835",0
Saturday,08 Jun 2024 23:00,"2,858","3,596",0
Sunday,09 Jun 2024 0:00,"3,062","3,062",0
Sunday,09 Jun 2024 1:00,"2,856","2,856",0
Sunday,09 Jun 2024 2:00,"2,808","2,808",0
Sunday,09 Jun 2024 3:00,"5,935","2,661",0
Sunday,09 Jun 2024 4:00,"2,634","2,634",0
Sunday,09 Jun 2024 5:00,"2,485","2,485",0
Sunday,09 Jun 2024 6:00,"2,662","2,662",0
Sunday,09 Jun 2024 7:00,"2,807","2,807",0
Sunday,09 Jun 2024 8:00,"3,030","3,030",0
Sunday,09 Jun 2024 9:00,"2,965","2,965",0
Sunday,09 Jun 2024 10:00,"2,901","2,901",0
Sunday,09 Jun 2024 11:00,"2,666","2,666",0
Sunday,09 Jun 2024 12:00,"2,713","2,713",0
Sunday,09 Jun 2024 13:00,"2,783","2,783",0
Sunday,09 Jun 2024 14:00,"2,945","2,945",0
Sunday,09 Jun 2024 15:00,"3,141","3,141",0
Sunday,09 Jun 2024 16:00,"3,629","3,629",0
Sunday,09 Jun 2024 17:00,"3,609","3,609",0
Sunday,09 Jun 2024 18:00,"3,491","3,491",0
Sunday,09 Jun 2024 19:00,"3,252","3,252",0
Sunday,09 Jun 2024 20:00,"2,875","2,875",0
Sunday,09 Jun 2024 21:00,"2,619","2,619",0
Sunday,09 Jun 2024 22:00,"2,644","2,644",0
Sunday,09 Jun 2024 23:00,"2,460","3,064",0
Monday,10 Jun 2024 0:00,"2,292","2,292",0
Monday,10 Jun 2024 1:00,"2,354","2,354",0
Monday,10 Jun 2024 2:00,"2,419","2,419",0
Monday,10 Jun 2024 3:00,"5,177","2,371",0
Monday,10 Jun 2024 4:00,"2,119","2,119",0
Monday,10 Jun 2024 5:00,"2,190","2,190",0
Monday,10 Jun 2024 6:00,"2,597","2,597",0
Monday,10 Jun 2024 7:00,"3,164","3,164",0
Monday,10 Jun 2024 8:00,"3,703","3,703",0
Monday,10 Jun 2024 9:00,"3,908","3,908",0
Monday,10 Jun 2024 10:00,"3,956","3,956",0
Monday,10 Jun 2024 11:00,"4,266","4,266",0
Monday,10 Jun 2024 12:00,"4,233","4,233",0
Monday,10 Jun 2024 13:00,"4,398","4,398",0
Monday,10 Jun 2024 14:00,"4,480","4,480",0
Monday,10 Jun 2024 15:00,"6,000","6,000",0
Monday,10 Jun 2024 16:00,"8,928","8,928",0
Monday,10 Jun 2024 17:00,"8,719","8,719",0
Monday,10 Jun 2024 18:00,"8,741","8,741",0
Monday,10 Jun 2024 19:00,"8,089","8,089",0
Monday,10 Jun 2024 20:00,"7,899","7,899",0
Monday,10 Jun 2024 21:00,"7,551","7,551",0
Monday,10 Jun 2024 22:00,"7,553","7,553",0
Monday,10 Jun 2024 23:00,"7,437","9,357",0
Tuesday,11 Jun 2024 0:00,"7,383","7,383",0
Tuesday,11 Jun 2024 1:00,"7,464","7,464",0
Tuesday,11 Jun 2024 2:00,"7,380","7,380",0
Tuesday,11 Jun 2024 3:00,"16,113","7,184",0
Tuesday,11 Jun 2024 4:00,"7,147","7,147",0
Tuesday,11 Jun 2024 5:00,"7,174","7,174",0
Tuesday,11 Jun 2024 6:00,"7,544","7,544",0
Tuesday,11 Jun 2024 7:00,"7,979","7,979",0
Tuesday,11 Jun 2024 8:00,"8,513","8,513",0
Tuesday,11 Jun 2024 9:00,"8,424","8,424",0
Tuesday,11 Jun 2024 10:00,"8,481","8,481",0
Tuesday,11 Jun 2024 11:00,"8,601","8,601",0
Tuesday,11 Jun 2024 12:00,"8,370","8,370",0
Tuesday,11 Jun 2024 13:00,"8,502","8,502",0
Tuesday,11 Jun 2024 14:00,"8,535","8,535",0
Tuesday,11 Jun 2024 15:00,"8,405","8,405",0
Tuesday,11 Jun 2024 16:00,"8,557","8,557",0
Tuesday,11 Jun 2024 17:00,"8,700","8,700",0
Tuesday,11 Jun 2024 18:00,"8,214","8,214",0
Tuesday,11 Jun 2024 19:00,"8,011","8,011",0
Tuesday,11 Jun 2024 20:00,"7,904","7,904",0
Tuesday,11 Jun 2024 21:00,"7,822","7,822",0
Tuesday,11 Jun 2024 22:00,"7,589","7,589",0
Tuesday,11 Jun 2024 23:00,"7,522","9,393",0
Wednesday,12 Jun 2024 0:00,"7,396","7,396",0
Wednesday,12 Jun 2024 1:00,"7,216","7,216",0
Wednesday,12 Jun 2024 2:00,"7,179","7,179",0
Wednesday,12 Jun 2024 3:00,"16,277","7,203",0
Wednesday,12 Jun 2024 4:00,"7,290","7,290",0
Wednesday,12 Jun 2024 5:00,"7,316","7,316",0
Wednesday,12 Jun 2024 6:00,"7,807","7,807",0
Wednesday,12 Jun 2024 7:00,"8,223","8,223",0
Wednesday,12 Jun 2024 8:00,"8,468","8,468",0
Wednesday,12 Jun 2024 9:00,"8,892","8,892",0
Wednesday,12 Jun 2024 10:00,"8,779","8,779",0
Wednesday,12 Jun 2024 11:00,"8,695","8,695",0
Wednesday,12 Jun 2024 12:00,"8,751","8,751",0
Wednesday,12 Jun 2024 13:00,"8,277","8,277",0
Wednesday,12 Jun 2024 14:00,"4,658","4,658",0
Wednesday,12 Jun 2024 15:00,"4,723","4,723",0
Wednesday,12 Jun 2024 16:00,"4,568","4,568",0
Wednesday,12 Jun 2024 17:00,"4,117","4,117",0
Wednesday,12 Jun 2024 18:00,"4,213","4,213",0
Wednesday,12 Jun 2024 19:00,"3,638","3,638",0
Wednesday,12 Jun 2024 20:00,"3,660","3,660",0
Wednesday,12 Jun 2024 21:00,"3,374","3,374",0
Wednesday,12 Jun 2024 22:00,"3,127","3,127",0
Wednesday,12 Jun 2024 23:00,"3,077","3,917",0
Thursday,13 Jun 2024 0:00,"3,145","3,145",0
Thursday,13 Jun 2024 1:00,328.04,328.04,0
Thursday,13 Jun 2024 2:00,318.2,318.2,0
Thursday,13 Jun 2024 3:00,703.53,315.79,0
Thursday,13 Jun 2024 4:00,314.61,314.61,0
Thursday,13 Jun 2024 5:00,323.86,323.86,0
Thursday,13 Jun 2024 6:00,317.49,317.49,0
Thursday,13 Jun 2024 7:00,309.58,309.58,0
Thursday,13 Jun 2024 8:00,528.46,528.46,0
Thursday,13 Jun 2024 9:00,461.46,461.46,0
Thursday,13 Jun 2024 10:00,510.69,510.69,0
Thursday,13 Jun 2024 11:00,667.59,667.59,0
Thursday,13 Jun 2024 12:00,832.22,832.22,0
Thursday,13 Jun 2024 13:00,789.16,789.16,0
Thursday,13 Jun 2024 14:00,"1,490","1,490",0
Thursday,13 Jun 2024 15:00,"1,242","1,242",0
Thursday,13 Jun 2024 16:00,"3,295","3,295",0
Thursday,13 Jun 2024 17:00,"5,174","5,174",0
Thursday,13 Jun 2024 18:00,"4,877","4,877",0
Thursday,13 Jun 2024 19:00,"4,821","4,821",0
Thursday,13 Jun 2024 20:00,"4,668","4,668",0
Thursday,13 Jun 2024 21:00,"4,465","4,465",0
Thursday,13 Jun 2024 22:00,"3,858","3,858",0
Thursday,13 Jun 2024 23:00,"3,907","4,825",0
Friday,14 Jun 2024 0:00,"3,823","3,823",0
Friday,14 Jun 2024 1:00,"3,555","3,555",0
Friday,14 Jun 2024 2:00,"1,405","1,405",0
Friday,14 Jun 2024 3:00,774.85,337.19,0
Friday,14 Jun 2024 4:00,245.29,245.29,0
Friday,14 Jun 2024 5:00,314.54,314.54,0
Friday,14 Jun 2024 6:00,"1,058","1,058",0
Friday,14 Jun 2024 7:00,"1,616","1,616",0
Friday,14 Jun 2024 8:00,"1,202","1,202",0
Friday,14 Jun 2024 9:00,"1,703","1,703",0
Friday,14 Jun 2024 10:00,"2,156","2,156",0
Friday,14 Jun 2024 11:00,"1,886","1,886",0
Friday,14 Jun 2024 12:00,"1,567","1,567",0
Friday,14 Jun 2024 13:00,629.55,629.55,0
Friday,14 Jun 2024 14:00,629.95,629.95,0
Friday,14 Jun 2024 15:00,559.36,559.36,0
Friday,14 Jun 2024 16:00,"1,279","1,279",0
Friday,14 Jun 2024 17:00,800.6,800.6,0
Friday,14 Jun 2024 18:00,766.02,766.02,0
Friday,14 Jun 2024 19:00,343.35,343.35,0
Friday,14 Jun 2024 20:00,327.52,327.52,0
Friday,14 Jun 2024 21:00,420.56,420.56,0
Friday,14 Jun 2024 22:00,395.85,395.85,0
Friday,14 Jun 2024 23:00,435.19,555.19,0
Saturday,15 Jun 2024 0:00,334.75,334.75,0
Saturday,15 Jun 2024 1:00,367.04,367.04,0
Saturday,15 Jun 2024 2:00,342.25,342.25,0
Saturday,15 Jun 2024 3:00,245.19,245.19,0
Saturday,15 Jun 2024 4:00,649.29,319.87,0
Saturday,15 Jun 2024 5:00,316.74,316.74,0
Saturday,15 Jun 2024 6:00,317.17,317.17,0
Saturday,15 Jun 2024 7:00,313.18,313.18,0
Saturday,15 Jun 2024 8:00,375.51,375.51,0
Saturday,15 Jun 2024 9:00,321.55,321.55,0
Saturday,15 Jun 2024 10:00,316.76,316.76,0
Saturday,15 Jun 2024 11:00,314.95,314.95,0
Saturday,15 Jun 2024 12:00,314.91,314.91,0
Saturday,15 Jun 2024 13:00,321.68,321.68,0
Saturday,15 Jun 2024 14:00,319.2,319.2,0
Saturday,15 Jun 2024 15:00,318.97,318.97,0
Saturday,15 Jun 2024 16:00,322.44,322.44,0
Saturday,15 Jun 2024 17:00,317.33,317.33,0
Saturday,15 Jun 2024 18:00,321.12,321.12,0
Saturday,15 Jun 2024 19:00,324.29,324.29,0
Saturday,15 Jun 2024 20:00,326.04,326.04,0
Saturday,15 Jun 2024 21:00,326.52,326.52,0
Saturday,15 Jun 2024 22:00,316.95,316.95,0
Saturday,15 Jun 2024 23:00,321.95,402.44,0
Sunday,16 Jun 2024 0:00,321.99,321.99,0
Sunday,16 Jun 2024 1:00,319.51,319.51,0
Sunday,16 Jun 2024 2:00,234.07,234.07,0
Sunday,16 Jun 2024 3:00,710.24,318.83,0
Sunday,16 Jun 2024 4:00,326.16,326.16,0
Sunday,16 Jun 2024 5:00,323.49,323.49,0
Sunday,16 Jun 2024 6:00,317.44,317.44,0
Sunday,16 Jun 2024 7:00,325.35,325.35,0
Sunday,16 Jun 2024 8:00,315.22,315.22,0
Sunday,16 Jun 2024 9:00,318.8,318.8,0
Sunday,16 Jun 2024 10:00,320.12,320.12,0
Sunday,16 Jun 2024 11:00,322.58,322.58,0
Sunday,16 Jun 2024 12:00,315.38,315.38,0
Sunday,16 Jun 2024 13:00,322.42,322.42,0
Sunday,16 Jun 2024 14:00,324.89,324.89,0
Sunday,16 Jun 2024 15:00,324.07,324.07,0
Sunday,16 Jun 2024 16:00,318.38,318.38,0
Sunday,16 Jun 2024 17:00,318.77,318.77,0
Sunday,16 Jun 2024 18:00,325.86,325.86,0
Sunday,16 Jun 2024 19:00,322.62,322.62,0
Sunday,16 Jun 2024 20:00,315.13,315.13,0
Sunday,16 Jun 2024 21:00,329.08,329.08,0
Sunday,16 Jun 2024 22:00,328.76,328.76,0
Sunday,16 Jun 2024 23:00,323.92,405.04,0
Monday,17 Jun 2024 0:00,321.24,321.24,0
Monday,17 Jun 2024 1:00,324.13,324.13,0
Monday,17 Jun 2024 2:00,320.15,320.15,0
Monday,17 Jun 2024 3:00,714.28,320.96,0
Monday,17 Jun 2024 4:00,320.72,320.72,0
Monday,17 Jun 2024 5:00,323.2,323.2,0
Monday,17 Jun 2024 6:00,316.7,316.7,0
Monday,17 Jun 2024 7:00,317.41,317.41,0
Monday,17 Jun 2024 8:00,552.49,552.49,0
Monday,17 Jun 2024 9:00,"1,080","1,080",0
Monday,17 Jun 2024 10:00,"1,266","1,266",0
Monday,17 Jun 2024 11:00,"1,618","1,618",0
Monday,17 Jun 2024 12:00,"1,182","1,182",0
Monday,17 Jun 2024 13:00,"1,135","1,135",0
Monday,17 Jun 2024 14:00,"1,092","1,092",0
Monday,17 Jun 2024 15:00,823.69,823.69,0
Monday,17 Jun 2024 16:00,"1,112","1,112",0
Monday,17 Jun 2024 17:00,"1,079","1,079",0
Monday,17 Jun 2024 18:00,599.61,599.61,0
Monday,17 Jun 2024 19:00,399.31,399.31,0
Monday,17 Jun 2024 20:00,339.31,339.31,0
Monday,17 Jun 2024 21:00,326.97,326.97,0
Monday,17 Jun 2024 22:00,336.77,336.77,0
Monday,17 Jun 2024 23:00,345.13,422.75,0
Tuesday,18 Jun 2024 0:00,336.59,336.59,0
Tuesday,18 Jun 2024 1:00,339.59,339.59,0
Tuesday,18 Jun 2024 2:00,320.68,320.68,0
Tuesday,18 Jun 2024 3:00,761.23,329.65,0
Tuesday,18 Jun 2024 4:00,324.37,324.37,0
Tuesday,18 Jun 2024 5:00,321.93,321.93,0
Tuesday,18 Jun 2024 6:00,343.61,343.61,0
Tuesday,18 Jun 2024 7:00,388.45,388.45,0
Tuesday,18 Jun 2024 8:00,695.82,695.82,0
Tuesday,18 Jun 2024 9:00,634.47,634.47,0
Tuesday,18 Jun 2024 10:00,"1,126","1,126",0
Tuesday,18 Jun 2024 11:00,"1,531","1,531",0
Tuesday,18 Jun 2024 12:00,"2,173","2,173",0
Tuesday,18 Jun 2024 13:00,"2,245","2,245",0
Tuesday,18 Jun 2024 14:00,"2,380","2,380",0
Tuesday,18 Jun 2024 15:00,"2,815","2,815",0
Tuesday,18 Jun 2024 16:00,"3,085","3,085",0
Tuesday,18 Jun 2024 17:00,"3,031","3,031",0
Tuesday,18 Jun 2024 18:00,"2,310","2,310",0
Tuesday,18 Jun 2024 19:00,"1,892","1,892",0
Tuesday,18 Jun 2024 20:00,"1,690","1,690",0
Tuesday,18 Jun 2024 21:00,"1,462","1,462",0
Tuesday,18 Jun 2024 22:00,"1,293","1,293",0
Tuesday,18 Jun 2024 23:00,"1,196","1,537",0
Wednesday,19 Jun 2024 0:00,945.71,945.71,0
Wednesday,19 Jun 2024 1:00,665.65,665.65,0
Wednesday,19 Jun 2024 2:00,324.87,324.87,0
Wednesday,19 Jun 2024 3:00,710.43,320.2,0
Wednesday,19 Jun 2024 4:00,316.65,316.65,0
Wednesday,19 Jun 2024 5:00,317.67,317.67,0
Wednesday,19 Jun 2024 6:00,318.29,318.29,0
Wednesday,19 Jun 2024 7:00,380.51,380.51,0
Wednesday,19 Jun 2024 8:00,507.19,507.19,0
Wednesday,19 Jun 2024 9:00,"1,081","1,081",0
Wednesday,19 Jun 2024 10:00,"1,268","1,268",0
Wednesday,19 Jun 2024 11:00,"1,445","1,445",0
Wednesday,19 Jun 2024 12:00,"2,696","2,696",0
Wednesday,19 Jun 2024 13:00,"2,614","2,614",0
Wednesday,19 Jun 2024 14:00,"2,408","2,408",0
Wednesday,19 Jun 2024 15:00,"2,469","2,469",0
Wednesday,19 Jun 2024 16:00,"2,722","2,722",0
Wednesday,19 Jun 2024 17:00,"2,482","2,482",0
Wednesday,19 Jun 2024 18:00,"2,019","2,019",0
Wednesday,19 Jun 2024 19:00,"1,647","1,647",0
Wednesday,19 Jun 2024 20:00,"1,274","1,274",0
Wednesday,19 Jun 2024 21:00,"1,587","1,587",0
Wednesday,19 Jun 2024 22:00,"1,308","1,308",0
Wednesday,19 Jun 2024 23:00,795.23,"1,060",0
Thursday,20 Jun 2024 0:00,"1,100","1,100",0
Thursday,20 Jun 2024 1:00,"1,121","1,121",0
Thursday,20 Jun 2024 2:00,496.31,496.31,0
Thursday,20 Jun 2024 3:00,"1,637",623.56,0
Thursday,20 Jun 2024 4:00,579.99,579.99,0
Thursday,20 Jun 2024 5:00,386.3,386.3,0
Thursday,20 Jun 2024 6:00,460.97,460.97,0
Thursday,20 Jun 2024 7:00,730.53,730.53,0
Thursday,20 Jun 2024 8:00,"1,786","1,786",0
Thursday,20 Jun 2024 9:00,"2,032","2,032",0
Thursday,20 Jun 2024 10:00,"2,511","2,511",0
Thursday,20 Jun 2024 11:00,"2,950","2,950",0
Thursday,20 Jun 2024 12:00,"3,171","3,171",0
Thursday,20 Jun 2024 13:00,"3,567","3,567",0
Thursday,20 Jun 2024 14:00,"3,153","3,153",0
Thursday,20 Jun 2024 15:00,"3,204","3,204",0
Thursday,20 Jun 2024 16:00,"3,175","3,175",0
Thursday,20 Jun 2024 17:00,"3,181","3,181",0
Thursday,20 Jun 2024 18:00,"3,081","3,081",0
Thursday,20 Jun 2024 19:00,"2,497","2,497",0
Thursday,20 Jun 2024 20:00,"1,946","1,946",0
Thursday,20 Jun 2024 21:00,"1,490","1,490",0
Thursday,20 Jun 2024 22:00,850.01,850.01,0
Thursday,20 Jun 2024 23:00,499.11,652.18,0
Friday,21 Jun 2024 0:00,583.83,583.83,0
Friday,21 Jun 2024 1:00,435.96,435.96,0
Friday,21 Jun 2024 2:00,825.96,825.96,0
Friday,21 Jun 2024 3:00,"1,530",624.6,0
Friday,21 Jun 2024 4:00,417.06,417.06,0
Friday,21 Jun 2024 5:00,323.38,323.38,0
Friday,21 Jun 2024 6:00,628.41,628.41,0
Friday,21 Jun 2024 7:00,"1,271","1,271",0
Friday,21 Jun 2024 8:00,"2,197","2,197",0
Friday,21 Jun 2024 9:00,"2,420","2,420",0
Friday,21 Jun 2024 10:00,"1,619","1,619",0
Friday,21 Jun 2024 11:00,621.75,621.75,0
Friday,21 Jun 2024 12:00,610.92,610.92,0
Friday,21 Jun 2024 13:00,445.62,445.62,0
Friday,21 Jun 2024 14:00,551.67,551.67,0
Friday,21 Jun 2024 15:00,361.95,361.95,0
Friday,21 Jun 2024 16:00,488.81,488.81,0
Friday,21 Jun 2024 17:00,321.52,321.52,0
Friday,21 Jun 2024 18:00,325.72,325.72,0
Friday,21 Jun 2024 19:00,315.36,315.36,0
Friday,21 Jun 2024 20:00,321.66,321.66,0
Friday,21 Jun 2024 21:00,325.77,325.77,0
Friday,21 Jun 2024 22:00,315.16,315.16,0
Friday,21 Jun 2024 23:00,323,403.94,0
Saturday,22 Jun 2024 0:00,328.63,328.63,0
Saturday,22 Jun 2024 1:00,330.11,330.11,0
Saturday,22 Jun 2024 2:00,329.13,329.13,0
Saturday,22 Jun 2024 3:00,723.01,321.87,0
Saturday,22 Jun 2024 4:00,329.65,329.65,0
Saturday,22 Jun 2024 5:00,319.82,319.82,0
Saturday,22 Jun 2024 6:00,318.98,318.98,0
Saturday,22 Jun 2024 7:00,319.93,319.93,0
Saturday,22 Jun 2024 8:00,321.61,321.61,0
Saturday,22 Jun 2024 9:00,319.68,319.68,0
Saturday,22 Jun 2024 10:00,319,319,0
Saturday,22 Jun 2024 11:00,323.41,323.41,0
Saturday,22 Jun 2024 12:00,323.85,323.85,0
Saturday,22 Jun 2024 13:00,323.14,323.14,0
Saturday,22 Jun 2024 14:00,323.52,323.52,0
Saturday,22 Jun 2024 15:00,319.98,319.98,0
Saturday,22 Jun 2024 16:00,323.49,323.49,0
Saturday,22 Jun 2024 17:00,321.88,321.88,0
Saturday,22 Jun 2024 18:00,324.89,324.89,0
Saturday,22 Jun 2024 19:00,324.32,324.32,0
Saturday,22 Jun 2024 20:00,324.39,324.39,0
Saturday,22 Jun 2024 21:00,316.55,316.55,0
Saturday,22 Jun 2024 22:00,320.54,320.54,0
Saturday,22 Jun 2024 23:00,319.1,400.23,0
Sunday,23 Jun 2024 0:00,312.98,312.98,0
Sunday,23 Jun 2024 1:00,318.63,318.63,0
Sunday,23 Jun 2024 2:00,320.82,320.82,0
Sunday,23 Jun 2024 3:00,731.85,320.22,0
Sunday,23 Jun 2024 4:00,319.61,319.61,0
Sunday,23 Jun 2024 5:00,315.23,315.23,0
Sunday,23 Jun 2024 6:00,315.36,315.36,0
Sunday,23 Jun 2024 7:00,318.46,318.46,0
Sunday,23 Jun 2024 8:00,324.33,324.33,0
Sunday,23 Jun 2024 9:00,328.07,328.07,0
Sunday,23 Jun 2024 10:00,326.15,326.15,0
Sunday,23 Jun 2024 11:00,387.04,387.04,0
Sunday,23 Jun 2024 12:00,762.82,762.82,0
Sunday,23 Jun 2024 13:00,"2,035","2,035",0
Sunday,23 Jun 2024 14:00,"1,912","1,912",0
Sunday,23 Jun 2024 15:00,"1,973","1,973",0
Sunday,23 Jun 2024 16:00,"1,855","1,855",0
Sunday,23 Jun 2024 17:00,"1,922","1,922",0
Sunday,23 Jun 2024 18:00,"1,674","1,674",0
Sunday,23 Jun 2024 19:00,"1,083","1,083",0
Sunday,23 Jun 2024 20:00,"1,418","1,418",0
Sunday,23 Jun 2024 21:00,"1,265","1,265",0
Sunday,23 Jun 2024 22:00,877.61,877.61,0
Sunday,23 Jun 2024 23:00,740.8,972.53,0
Monday,24 Jun 2024 0:00,733.26,733.26,0
Monday,24 Jun 2024 1:00,426.09,426.09,0
Monday,24 Jun 2024 2:00,314.79,314.79,0
Monday,24 Jun 2024 3:00,737.02,329.54,0
Monday,24 Jun 2024 4:00,332.84,332.84,0
Monday,24 Jun 2024 5:00,331.39,331.39,0
Monday,24 Jun 2024 6:00,712.52,712.52,0
Monday,24 Jun 2024 7:00,682.4,682.4,0
Monday,24 Jun 2024 8:00,407.57,407.57,0
Monday,24 Jun 2024 9:00,480.05,480.05,0
Monday,24 Jun 2024 10:00,432.82,432.82,0
Monday,24 Jun 2024 11:00,681.15,681.15,0
Monday,24 Jun 2024 12:00,569.31,569.31,0
Monday,24 Jun 2024 13:00,584.58,584.58,0
Monday,24 Jun 2024 14:00,526.82,526.82,0
Monday,24 Jun 2024 15:00,514.52,514.52,0
Monday,24 Jun 2024 16:00,616.97,616.97,0
Monday,24 Jun 2024 17:00,621.94,621.94,0
Monday,24 Jun 2024 18:00,355.52,355.52,0
Monday,24 Jun 2024 19:00,312.62,312.62,0
Monday,24 Jun 2024 20:00,331.61,331.61,0
Monday,24 Jun 2024 21:00,322.97,322.97,0
Monday,24 Jun 2024 22:00,328,328,0
Monday,24 Jun 2024 23:00,316.35,397.25,0
Tuesday,25 Jun 2024 0:00,324.94,324.94,0
Tuesday,25 Jun 2024 1:00,330.66,330.66,0
Tuesday,25 Jun 2024 2:00,323.14,323.14,0
Tuesday,25 Jun 2024 3:00,699.29,314.8,0
Tuesday,25 Jun 2024 4:00,324.15,324.15,0
Tuesday,25 Jun 2024 5:00,323.74,323.74,0
Tuesday,25 Jun 2024 6:00,326.31,326.31,0
Tuesday,25 Jun 2024 7:00,320.43,320.43,0
Tuesday,25 Jun 2024 8:00,571.22,571.22,0
Tuesday,25 Jun 2024 9:00,611.78,611.78,0
Tuesday,25 Jun 2024 10:00,658.95,658.95,0
Tuesday,25 Jun 2024 11:00,632.69,632.69,0
Tuesday,25 Jun 2024 12:00,498.99,498.99,0
Tuesday,25 Jun 2024 13:00,502.8,502.8,0
Tuesday,25 Jun 2024 14:00,501.99,501.99,0
Tuesday,25 Jun 2024 15:00,739.4,739.4,0
Tuesday,25 Jun 2024 16:00,762.4,762.4,0
Tuesday,25 Jun 2024 17:00,808.5,808.5,0
Tuesday,25 Jun 2024 18:00,578.99,578.99,0
Tuesday,25 Jun 2024 19:00,338.47,338.47,0
Tuesday,25 Jun 2024 20:00,327.46,327.46,0
Tuesday,25 Jun 2024 21:00,317.65,317.65,0
Tuesday,25 Jun 2024 22:00,320.94,320.94,0
Tuesday,25 Jun 2024 23:00,319.78,399.92,0
Wednesday,26 Jun 2024 0:00,315.22,315.22,0
Wednesday,26 Jun 2024 1:00,310.67,310.67,0
Wednesday,26 Jun 2024 2:00,317.03,317.03,0
Wednesday,26 Jun 2024 3:00,717.56,316.39,0
Wednesday,26 Jun 2024 4:00,321.73,321.73,0
Wednesday,26 Jun 2024 5:00,326.14,326.14,0
Wednesday,26 Jun 2024 6:00,323.12,323.12,0
Wednesday,26 Jun 2024 7:00,489.3,489.3,0
Wednesday,26 Jun 2024 8:00,852.4,852.4,0
Wednesday,26 Jun 2024 9:00,"1,299","1,299",0
Wednesday,26 Jun 2024 10:00,"1,530","1,530",0
Wednesday,26 Jun 2024 11:00,"1,804","1,804",0
Wednesday,26 Jun 2024 12:00,"1,603","1,603",0
Wednesday,26 Jun 2024 13:00,"1,570","1,570",0
Wednesday,26 Jun 2024 14:00,"1,444","1,444",0
Wednesday,26 Jun 2024 15:00,"1,898","1,898",0
Wednesday,26 Jun 2024 16:00,"1,797","1,797",0
Wednesday,26 Jun 2024 17:00,"1,706","1,706",0
Wednesday,26 Jun 2024 18:00,"1,005","1,005",0
Wednesday,26 Jun 2024 19:00,842.8,842.8,0
Wednesday,26 Jun 2024 20:00,417.72,417.72,0
Wednesday,26 Jun 2024 21:00,"3,132","3,132",0
Wednesday,26 Jun 2024 22:00,700.13,700.13,0
Wednesday,26 Jun 2024 23:00,337.94,420.75,0
Thursday,27 Jun 2024 0:00,325.07,325.07,0
Thursday,27 Jun 2024 1:00,328.47,328.47,0
Thursday,27 Jun 2024 2:00,360.39,360.39,0
Thursday,27 Jun 2024 3:00,722.78,318.84,0
Thursday,27 Jun 2024 4:00,315.67,315.67,0
Thursday,27 Jun 2024 5:00,322.66,322.66,0
Thursday,27 Jun 2024 6:00,332.56,332.56,0
Thursday,27 Jun 2024 7:00,334.32,334.32,0
Thursday,27 Jun 2024 8:00,369.67,369.67,0
Thursday,27 Jun 2024 9:00,464.32,464.32,0
Thursday,27 Jun 2024 10:00,789.25,789.25,0
Thursday,27 Jun 2024 11:00,618.09,618.09,0
Thursday,27 Jun 2024 12:00,580.72,580.72,0
Thursday,27 Jun 2024 13:00,354.93,354.93,0
Thursday,27 Jun 2024 14:00,962.4,962.4,0
Thursday,27 Jun 2024 15:00,665.63,665.63,0
Thursday,27 Jun 2024 16:00,714.06,714.06,0
Thursday,27 Jun 2024 17:00,595.5,595.5,0
Thursday,27 Jun 2024 18:00,"4,125","4,125",0
Thursday,27 Jun 2024 19:00,"3,606","3,606",0
Thursday,27 Jun 2024 20:00,"3,877","3,877",0
Thursday,27 Jun 2024 21:00,"3,219","3,219",0
Thursday,27 Jun 2024 22:00,"2,980","2,980",0
Thursday,27 Jun 2024 23:00,"3,697","5,425",0
Friday,28 Jun 2024 0:00,"4,663","4,663",0
Friday,28 Jun 2024 1:00,"3,115","3,115",0
Friday,28 Jun 2024 2:00,"2,513","2,513",0
Friday,28 Jun 2024 3:00,"5,513","2,641",0
Friday,28 Jun 2024 4:00,"2,353","2,353",0
Friday,28 Jun 2024 5:00,"2,478","2,478",0
Friday,28 Jun 2024 6:00,"2,726","2,726",0
Friday,28 Jun 2024 7:00,"2,953","2,953",0
Friday,28 Jun 2024 8:00,"3,521","3,521",0
Friday,28 Jun 2024 9:00,"3,436","3,436",0
Friday,28 Jun 2024 10:00,"3,763","3,763",0
Friday,28 Jun 2024 11:00,"4,065","4,065",0
Friday,28 Jun 2024 12:00,"4,169","4,169",0
Friday,28 Jun 2024 13:00,"4,054","4,054",0
Friday,28 Jun 2024 14:00,"4,069","4,069",0
Friday,28 Jun 2024 15:00,"4,017","4,017",0
Friday,28 Jun 2024 16:00,"3,944","3,944",0
Friday,28 Jun 2024 17:00,"3,686","3,686",0
Friday,28 Jun 2024 18:00,"1,101","1,101",0
Friday,28 Jun 2024 19:00,"4,322","4,322",0
Friday,28 Jun 2024 20:00,"3,521","3,521",0
Friday,28 Jun 2024 21:00,"3,104","3,104",0
Friday,28 Jun 2024 22:00,"3,200","3,200",0
Friday,28 Jun 2024 23:00,"3,101","3,889",0
Saturday,29 Jun 2024 0:00,"3,355","3,355",0
Saturday,29 Jun 2024 1:00,"3,003","3,003",0
Saturday,29 Jun 2024 2:00,"2,808","2,808",0
Saturday,29 Jun 2024 3:00,"6,219","2,789",0
Saturday,29 Jun 2024 4:00,"2,785","2,785",0
Saturday,29 Jun 2024 5:00,"2,708","2,708",0
Saturday,29 Jun 2024 6:00,"2,883","2,883",0
Saturday,29 Jun 2024 7:00,"2,950","2,950",0
Saturday,29 Jun 2024 8:00,"3,396","3,396",0
Saturday,29 Jun 2024 9:00,"3,636","3,636",0
Saturday,29 Jun 2024 10:00,"3,317","3,317",0
Saturday,29 Jun 2024 11:00,"1,018","1,018",0
Saturday,29 Jun 2024 12:00,626.39,626.39,0
Saturday,29 Jun 2024 13:00,499.57,499.57,0
Saturday,29 Jun 2024 14:00,608.67,608.67,0
Saturday,29 Jun 2024 15:00,766.87,766.87,0
Saturday,29 Jun 2024 16:00,"1,058","1,058",0
Saturday,29 Jun 2024 17:00,"1,220","1,220",0
Saturday,29 Jun 2024 18:00,506.82,506.82,0
Saturday,29 Jun 2024 19:00,435.01,435.01,0
Saturday,29 Jun 2024 20:00,616.2,616.2,0
Saturday,29 Jun 2024 21:00,789.03,789.03,0
Saturday,29 Jun 2024 22:00,"1,038","1,038",0
Saturday,29 Jun 2024 23:00,"1,464","1,760",0
Sunday,30 Jun 2024 0:00,"1,515","1,515",0
Sunday,30 Jun 2024 1:00,"1,500","1,500",0
Sunday,30 Jun 2024 2:00,"1,221","1,221",0
Sunday,30 Jun 2024 3:00,"2,669","1,258",0
Sunday,30 Jun 2024 4:00,"1,285","1,285",0
Sunday,30 Jun 2024 5:00,"1,317","1,317",0
Sunday,30 Jun 2024 6:00,"1,299","1,299",0
Sunday,30 Jun 2024 7:00,"2,060","2,060",0
Sunday,30 Jun 2024 8:00,"2,222","2,222",0
Sunday,30 Jun 2024 9:00,"2,199","2,199",0
Sunday,30 Jun 2024 10:00,"2,513","2,513",0
Sunday,30 Jun 2024 11:00,"2,531","2,531",0
Sunday,30 Jun 2024 12:00,"2,506","2,506",0
Sunday,30 Jun 2024 13:00,"2,710","2,710",0
Sunday,30 Jun 2024 14:00,"1,607","1,607",0
Sunday,30 Jun 2024 15:00,"1,555","1,555",0
Sunday,30 Jun 2024 16:00,"1,456","1,456",0
Sunday,30 Jun 2024 17:00,"1,847","1,847",0
Sunday,30 Jun 2024 18:00,"1,777","1,777",0
Sunday,30 Jun 2024 19:00,875.16,875.16,0
Sunday,30 Jun 2024 20:00,386.66,386.66,0
Sunday,30 Jun 2024 21:00,329.54,329.54,0
Sunday,30 Jun 2024 22:00,420.14,420.14,0
Sunday,30 Jun 2024 23:00,348.13,442.34,0
Monday,01 Jul 2024 0:00,346.31,346.31,0
Monday,01 Jul 2024 1:00,321.72,321.72,0
Monday,01 Jul 2024 2:00,323.86,323.86,0
Monday,01 Jul 2024 3:00,723.96,320.23,0
Monday,01 Jul 2024 4:00,319.84,319.84,0
Monday,01 Jul 2024 5:00,325.22,325.22,0
Monday,01 Jul 2024 6:00,318.93,318.93,0
Monday,01 Jul 2024 7:00,319.57,319.57,0
Monday,01 Jul 2024 8:00,331.72,331.72,0
Monday,01 Jul 2024 9:00,342.74,342.74,0
Monday,01 Jul 2024 10:00,516.54,516.54,0
Monday,01 Jul 2024 11:00,424.37,424.37,0
Monday,01 Jul 2024 12:00,768.71,768.71,0
Monday,01 Jul 2024 13:00,501.06,501.06,0
Monday,01 Jul 2024 14:00,562.49,562.49,0
Monday,01 Jul 2024 15:00,677,677,0
Monday,01 Jul 2024 16:00,640.9,640.9,0
Monday,01 Jul 2024 17:00,485.51,485.51,0
Monday,01 Jul 2024 18:00,334.19,334.19,0
Monday,01 Jul 2024 19:00,324.45,324.45,0
Monday,01 Jul 2024 20:00,316.75,316.75,0
Monday,01 Jul 2024 21:00,322.39,322.39,0
Monday,01 Jul 2024 22:00,325.16,325.16,0
Monday,01 Jul 2024 23:00,330.39,414.11,0
Tuesday,02 Jul 2024 0:00,326.19,326.19,0
Tuesday,02 Jul 2024 1:00,326.78,326.78,0
Tuesday,02 Jul 2024 2:00,324.15,324.15,0
Tuesday,02 Jul 2024 3:00,726.79,329.01,0
Tuesday,02 Jul 2024 4:00,324.39,324.39,0
Tuesday,02 Jul 2024 5:00,318.31,318.31,0
Tuesday,02 Jul 2024 6:00,236.23,236.23,0
Tuesday,02 Jul 2024 7:00,319.64,319.64,0
Tuesday,02 Jul 2024 8:00,445.51,445.51,0
Tuesday,02 Jul 2024 9:00,468.28,468.28,0
Tuesday,02 Jul 2024 10:00,548.05,548.05,0
Tuesday,02 Jul 2024 11:00,472.69,472.69,0
Tuesday,02 Jul 2024 12:00,729.88,729.88,0
Tuesday,02 Jul 2024 13:00,361.84,361.84,0
Tuesday,02 Jul 2024 14:00,328.41,328.41,0
Tuesday,02 Jul 2024 15:00,416.22,416.22,0
Tuesday,02 Jul 2024 16:00,567.24,567.24,0
Tuesday,02 Jul 2024 17:00,504.92,504.92,0
Tuesday,02 Jul 2024 18:00,509.41,509.41,0
Tuesday,02 Jul 2024 19:00,319.01,319.01,0
Tuesday,02 Jul 2024 20:00,326.12,326.12,0
Tuesday,02 Jul 2024 21:00,325.53,325.53,0
Tuesday,02 Jul 2024 22:00,330.31,330.31,0
Tuesday,02 Jul 2024 23:00,"1,768","1,863",0
Wednesday,03 Jul 2024 0:00,323.09,323.09,0
Wednesday,03 Jul 2024 1:00,321.81,321.81,0
Wednesday,03 Jul 2024 2:00,323.06,323.06,0
Wednesday,03 Jul 2024 3:00,722.15,321,0
Wednesday,03 Jul 2024 4:00,313.84,313.84,0
Wednesday,03 Jul 2024 5:00,321.95,321.95,0
Wednesday,03 Jul 2024 6:00,326.9,326.9,0
Wednesday,03 Jul 2024 7:00,403.49,403.49,0
Wednesday,03 Jul 2024 8:00,619.32,619.32,0
Wednesday,03 Jul 2024 9:00,"1,125","1,125",0
Wednesday,03 Jul 2024 10:00,358.06,358.06,0
Wednesday,03 Jul 2024 11:00,436.01,436.01,0
Wednesday,03 Jul 2024 12:00,724.3,724.3,0
Wednesday,03 Jul 2024 13:00,335.79,335.79,0
Wednesday,03 Jul 2024 14:00,455.04,455.04,0
Wednesday,03 Jul 2024 15:00,605.96,605.96,0
Wednesday,03 Jul 2024 16:00,577.24,577.24,0
Wednesday,03 Jul 2024 17:00,330.89,330.89,0
Wednesday,03 Jul 2024 18:00,351.36,351.36,0
Wednesday,03 Jul 2024 19:00,346.99,346.99,0
Wednesday,03 Jul 2024 20:00,324.89,324.89,0
Wednesday,03 Jul 2024 21:00,321.78,321.78,0
Wednesday,03 Jul 2024 22:00,320.27,320.27,0
Wednesday,03 Jul 2024 23:00,331.26,412.79,0
Thursday,04 Jul 2024 0:00,325.48,325.48,0
Thursday,04 Jul 2024 1:00,330.74,330.74,0
Thursday,04 Jul 2024 2:00,329.08,329.08,0
Thursday,04 Jul 2024 3:00,728.23,324.12,0
Thursday,04 Jul 2024 4:00,320.46,320.46,0
Thursday,04 Jul 2024 5:00,315.77,315.77,0
Thursday,04 Jul 2024 6:00,325.74,325.74,0
Thursday,04 Jul 2024 7:00,369.44,369.44,0
Thursday,04 Jul 2024 8:00,322.77,322.77,0
Thursday,04 Jul 2024 9:00,327.85,327.85,0
Thursday,04 Jul 2024 10:00,349.33,349.33,0
Thursday,04 Jul 2024 11:00,542.45,542.45,0
Thursday,04 Jul 2024 12:00,844.45,844.45,0
Thursday,04 Jul 2024 13:00,747.67,747.67,0
Thursday,04 Jul 2024 14:00,"1,295","1,295",0
Thursday,04 Jul 2024 15:00,"1,692","1,692",0
Thursday,04 Jul 2024 16:00,"1,849","1,849",0
Thursday,04 Jul 2024 17:00,"1,948","1,948",0
Thursday,04 Jul 2024 18:00,"1,420","1,420",0
Thursday,04 Jul 2024 19:00,"1,039","1,039",0
Thursday,04 Jul 2024 20:00,"1,093","1,093",0
Thursday,04 Jul 2024 21:00,"1,072","1,072",0
Thursday,04 Jul 2024 22:00,796.21,796.21,0
Thursday,04 Jul 2024 23:00,864.15,"1,004",0
Friday,05 Jul 2024 0:00,537.3,537.3,0
Friday,05 Jul 2024 1:00,352.42,352.42,0
Friday,05 Jul 2024 2:00,357.92,357.92,0
Friday,05 Jul 2024 3:00,745.99,330.9,0
Friday,05 Jul 2024 4:00,353.86,353.86,0
Friday,05 Jul 2024 5:00,376.55,376.55,0
Friday,05 Jul 2024 6:00,433.68,433.68,0
Friday,05 Jul 2024 7:00,751.1,751.1,0
Friday,05 Jul 2024 8:00,909.49,909.49,0
Friday,05 Jul 2024 9:00,"1,026","1,026",0
Friday,05 Jul 2024 10:00,"1,314","1,314",0
Friday,05 Jul 2024 11:00,374.32,374.32,0
Friday,05 Jul 2024 12:00,748.89,748.89,0
Friday,05 Jul 2024 13:00,"3,259","3,259",0
Friday,05 Jul 2024 14:00,"2,322","2,322",0
Friday,05 Jul 2024 15:00,494.98,494.98,0
Friday,05 Jul 2024 16:00,972.36,972.36,0
Friday,05 Jul 2024 17:00,"2,619","2,619",0
Friday,05 Jul 2024 18:00,"2,162","2,162",0
Friday,05 Jul 2024 19:00,"1,602","1,602",0
Friday,05 Jul 2024 20:00,"1,745","1,745",0
Friday,05 Jul 2024 21:00,"1,518","1,518",0
Friday,05 Jul 2024 22:00,851.24,851.24,0
Friday,05 Jul 2024 23:00,885.37,"1,114",0
Saturday,06 Jul 2024 0:00,887.67,887.67,0
Saturday,06 Jul 2024 1:00,863.89,863.89,0
Saturday,06 Jul 2024 2:00,605.47,605.47,0
Saturday,06 Jul 2024 3:00,"1,847",636.08,0
Saturday,06 Jul 2024 4:00,587.68,587.68,0
Saturday,06 Jul 2024 5:00,403.91,403.91,0
Saturday,06 Jul 2024 6:00,479.04,479.04,0
Saturday,06 Jul 2024 7:00,708.63,708.63,0
Saturday,06 Jul 2024 8:00,"1,396","1,396",0
Saturday,06 Jul 2024 9:00,"1,169","1,169",0
Saturday,06 Jul 2024 10:00,"1,228","1,228",0
Saturday,06 Jul 2024 11:00,"1,241","1,241",0
Saturday,06 Jul 2024 12:00,"1,435","1,435",0
Saturday,06 Jul 2024 13:00,"1,148","1,148",0
Saturday,06 Jul 2024 14:00,"1,374","1,374",0
Saturday,06 Jul 2024 15:00,"1,571","1,571",0
Saturday,06 Jul 2024 16:00,"2,112","2,112",0
Saturday,06 Jul 2024 17:00,"1,636","1,636",0
Saturday,06 Jul 2024 18:00,"1,439","1,439",0
Saturday,06 Jul 2024 19:00,"1,009","1,009",0
Saturday,06 Jul 2024 20:00,"1,039","1,039",0
Saturday,06 Jul 2024 21:00,873.17,873.17,0
Saturday,06 Jul 2024 22:00,934.74,934.74,0
Saturday,06 Jul 2024 23:00,829.59,"1,019",0
Sunday,07 Jul 2024 0:00,753.71,753.71,0
Sunday,07 Jul 2024 1:00,782.84,782.84,0
Sunday,07 Jul 2024 2:00,526.68,526.68,0
Sunday,07 Jul 2024 3:00,815.29,402.6,0
Sunday,07 Jul 2024 4:00,389.65,389.65,0
Sunday,07 Jul 2024 5:00,318.89,318.89,0
Sunday,07 Jul 2024 6:00,369.79,369.79,0
Sunday,07 Jul 2024 7:00,392.5,392.5,0
Sunday,07 Jul 2024 8:00,781.88,781.88,0
Sunday,07 Jul 2024 9:00,964.99,964.99,0
Sunday,07 Jul 2024 10:00,"1,091","1,091",0
Sunday,07 Jul 2024 11:00,857.19,857.19,0
Sunday,07 Jul 2024 12:00,827.05,827.05,0
Sunday,07 Jul 2024 13:00,"1,027","1,027",0
Sunday,07 Jul 2024 14:00,"1,084","1,084",0
Sunday,07 Jul 2024 15:00,"1,538","1,538",0
Sunday,07 Jul 2024 16:00,"2,101","2,101",0
Sunday,07 Jul 2024 17:00,"2,022","2,022",0
Sunday,07 Jul 2024 18:00,"1,830","1,830",0
Sunday,07 Jul 2024 19:00,"2,132","2,132",0
Sunday,07 Jul 2024 20:00,"2,931","2,931",0
Sunday,07 Jul 2024 21:00,"1,160","1,160",0
Sunday,07 Jul 2024 22:00,"1,200","1,200",0
Sunday,07 Jul 2024 23:00,682.38,836.71,0
Monday,08 Jul 2024 0:00,594.02,594.02,0
Monday,08 Jul 2024 1:00,343.35,343.35,0
Monday,08 Jul 2024 2:00,508.56,508.56,0
Monday,08 Jul 2024 3:00,792.34,391.37,0
Monday,08 Jul 2024 4:00,326.22,326.22,0
Monday,08 Jul 2024 5:00,323.07,323.07,0
Monday,08 Jul 2024 6:00,375.53,375.53,0
Monday,08 Jul 2024 7:00,865,865,0
Monday,08 Jul 2024 8:00,"1,461","1,461",0
Monday,08 Jul 2024 9:00,"2,070","2,070",0
Monday,08 Jul 2024 10:00,"2,116","2,116",0
Monday,08 Jul 2024 11:00,"2,068","2,068",0
Monday,08 Jul 2024 12:00,"1,374","1,374",0
Monday,08 Jul 2024 13:00,"1,566","1,566",0
Monday,08 Jul 2024 14:00,"1,877","1,877",0
Monday,08 Jul 2024 15:00,"2,181","2,181",0
Monday,08 Jul 2024 16:00,"2,071","2,071",0
Monday,08 Jul 2024 17:00,"2,126","2,126",0
Monday,08 Jul 2024 18:00,"1,534","1,534",0
Monday,08 Jul 2024 19:00,"1,138","1,138",0
Monday,08 Jul 2024 20:00,"1,147","1,147",0
Monday,08 Jul 2024 21:00,639.42,639.42,0
Monday,08 Jul 2024 22:00,653.7,653.7,0
Monday,08 Jul 2024 23:00,"1,026","1,223",0
Tuesday,09 Jul 2024 0:00,"1,094","1,094",0
Tuesday,09 Jul 2024 1:00,575.36,575.36,0
Tuesday,09 Jul 2024 2:00,407.22,407.22,0
Tuesday,09 Jul 2024 3:00,783.89,337.16,0
Tuesday,09 Jul 2024 4:00,351.52,351.52,0
Tuesday,09 Jul 2024 5:00,327.08,327.08,0
Tuesday,09 Jul 2024 6:00,798.91,798.91,0
Tuesday,09 Jul 2024 7:00,"1,271","1,271",0
Tuesday,09 Jul 2024 8:00,"1,921","1,921",0
Tuesday,09 Jul 2024 9:00,"2,316","2,316",0
Tuesday,09 Jul 2024 10:00,"2,190","2,190",0
Tuesday,09 Jul 2024 11:00,"2,106","2,106",0
Tuesday,09 Jul 2024 12:00,"2,108","2,108",0
Tuesday,09 Jul 2024 13:00,"2,250","2,250",0
Tuesday,09 Jul 2024 14:00,"2,089","2,089",0
Tuesday,09 Jul 2024 15:00,"2,425","2,425",0
Tuesday,09 Jul 2024 16:00,"2,746","2,746",0
Tuesday,09 Jul 2024 17:00,"3,221","3,221",0
Tuesday,09 Jul 2024 18:00,"2,785","2,785",0
Tuesday,09 Jul 2024 19:00,"1,925","1,925",0
Tuesday,09 Jul 2024 20:00,"1,831","1,831",0
Tuesday,09 Jul 2024 21:00,"1,699","1,699",0
Tuesday,09 Jul 2024 22:00,"1,448","1,448",0
Tuesday,09 Jul 2024 23:00,"1,485","1,846",0
Wednesday,10 Jul 2024 0:00,"1,445","1,445",0
Wednesday,10 Jul 2024 1:00,"1,103","1,103",0
Wednesday,10 Jul 2024 2:00,967.72,967.72,0
Wednesday,10 Jul 2024 3:00,"1,995",872.99,0
Wednesday,10 Jul 2024 4:00,869.86,869.86,0
Wednesday,10 Jul 2024 5:00,901.54,901.54,0
Wednesday,10 Jul 2024 6:00,"1,599","1,599",0
Wednesday,10 Jul 2024 7:00,"2,521","2,521",0
Wednesday,10 Jul 2024 8:00,"3,015","3,015",0
Wednesday,10 Jul 2024 9:00,"3,304","3,304",0
Wednesday,10 Jul 2024 10:00,"3,416","3,416",0
Wednesday,10 Jul 2024 11:00,"3,289","3,289",0
Wednesday,10 Jul 2024 12:00,"3,664","3,664",0
Wednesday,10 Jul 2024 13:00,"3,517","3,517",0
Wednesday,10 Jul 2024 14:00,"3,591","3,591",0
Wednesday,10 Jul 2024 15:00,"3,404","3,404",0
Wednesday,10 Jul 2024 16:00,"3,150","3,150",0
Wednesday,10 Jul 2024 17:00,"3,132","3,132",0
Wednesday,10 Jul 2024 18:00,"2,665","2,665",0
Wednesday,10 Jul 2024 19:00,"1,979","1,979",0
Wednesday,10 Jul 2024 20:00,"1,219","1,219",0
Wednesday,10 Jul 2024 21:00,"1,105","1,105",0
Wednesday,10 Jul 2024 22:00,874.65,874.65,0
Wednesday,10 Jul 2024 23:00,563.57,686.71,0
Thursday,11 Jul 2024 0:00,477.54,477.54,0
Thursday,11 Jul 2024 1:00,512.92,512.92,0
Thursday,11 Jul 2024 2:00,536.88,536.88,0
Thursday,11 Jul 2024 3:00,"1,402",647.89,0
Thursday,11 Jul 2024 4:00,688.82,688.82,0
Thursday,11 Jul 2024 5:00,842.44,842.44,0
Thursday,11 Jul 2024 6:00,"1,265","1,265",0
Thursday,11 Jul 2024 7:00,"1,372","1,372",0
Thursday,11 Jul 2024 8:00,"1,730","1,730",0
Thursday,11 Jul 2024 9:00,"2,284","2,284",0
Thursday,11 Jul 2024 10:00,"2,987","2,987",0
Thursday,11 Jul 2024 11:00,"2,719","2,719",0
Thursday,11 Jul 2024 12:00,"2,684","2,684",0
Thursday,11 Jul 2024 13:00,"2,698","2,698",0
Thursday,11 Jul 2024 14:00,"2,781","2,781",0
Thursday,11 Jul 2024 15:00,"2,394","2,394",0
Thursday,11 Jul 2024 16:00,"2,522","2,522",0
Thursday,11 Jul 2024 17:00,"2,439","2,439",0
Thursday,11 Jul 2024 18:00,"1,758","1,758",0
Thursday,11 Jul 2024 19:00,"1,626","1,626",0
Thursday,11 Jul 2024 20:00,"1,344","1,344",0
Thursday,11 Jul 2024 21:00,"1,320","1,320",0
Thursday,11 Jul 2024 22:00,"1,087","1,087",0
Thursday,11 Jul 2024 23:00,670,752.47,0
Friday,12 Jul 2024 0:00,343.57,343.57,0
Friday,12 Jul 2024 1:00,345.56,345.56,0
Friday,12 Jul 2024 2:00,337.7,337.7,0
Friday,12 Jul 2024 3:00,720.63,320.45,0
Friday,12 Jul 2024 4:00,317.88,317.88,0
Friday,12 Jul 2024 5:00,314.73,314.73,0
Friday,12 Jul 2024 6:00,321.52,321.52,0
Friday,12 Jul 2024 7:00,648.15,648.15,0
Friday,12 Jul 2024 8:00,"1,499","1,499",0
Friday,12 Jul 2024 9:00,"1,991","1,991",0
Friday,12 Jul 2024 10:00,"4,077","4,077",0
Friday,12 Jul 2024 11:00,"2,533","2,533",0
Friday,12 Jul 2024 12:00,"2,153","2,153",0
Friday,12 Jul 2024 13:00,"1,912","1,912",0
Friday,12 Jul 2024 14:00,"2,058","2,058",0
Friday,12 Jul 2024 15:00,"2,239","2,239",0
Friday,12 Jul 2024 16:00,"2,309","2,309",0
Friday,12 Jul 2024 17:00,"2,294","2,294",0
Friday,12 Jul 2024 18:00,"2,245","2,245",0
Friday,12 Jul 2024 19:00,"1,948","1,948",0
Friday,12 Jul 2024 20:00,"1,719","1,719",0
Friday,12 Jul 2024 21:00,"1,324","1,324",0
Friday,12 Jul 2024 22:00,"1,156","1,156",0
Friday,12 Jul 2024 23:00,"1,130","1,402",0
Saturday,13 Jul 2024 0:00,"1,002","1,002",0
Saturday,13 Jul 2024 1:00,"1,190","1,190",0
Saturday,13 Jul 2024 2:00,"1,298","1,298",0
Saturday,13 Jul 2024 3:00,"2,073",907.76,0
Saturday,13 Jul 2024 4:00,958.77,958.77,0
Saturday,13 Jul 2024 5:00,792.11,792.11,0
Saturday,13 Jul 2024 6:00,789.08,789.08,0
Saturday,13 Jul 2024 7:00,851.48,851.48,0
Saturday,13 Jul 2024 8:00,"1,127","1,127",0
Saturday,13 Jul 2024 9:00,"1,361","1,361",0
Saturday,13 Jul 2024 10:00,"1,178","1,178",0
Saturday,13 Jul 2024 11:00,939.45,939.45,0
Saturday,13 Jul 2024 12:00,"1,166","1,166",0
Saturday,13 Jul 2024 13:00,"1,241","1,241",0
Saturday,13 Jul 2024 14:00,"1,335","1,335",0
Saturday,13 Jul 2024 15:00,"1,467","1,467",0
Saturday,13 Jul 2024 16:00,"1,586","1,586",0
Saturday,13 Jul 2024 17:00,"1,533","1,533",0
Saturday,13 Jul 2024 18:00,"1,484","1,484",0
Saturday,13 Jul 2024 19:00,"1,196","1,196",0
Saturday,13 Jul 2024 20:00,"1,152","1,152",0
Saturday,13 Jul 2024 21:00,"1,048","1,048",0
Saturday,13 Jul 2024 22:00,759.17,759.17,0
Saturday,13 Jul 2024 23:00,592.01,771.56,0
Sunday,14 Jul 2024 0:00,"1,175","1,175",0
Sunday,14 Jul 2024 1:00,"1,353","1,353",0
Sunday,14 Jul 2024 2:00,326.21,326.21,0
Sunday,14 Jul 2024 3:00,729.35,325.99,0
Sunday,14 Jul 2024 4:00,320.32,320.32,0
Sunday,14 Jul 2024 5:00,316.38,316.38,0
Sunday,14 Jul 2024 6:00,312.19,312.19,0
Sunday,14 Jul 2024 7:00,445.24,445.24,0
Sunday,14 Jul 2024 8:00,987.7,987.7,0
Sunday,14 Jul 2024 9:00,"1,160","1,160",0
Sunday,14 Jul 2024 10:00,841.95,841.95,0
Sunday,14 Jul 2024 11:00,701.91,701.91,0
Sunday,14 Jul 2024 12:00,547.95,547.95,0
Sunday,14 Jul 2024 13:00,560.37,560.37,0
Sunday,14 Jul 2024 14:00,363.99,363.99,0
Sunday,14 Jul 2024 15:00,490.63,490.63,0
Sunday,14 Jul 2024 16:00,"2,411","2,411",0
Sunday,14 Jul 2024 17:00,"1,031","1,031",0
Sunday,14 Jul 2024 18:00,858.07,858.07,0
Sunday,14 Jul 2024 19:00,925.59,925.59,0
Sunday,14 Jul 2024 20:00,427.02,427.02,0
Sunday,14 Jul 2024 21:00,346.49,346.49,0
Sunday,14 Jul 2024 22:00,333.79,333.79,0
Sunday,14 Jul 2024 23:00,334.36,419,0
Monday,15 Jul 2024 0:00,331.98,331.98,0
Monday,15 Jul 2024 1:00,331.35,331.35,0
Monday,15 Jul 2024 2:00,346.21,346.21,0
Monday,15 Jul 2024 3:00,731.93,326.95,0
Monday,15 Jul 2024 4:00,340.98,340.98,0
Monday,15 Jul 2024 5:00,325.63,325.63,0
Monday,15 Jul 2024 6:00,446.06,446.06,0
Monday,15 Jul 2024 7:00,799.64,799.64,0
Monday,15 Jul 2024 8:00,"1,390","1,390",0
Monday,15 Jul 2024 9:00,"1,897","1,897",0
Monday,15 Jul 2024 10:00,"2,203","2,203",0
Monday,15 Jul 2024 11:00,"2,668","2,668",0
Monday,15 Jul 2024 12:00,"2,808","2,808",0
Monday,15 Jul 2024 13:00,"2,782","2,782",0
Monday,15 Jul 2024 14:00,"2,933","2,933",0
Monday,15 Jul 2024 15:00,"2,973","2,973",0
Monday,15 Jul 2024 16:00,"2,901","2,901",0
Monday,15 Jul 2024 17:00,"2,430","2,430",0
Monday,15 Jul 2024 18:00,"1,904","1,904",0
Monday,15 Jul 2024 19:00,"1,612","1,612",0
Monday,15 Jul 2024 20:00,"1,592","1,592",0
Monday,15 Jul 2024 21:00,"1,664","1,664",0
Monday,15 Jul 2024 22:00,"1,786","1,786",0
Monday,15 Jul 2024 23:00,"1,774","2,272",0
Tuesday,16 Jul 2024 0:00,"3,230","3,230",0
Tuesday,16 Jul 2024 1:00,"1,152","1,152",0
Tuesday,16 Jul 2024 2:00,"1,200","1,200",0
Tuesday,16 Jul 2024 3:00,"2,212",987.15,0
Tuesday,16 Jul 2024 4:00,"1,016","1,016",0
Tuesday,16 Jul 2024 5:00,945,945,0
Tuesday,16 Jul 2024 6:00,"2,806","2,806",0
Tuesday,16 Jul 2024 7:00,"3,071","3,071",0
Tuesday,16 Jul 2024 8:00,"1,642","1,642",0
Tuesday,16 Jul 2024 9:00,"2,149","2,149",0
Tuesday,16 Jul 2024 10:00,"2,202","2,202",0
Tuesday,16 Jul 2024 11:00,"2,518","2,518",0
Tuesday,16 Jul 2024 12:00,"2,711","2,711",0
Tuesday,16 Jul 2024 13:00,"2,455","2,455",0
Tuesday,16 Jul 2024 14:00,"2,335","2,335",0
Tuesday,16 Jul 2024 15:00,"2,837","2,837",0
Tuesday,16 Jul 2024 16:00,"3,158","3,158",0
Tuesday,16 Jul 2024 17:00,"3,156","3,156",0
Tuesday,16 Jul 2024 18:00,"2,583","2,583",0
Tuesday,16 Jul 2024 19:00,"2,364","2,364",0
Tuesday,16 Jul 2024 20:00,"1,470","1,470",0
Tuesday,16 Jul 2024 21:00,"1,016","1,016",0
Tuesday,16 Jul 2024 22:00,884.88,884.88,0
Tuesday,16 Jul 2024 23:00,815.84,"1,016",0
Wednesday,17 Jul 2024 0:00,725.7,725.7,0
Wednesday,17 Jul 2024 1:00,872.38,872.38,0
Wednesday,17 Jul 2024 2:00,692.99,692.99,0
Wednesday,17 Jul 2024 3:00,962.58,508.53,0
Wednesday,17 Jul 2024 4:00,396.44,396.44,0
Wednesday,17 Jul 2024 5:00,336.62,336.62,0
Wednesday,17 Jul 2024 6:00,776.66,776.66,0
Wednesday,17 Jul 2024 7:00,"1,406","1,406",0
Wednesday,17 Jul 2024 8:00,"2,325","2,325",0
Wednesday,17 Jul 2024 9:00,"2,319","2,319",0
Wednesday,17 Jul 2024 10:00,"2,415","2,415",0
Wednesday,17 Jul 2024 11:00,"2,705","2,705",0
Wednesday,17 Jul 2024 12:00,"2,716","2,716",0
Wednesday,17 Jul 2024 13:00,"2,459","2,459",0
Wednesday,17 Jul 2024 14:00,"2,484","2,484",0
Wednesday,17 Jul 2024 15:00,"3,070","3,070",0
Wednesday,17 Jul 2024 16:00,"2,867","2,867",0
Wednesday,17 Jul 2024 17:00,"2,997","2,997",0
Wednesday,17 Jul 2024 18:00,"3,164","3,164",0
Wednesday,17 Jul 2024 19:00,"2,270","2,270",0
Wednesday,17 Jul 2024 20:00,"1,240","1,240",0
Wednesday,17 Jul 2024 21:00,"1,370","1,370",0
Wednesday,17 Jul 2024 22:00,"1,313","1,313",0
Wednesday,17 Jul 2024 23:00,"1,259","1,655",0
Thursday,18 Jul 2024 0:00,"5,376","5,376",0
Thursday,18 Jul 2024 1:00,"5,478","5,478",0
Thursday,18 Jul 2024 2:00,"4,957","4,957",0
Thursday,18 Jul 2024 3:00,"12,218","5,407",0
Thursday,18 Jul 2024 4:00,"5,271","5,271",0
Thursday,18 Jul 2024 5:00,"4,885","4,885",0
Thursday,18 Jul 2024 6:00,"3,989","3,989",0
Thursday,18 Jul 2024 7:00,"6,007","6,007",0
Thursday,18 Jul 2024 8:00,"6,265","6,265",0
Thursday,18 Jul 2024 9:00,"6,568","6,568",0
Thursday,18 Jul 2024 10:00,"6,766","6,766",0
Thursday,18 Jul 2024 11:00,"6,316","6,316",0
Thursday,18 Jul 2024 12:00,"6,447","6,447",0
Thursday,18 Jul 2024 13:00,"6,052","6,052",0
Thursday,18 Jul 2024 14:00,"2,242","2,242",0
Thursday,18 Jul 2024 15:00,"2,063","2,063",0
Thursday,18 Jul 2024 16:00,"1,550","1,550",0
Thursday,18 Jul 2024 17:00,"1,513","1,513",0
Thursday,18 Jul 2024 18:00,"1,015","1,015",0
Thursday,18 Jul 2024 19:00,815.29,815.29,0
Thursday,18 Jul 2024 20:00,410.01,410.01,0
Thursday,18 Jul 2024 21:00,507.59,507.59,0
Thursday,18 Jul 2024 22:00,364.17,364.17,0
Thursday,18 Jul 2024 23:00,325.63,407.87,0
Friday,19 Jul 2024 0:00,248.25,248.25,0
Friday,19 Jul 2024 1:00,244.9,244.9,0
Friday,19 Jul 2024 2:00,326.53,326.53,0
Friday,19 Jul 2024 3:00,215.27,215.27,0
Friday,19 Jul 2024 4:00,0,0,0
Friday,19 Jul 2024 5:00,0,0,0
Friday,19 Jul 2024 6:00,0,0,0
Friday,19 Jul 2024 7:00,0,0,0
Friday,19 Jul 2024 8:00,0,0,0
Friday,19 Jul 2024 9:00,0,0,0
Friday,19 Jul 2024 10:00,0,0,0
Friday,19 Jul 2024 11:00,0,0,0
Friday,19 Jul 2024 12:00,0,0,0
Friday,19 Jul 2024 13:00,0,0,0
Friday,19 Jul 2024 14:00,0,0,0
Friday,19 Jul 2024 15:00,0,0,0
Friday,19 Jul 2024 16:00,0,0,0
Friday,19 Jul 2024 17:00,0,0,0
Friday,19 Jul 2024 18:00,0,0,0
Friday,19 Jul 2024 19:00,0,0,0
Friday,19 Jul 2024 20:00,0,0,0
Friday,19 Jul 2024 21:00,0,0,0
Friday,19 Jul 2024 22:00,0,0,0
Friday,19 Jul 2024 23:00,0,0,0
Saturday,20 Jul 2024 0:00,0,0,0
Saturday,20 Jul 2024 1:00,0,0,0
Saturday,20 Jul 2024 2:00,0,0,0
Saturday,20 Jul 2024 3:00,0,0,0
Saturday,20 Jul 2024 4:00,0,0,0
Saturday,20 Jul 2024 5:00,0,0,0
Saturday,20 Jul 2024 6:00,0,0,0
Saturday,20 Jul 2024 7:00,0,0,0
Saturday,20 Jul 2024 8:00,0,0,0
Saturday,20 Jul 2024 9:00,0,0,0
Saturday,20 Jul 2024 10:00,0,0,0
Saturday,20 Jul 2024 11:00,0,0,0
Saturday,20 Jul 2024 12:00,0,0,0
Saturday,20 Jul 2024 13:00,0,0,0
Saturday,20 Jul 2024 14:00,0,0,0
Saturday,20 Jul 2024 15:00,0,0,0
Saturday,20 Jul 2024 16:00,0,0,0
Saturday,20 Jul 2024 17:00,0,0,0
Saturday,20 Jul 2024 18:00,0,0,0
Saturday,20 Jul 2024 19:00,0,0,0
Saturday,20 Jul 2024 20:00,0,0,0
Saturday,20 Jul 2024 21:00,0,0,0
Saturday,20 Jul 2024 22:00,0,0,0
Saturday,20 Jul 2024 23:00,0,0,0
Sunday,21 Jul 2024 0:00,0,0,0
Sunday,21 Jul 2024 1:00,0,0,0
Sunday,21 Jul 2024 2:00,0,0,0
Sunday,21 Jul 2024 3:00,0,0,0
Sunday,21 Jul 2024 4:00,0,0,0
Sunday,21 Jul 2024 5:00,0,0,0
Sunday,21 Jul 2024 6:00,0,0,0
Sunday,21 Jul 2024 7:00,0,0,0
Sunday,21 Jul 2024 8:00,0,0,0
Sunday,21 Jul 2024 9:00,0,0,0
Sunday,21 Jul 2024 10:00,0,0,0
Sunday,21 Jul 2024 11:00,0,0,0
Sunday,21 Jul 2024 12:00,0,0,0
Sunday,21 Jul 2024 13:00,0,0,0
Sunday,21 Jul 2024 14:00,0,0,0
Sunday,21 Jul 2024 15:00,0,0,0
Sunday,21 Jul 2024 16:00,0,0,0
Sunday,21 Jul 2024 17:00,0,0,0
Sunday,21 Jul 2024 18:00,0,0,0
Sunday,21 Jul 2024 19:00,0,0,0
Sunday,21 Jul 2024 20:00,0,0,0
Sunday,21 Jul 2024 21:00,0,0,0
Sunday,21 Jul 2024 22:00,0,0,0
Sunday,21 Jul 2024 23:00,0,0,0
Monday,22 Jul 2024 0:00,0,0,0
Monday,22 Jul 2024 1:00,0,0,0
Monday,22 Jul 2024 2:00,0,0,0
Monday,22 Jul 2024 3:00,0,0,0
Monday,22 Jul 2024 4:00,0,0,0
Monday,22 Jul 2024 5:00,0,0,0
Monday,22 Jul 2024 6:00,0,0,0
Monday,22 Jul 2024 7:00,0,0,0
Monday,22 Jul 2024 8:00,0,0,0
Monday,22 Jul 2024 9:00,0,0,0
Monday,22 Jul 2024 10:00,0,0,0
Monday,22 Jul 2024 11:00,0,0,0
Monday,22 Jul 2024 12:00,0,0,0
Monday,22 Jul 2024 13:00,0,0,0
Monday,22 Jul 2024 14:00,0,0,0
Monday,22 Jul 2024 15:00,0,0,0
Monday,22 Jul 2024 16:00,0,0,0
Monday,22 Jul 2024 17:00,0,0,0
Monday,22 Jul 2024 18:00,0,0,0
Monday,22 Jul 2024 19:00,0,0,0
Monday,22 Jul 2024 20:00,0,0,0
Monday,22 Jul 2024 21:00,0,0,0
Monday,22 Jul 2024 22:00,0,0,0
Monday,22 Jul 2024 23:00,0,0,0
Tuesday,23 Jul 2024 0:00,0,0,0
Tuesday,23 Jul 2024 1:00,0,0,0
Tuesday,23 Jul 2024 2:00,0,0,0
Tuesday,23 Jul 2024 3:00,0,0,0
Tuesday,23 Jul 2024 4:00,0,0,0
Tuesday,23 Jul 2024 5:00,0,0,0
Tuesday,23 Jul 2024 6:00,0,0,0
Tuesday,23 Jul 2024 7:00,0,0,0
Tuesday,23 Jul 2024 8:00,0,0,0
Tuesday,23 Jul 2024 9:00,0,0,0
Tuesday,23 Jul 2024 10:00,223.28,223.28,0
Tuesday,23 Jul 2024 11:00,"1,189","1,189",0
Tuesday,23 Jul 2024 12:00,"1,266","1,266",0
Tuesday,23 Jul 2024 13:00,922.42,922.42,0
Tuesday,23 Jul 2024 14:00,799.18,799.18,0
Tuesday,23 Jul 2024 15:00,774.77,774.77,0
Tuesday,23 Jul 2024 16:00,"1,084","1,084",0
Tuesday,23 Jul 2024 17:00,570.51,570.51,0
Tuesday,23 Jul 2024 18:00,312.86,312.86,0
Tuesday,23 Jul 2024 19:00,315.2,315.2,0
Tuesday,23 Jul 2024 20:00,405.31,405.31,0
Tuesday,23 Jul 2024 21:00,327.49,327.49,0
Tuesday,23 Jul 2024 22:00,322.27,322.27,0
Tuesday,23 Jul 2024 23:00,320.25,399.32,0
Wednesday,24 Jul 2024 0:00,322.66,322.66,0
Wednesday,24 Jul 2024 1:00,316.31,316.31,0
Wednesday,24 Jul 2024 2:00,322.76,322.76,0
Wednesday,24 Jul 2024 3:00,741.48,332.04,0
Wednesday,24 Jul 2024 4:00,321.96,321.96,0
Wednesday,24 Jul 2024 5:00,317.9,317.9,0
Wednesday,24 Jul 2024 6:00,333.49,333.49,0
Wednesday,24 Jul 2024 7:00,546.29,546.29,0
Wednesday,24 Jul 2024 8:00,542.83,542.83,0
Wednesday,24 Jul 2024 9:00,819.05,819.05,0
Wednesday,24 Jul 2024 10:00,610.17,610.17,0
Wednesday,24 Jul 2024 11:00,776.66,776.66,0
Wednesday,24 Jul 2024 12:00,571.14,571.14,0
Wednesday,24 Jul 2024 13:00,338.25,338.25,0
Wednesday,24 Jul 2024 14:00,411.96,411.96,0
Wednesday,24 Jul 2024 15:00,451.96,451.96,0
Wednesday,24 Jul 2024 16:00,609.67,609.67,0
Wednesday,24 Jul 2024 17:00,334.75,334.75,0
Wednesday,24 Jul 2024 18:00,320.6,320.6,0
Wednesday,24 Jul 2024 19:00,323.74,323.74,0
Wednesday,24 Jul 2024 20:00,327.47,327.47,0
Wednesday,24 Jul 2024 21:00,329.34,329.34,0
Wednesday,24 Jul 2024 22:00,326.34,326.34,0
Wednesday,24 Jul 2024 23:00,320.58,402.26,0
Thursday,25 Jul 2024 0:00,321.45,321.45,0
Thursday,25 Jul 2024 1:00,320.76,320.76,0
Thursday,25 Jul 2024 2:00,326.66,326.66,0
Thursday,25 Jul 2024 3:00,727.7,325.52,0
Thursday,25 Jul 2024 4:00,321.14,321.14,0
Thursday,25 Jul 2024 5:00,320.6,320.6,0
Thursday,25 Jul 2024 6:00,317.72,317.72,0
Thursday,25 Jul 2024 7:00,413.31,413.31,0
Thursday,25 Jul 2024 8:00,675.07,675.07,0
Thursday,25 Jul 2024 9:00,999.83,999.83,0
Thursday,25 Jul 2024 10:00,"1,050","1,050",0
Thursday,25 Jul 2024 11:00,"1,478","1,478",0
Thursday,25 Jul 2024 12:00,"1,692","1,692",0
Thursday,25 Jul 2024 13:00,"1,596","1,596",0
Thursday,25 Jul 2024 14:00,"1,464","1,464",0
Thursday,25 Jul 2024 15:00,"1,748","1,748",0
Thursday,25 Jul 2024 16:00,"1,656","1,656",0
Thursday,25 Jul 2024 17:00,"1,214","1,214",0
Thursday,25 Jul 2024 18:00,600.41,600.41,0
Thursday,25 Jul 2024 19:00,383.42,383.42,0
Thursday,25 Jul 2024 20:00,314.45,314.45,0
Thursday,25 Jul 2024 21:00,321.56,321.56,0
Thursday,25 Jul 2024 22:00,318.06,318.06,0
Thursday,25 Jul 2024 23:00,323.34,405.85,0
Friday,26 Jul 2024 0:00,315.87,315.87,0
Friday,26 Jul 2024 1:00,320.58,320.58,0
Friday,26 Jul 2024 2:00,325.18,325.18,0
Friday,26 Jul 2024 3:00,730.48,313.26,0
Friday,26 Jul 2024 4:00,322.19,322.19,0
Friday,26 Jul 2024 5:00,321.31,321.31,0
Friday,26 Jul 2024 6:00,322.3,322.3,0
Friday,26 Jul 2024 7:00,360.67,360.67,0
Friday,26 Jul 2024 8:00,369.21,369.21,0
Friday,26 Jul 2024 9:00,346.59,346.59,0
Friday,26 Jul 2024 10:00,475.93,475.93,0
Friday,26 Jul 2024 11:00,735.36,735.36,0
Friday,26 Jul 2024 12:00,962.18,962.18,0
Friday,26 Jul 2024 13:00,634.58,634.58,0
Friday,26 Jul 2024 14:00,578.09,578.09,0
Friday,26 Jul 2024 15:00,986.31,986.31,0
Friday,26 Jul 2024 16:00,902.16,902.16,0
Friday,26 Jul 2024 17:00,725.73,725.73,0
Friday,26 Jul 2024 18:00,465.62,465.62,0
Friday,26 Jul 2024 19:00,334.2,334.2,0
Friday,26 Jul 2024 20:00,329.18,329.18,0
Friday,26 Jul 2024 21:00,325.3,325.3,0
Friday,26 Jul 2024 22:00,328.77,328.77,0
Friday,26 Jul 2024 23:00,337.95,424.6,0
Saturday,27 Jul 2024 0:00,323.86,323.86,0
Saturday,27 Jul 2024 1:00,331.02,331.02,0
Saturday,27 Jul 2024 2:00,319.74,319.74,0
Saturday,27 Jul 2024 3:00,720.93,322,0
Saturday,27 Jul 2024 4:00,322.12,322.12,0
Saturday,27 Jul 2024 5:00,309.58,309.58,0
Saturday,27 Jul 2024 6:00,315.48,315.48,0
Saturday,27 Jul 2024 7:00,318.49,318.49,0
Saturday,27 Jul 2024 8:00,"3,046","3,046",0
Saturday,27 Jul 2024 9:00,"4,287","4,287",0
Saturday,27 Jul 2024 10:00,"4,346","4,346",0
Saturday,27 Jul 2024 11:00,"4,393","4,393",0
Saturday,27 Jul 2024 12:00,"4,200","4,200",0
Saturday,27 Jul 2024 13:00,"4,222","4,222",0
Saturday,27 Jul 2024 14:00,"4,218","4,218",0
Saturday,27 Jul 2024 15:00,"4,159","4,159",0
Saturday,27 Jul 2024 16:00,"4,550","4,550",0
Saturday,27 Jul 2024 17:00,"1,865","1,865",0
Saturday,27 Jul 2024 18:00,448.49,448.49,0
Saturday,27 Jul 2024 19:00,324,324,0
Saturday,27 Jul 2024 20:00,320.32,320.32,0
Saturday,27 Jul 2024 21:00,329.15,329.15,0
Saturday,27 Jul 2024 22:00,321.13,321.13,0
Saturday,27 Jul 2024 23:00,323.81,404.64,0
Sunday,28 Jul 2024 0:00,310.45,310.45,0
Sunday,28 Jul 2024 1:00,321.01,321.01,0
Sunday,28 Jul 2024 2:00,313.92,313.92,0
Sunday,28 Jul 2024 3:00,724.62,320.56,0
Sunday,28 Jul 2024 4:00,320.88,320.88,0
Sunday,28 Jul 2024 5:00,316.67,316.67,0
Sunday,28 Jul 2024 6:00,311.16,311.16,0
Sunday,28 Jul 2024 7:00,334.59,334.59,0
Sunday,28 Jul 2024 8:00,341.06,341.06,0
Sunday,28 Jul 2024 9:00,442.67,442.67,0
Sunday,28 Jul 2024 10:00,708.5,708.5,0
Sunday,28 Jul 2024 11:00,742.57,742.57,0
Sunday,28 Jul 2024 12:00,693.68,693.68,0
Sunday,28 Jul 2024 13:00,549.61,549.61,0
Sunday,28 Jul 2024 14:00,421.76,421.76,0
Sunday,28 Jul 2024 15:00,319.81,319.81,0
Sunday,28 Jul 2024 16:00,322.36,322.36,0
Sunday,28 Jul 2024 17:00,316.51,316.51,0
Sunday,28 Jul 2024 18:00,327.36,327.36,0
Sunday,28 Jul 2024 19:00,315.3,315.3,0
Sunday,28 Jul 2024 20:00,329.31,329.31,0
Sunday,28 Jul 2024 21:00,369.74,369.74,0
Sunday,28 Jul 2024 22:00,353.07,353.07,0
Sunday,28 Jul 2024 23:00,391.44,469,0
Monday,29 Jul 2024 0:00,433.24,433.24,0
Monday,29 Jul 2024 1:00,330.63,330.63,0
Monday,29 Jul 2024 2:00,452.64,452.64,0
Monday,29 Jul 2024 3:00,784.98,389.22,0
Monday,29 Jul 2024 4:00,357.52,357.52,0
Monday,29 Jul 2024 5:00,334.5,334.5,0
Monday,29 Jul 2024 6:00,380.45,380.45,0
Monday,29 Jul 2024 7:00,446.29,446.29,0
Monday,29 Jul 2024 8:00,607.2,607.2,0
Monday,29 Jul 2024 9:00,562.66,562.66,0
Monday,29 Jul 2024 10:00,710.28,710.28,0
Monday,29 Jul 2024 11:00,779.84,779.84,0
Monday,29 Jul 2024 12:00,624.76,624.76,0
Monday,29 Jul 2024 13:00,714.06,714.06,0
Monday,29 Jul 2024 14:00,671.25,671.25,0
Monday,29 Jul 2024 15:00,611.57,611.57,0
Monday,29 Jul 2024 16:00,653.31,653.31,0
Monday,29 Jul 2024 17:00,750.16,750.16,0
Monday,29 Jul 2024 18:00,639.07,639.07,0
Monday,29 Jul 2024 19:00,391.03,391.03,0
Monday,29 Jul 2024 20:00,319.83,319.83,0
Monday,29 Jul 2024 21:00,325.45,325.45,0
Monday,29 Jul 2024 22:00,318.11,318.11,0
Monday,29 Jul 2024 23:00,320.54,401.4,0
Tuesday,30 Jul 2024 0:00,326.64,326.64,0
Tuesday,30 Jul 2024 1:00,326.18,326.18,0
Tuesday,30 Jul 2024 2:00,319.51,319.51,0
Tuesday,30 Jul 2024 3:00,"1,368",525.15,0
Tuesday,30 Jul 2024 4:00,643.34,643.34,0
Tuesday,30 Jul 2024 5:00,838.08,838.08,0
Tuesday,30 Jul 2024 6:00,"1,000","1,000",0
Tuesday,30 Jul 2024 7:00,"1,404","1,404",0
Tuesday,30 Jul 2024 8:00,"1,613","1,613",0
Tuesday,30 Jul 2024 9:00,"2,282","2,282",0
Tuesday,30 Jul 2024 10:00,"2,369","2,369",0
Tuesday,30 Jul 2024 11:00,"2,485","2,485",0
Tuesday,30 Jul 2024 12:00,"2,204","2,204",0
Tuesday,30 Jul 2024 13:00,"2,517","2,517",0
Tuesday,30 Jul 2024 14:00,"2,346","2,346",0
Tuesday,30 Jul 2024 15:00,"2,616","2,616",0
Tuesday,30 Jul 2024 16:00,"2,581","2,581",0
Tuesday,30 Jul 2024 17:00,"2,150","2,150",0
Tuesday,30 Jul 2024 18:00,"1,763","1,763",0
Tuesday,30 Jul 2024 19:00,"1,549","1,549",0
Tuesday,30 Jul 2024 20:00,"1,209","1,209",0
Tuesday,30 Jul 2024 21:00,810.15,810.15,0
Tuesday,30 Jul 2024 22:00,682.98,682.98,0
Tuesday,30 Jul 2024 23:00,604.4,787.89,0
Wednesday,31 Jul 2024 0:00,743.67,743.67,0
Wednesday,31 Jul 2024 1:00,424.8,424.8,0
Wednesday,31 Jul 2024 2:00,562.76,562.76,0
Wednesday,31 Jul 2024 3:00,"1,240",576.67,0
Wednesday,31 Jul 2024 4:00,620.65,620.65,0
Wednesday,31 Jul 2024 5:00,820.39,820.39,0
Wednesday,31 Jul 2024 6:00,"1,098","1,098",0
Wednesday,31 Jul 2024 7:00,"1,269","1,269",0
Wednesday,31 Jul 2024 8:00,"1,759","1,759",0
Wednesday,31 Jul 2024 9:00,"2,170","2,170",0
Wednesday,31 Jul 2024 10:00,"2,432","2,432",0
Wednesday,31 Jul 2024 11:00,"2,168","2,168",0
Wednesday,31 Jul 2024 12:00,"2,253","2,253",0
Wednesday,31 Jul 2024 13:00,"2,528","2,528",0
Wednesday,31 Jul 2024 14:00,"2,517","2,517",0
Wednesday,31 Jul 2024 15:00,"2,513","2,513",0
Wednesday,31 Jul 2024 16:00,"2,342","2,342",0
Wednesday,31 Jul 2024 17:00,"2,336","2,336",0
Wednesday,31 Jul 2024 18:00,"1,957","1,957",0
Wednesday,31 Jul 2024 19:00,"1,535","1,535",0
Wednesday,31 Jul 2024 20:00,"1,401","1,401",0
Wednesday,31 Jul 2024 21:00,"1,474","1,474",0
Wednesday,31 Jul 2024 22:00,"1,352","1,352",0
Wednesday,31 Jul 2024 23:00,"1,309","1,646",0
Thursday,01 Aug 2024 0:00,"1,316","1,316",0
Thursday,01 Aug 2024 1:00,"1,249","1,249",0
Thursday,01 Aug 2024 2:00,987.42,987.42,0
Thursday,01 Aug 2024 3:00,"2,022",902.1,0
Thursday,01 Aug 2024 4:00,906.59,906.59,0
Thursday,01 Aug 2024 5:00,965.26,965.26,0
Thursday,01 Aug 2024 6:00,"1,252","1,252",0
Thursday,01 Aug 2024 7:00,"1,671","1,671",0
Thursday,01 Aug 2024 8:00,"2,001","2,001",0
Thursday,01 Aug 2024 9:00,"2,291","2,291",0
Thursday,01 Aug 2024 10:00,"2,381","2,381",0
Thursday,01 Aug 2024 11:00,"2,334","2,334",0
Thursday,01 Aug 2024 12:00,"2,534","2,534",0
Thursday,01 Aug 2024 13:00,"1,773","1,773",0
Thursday,01 Aug 2024 14:00,"1,550","1,550",0
Thursday,01 Aug 2024 15:00,"2,303","2,303",0
Thursday,01 Aug 2024 16:00,"2,282","2,282",0
Thursday,01 Aug 2024 17:00,"2,426","2,426",0
Thursday,01 Aug 2024 18:00,"1,832","1,832",0
Thursday,01 Aug 2024 19:00,"1,698","1,698",0
Thursday,01 Aug 2024 20:00,"1,350","1,350",0
Thursday,01 Aug 2024 21:00,"1,119","1,119",0
Thursday,01 Aug 2024 22:00,918.09,918.09,0
Thursday,01 Aug 2024 23:00,574.47,693.63,0
Friday,02 Aug 2024 0:00,425.11,425.11,0
Friday,02 Aug 2024 1:00,341.15,341.15,0
Friday,02 Aug 2024 2:00,326.4,326.4,0
Friday,02 Aug 2024 3:00,726.82,326.2,0
Friday,02 Aug 2024 4:00,323.91,323.91,0
Friday,02 Aug 2024 5:00,326.03,326.03,0
Friday,02 Aug 2024 6:00,330.51,330.51,0
Friday,02 Aug 2024 7:00,823.73,823.73,0
Friday,02 Aug 2024 8:00,"1,702","1,702",0
Friday,02 Aug 2024 9:00,"2,115","2,115",0
Friday,02 Aug 2024 10:00,"2,224","2,224",0
Friday,02 Aug 2024 11:00,"2,327","2,327",0
Friday,02 Aug 2024 12:00,"2,294","2,294",0
Friday,02 Aug 2024 13:00,"2,201","2,201",0
Friday,02 Aug 2024 14:00,"2,338","2,338",0
Friday,02 Aug 2024 15:00,"2,434","2,434",0
Friday,02 Aug 2024 16:00,"2,825","2,825",0
Friday,02 Aug 2024 17:00,"2,824","2,824",0
Friday,02 Aug 2024 18:00,"2,145","2,145",0
Friday,02 Aug 2024 19:00,"1,617","1,617",0
Friday,02 Aug 2024 20:00,"1,346","1,346",0
Friday,02 Aug 2024 21:00,"1,299","1,299",0
Friday,02 Aug 2024 22:00,"1,082","1,082",0
Friday,02 Aug 2024 23:00,954.85,"1,198",0
Saturday,03 Aug 2024 0:00,768.71,768.71,0
Saturday,03 Aug 2024 1:00,957.92,957.92,0
Saturday,03 Aug 2024 2:00,"1,244","1,244",0
Saturday,03 Aug 2024 3:00,"2,966","1,309",0
Saturday,03 Aug 2024 4:00,"1,060","1,060",0
Saturday,03 Aug 2024 5:00,"1,000","1,000",0
Saturday,03 Aug 2024 6:00,"1,231","1,231",0
Saturday,03 Aug 2024 7:00,"1,531","1,531",0
Saturday,03 Aug 2024 8:00,"1,729","1,729",0
Saturday,03 Aug 2024 9:00,"2,242","2,242",0
Saturday,03 Aug 2024 10:00,"2,116","2,116",0
Saturday,03 Aug 2024 11:00,"1,838","1,838",0
Saturday,03 Aug 2024 12:00,"1,903","1,903",0
Saturday,03 Aug 2024 13:00,"1,808","1,808",0
Saturday,03 Aug 2024 14:00,"1,966","1,966",0
Saturday,03 Aug 2024 15:00,"2,098","2,098",0
Saturday,03 Aug 2024 16:00,"2,273","2,273",0
Saturday,03 Aug 2024 17:00,"2,279","2,279",0
Saturday,03 Aug 2024 18:00,"2,009","2,009",0
Saturday,03 Aug 2024 19:00,"1,868","1,868",0
Saturday,03 Aug 2024 20:00,"1,625","1,625",0
Saturday,03 Aug 2024 21:00,"1,332","1,332",0
Saturday,03 Aug 2024 22:00,"1,237","1,237",0
Saturday,03 Aug 2024 23:00,"1,061","1,345",0
Sunday,04 Aug 2024 0:00,"1,062","1,062",0
Sunday,04 Aug 2024 1:00,"1,080","1,080",0
Sunday,04 Aug 2024 2:00,949.7,949.7,0
Sunday,04 Aug 2024 3:00,"1,844",834.63,0
Sunday,04 Aug 2024 4:00,783.3,783.3,0
Sunday,04 Aug 2024 5:00,607.43,607.43,0
Sunday,04 Aug 2024 6:00,595.3,595.3,0
Sunday,04 Aug 2024 7:00,758.87,758.87,0
Sunday,04 Aug 2024 8:00,"1,069","1,069",0
Sunday,04 Aug 2024 9:00,"1,227","1,227",0
Sunday,04 Aug 2024 10:00,"1,408","1,408",0
Sunday,04 Aug 2024 11:00,"1,560","1,560",0
Sunday,04 Aug 2024 12:00,"1,449","1,449",0
Sunday,04 Aug 2024 13:00,"1,562","1,562",0
Sunday,04 Aug 2024 14:00,922.19,922.19,0
Sunday,04 Aug 2024 15:00,348.91,348.91,0
Sunday,04 Aug 2024 16:00,432.56,432.56,0
Sunday,04 Aug 2024 17:00,532.64,532.64,0
Sunday,04 Aug 2024 18:00,382.83,382.83,0
Sunday,04 Aug 2024 19:00,378.21,378.21,0
Sunday,04 Aug 2024 20:00,329.28,329.28,0
Sunday,04 Aug 2024 21:00,353.44,353.44,0
Sunday,04 Aug 2024 22:00,354.84,354.84,0
Sunday,04 Aug 2024 23:00,416.07,547.6,0
Monday,05 Aug 2024 0:00,380.68,380.68,0
Monday,05 Aug 2024 1:00,353.7,353.7,0
Monday,05 Aug 2024 2:00,330.94,330.94,0
Monday,05 Aug 2024 3:00,726.44,322.07,0
Monday,05 Aug 2024 4:00,317.35,317.35,0
Monday,05 Aug 2024 5:00,317.73,317.73,0
Monday,05 Aug 2024 6:00,352.16,352.16,0
Monday,05 Aug 2024 7:00,922.95,922.95,0
Monday,05 Aug 2024 8:00,"1,734","1,734",0
Monday,05 Aug 2024 9:00,"2,048","2,048",0
Monday,05 Aug 2024 10:00,"1,875","1,875",0
Monday,05 Aug 2024 11:00,"2,156","2,156",0
Monday,05 Aug 2024 12:00,"2,015","2,015",0
Monday,05 Aug 2024 13:00,"1,959","1,959",0
Monday,05 Aug 2024 14:00,"1,976","1,976",0
Monday,05 Aug 2024 15:00,"2,072","2,072",0
Monday,05 Aug 2024 16:00,"2,018","2,018",0
Monday,05 Aug 2024 17:00,"1,676","1,676",0
Monday,05 Aug 2024 18:00,"1,358","1,358",0
Monday,05 Aug 2024 19:00,805.43,805.43,0
Monday,05 Aug 2024 20:00,789.39,789.39,0
Monday,05 Aug 2024 21:00,622,622,0
Monday,05 Aug 2024 22:00,572.09,572.09,0
Monday,05 Aug 2024 23:00,440.75,538.42,0
Tuesday,06 Aug 2024 0:00,379.15,379.15,0
Tuesday,06 Aug 2024 1:00,334.73,334.73,0
Tuesday,06 Aug 2024 2:00,327.24,327.24,0
Tuesday,06 Aug 2024 3:00,"1,037",405.03,0
Tuesday,06 Aug 2024 4:00,350.27,350.27,0
Tuesday,06 Aug 2024 5:00,329.64,329.64,0
Tuesday,06 Aug 2024 6:00,499.3,499.3,0
Tuesday,06 Aug 2024 7:00,325.64,325.64,0
Tuesday,06 Aug 2024 8:00,407.15,407.15,0
Tuesday,06 Aug 2024 9:00,325.75,325.75,0
Tuesday,06 Aug 2024 10:00,399.58,399.58,0
Tuesday,06 Aug 2024 11:00,331.06,331.06,0
Tuesday,06 Aug 2024 12:00,320.9,320.9,0
Tuesday,06 Aug 2024 13:00,225.5,225.5,0
Tuesday,06 Aug 2024 14:00,0,0,0
Tuesday,06 Aug 2024 15:00,0,0,0
Tuesday,06 Aug 2024 16:00,0,0,0
Tuesday,06 Aug 2024 17:00,0,0,0
Tuesday,06 Aug 2024 18:00,0,0,0
Tuesday,06 Aug 2024 19:00,0,0,0
Tuesday,06 Aug 2024 20:00,0,0,0
Tuesday,06 Aug 2024 21:00,0,0,0
Tuesday,06 Aug 2024 22:00,0,0,0
Tuesday,06 Aug 2024 23:00,0,0,0
Wednesday,07 Aug 2024 0:00,0,0,0
Wednesday,07 Aug 2024 1:00,0,0,0
Wednesday,07 Aug 2024 2:00,0,0,0
Wednesday,07 Aug 2024 3:00,0,0,0
Wednesday,07 Aug 2024 4:00,0,0,0
Wednesday,07 Aug 2024 5:00,0,0,0
Wednesday,07 Aug 2024 6:00,0,0,0
Wednesday,07 Aug 2024 7:00,0,0,0
Wednesday,07 Aug 2024 8:00,0,0,0
Wednesday,07 Aug 2024 9:00,0,0,0
Wednesday,07 Aug 2024 10:00,254.44,254.44,0
Wednesday,07 Aug 2024 11:00,368.11,368.11,0
Wednesday,07 Aug 2024 12:00,504.35,504.35,0
Wednesday,07 Aug 2024 13:00,359.45,359.45,0
Wednesday,07 Aug 2024 14:00,313.23,313.23,0
Wednesday,07 Aug 2024 15:00,322.06,322.06,0
Wednesday,07 Aug 2024 16:00,317.5,317.5,0
Wednesday,07 Aug 2024 17:00,322.87,322.87,0
Wednesday,07 Aug 2024 18:00,319.76,319.76,0
Wednesday,07 Aug 2024 19:00,325.95,325.95,0
Wednesday,07 Aug 2024 20:00,326.27,326.27,0
Wednesday,07 Aug 2024 21:00,327.89,327.89,0
Wednesday,07 Aug 2024 22:00,334.41,334.41,0
Wednesday,07 Aug 2024 23:00,332.42,418.04,0
Thursday,08 Aug 2024 0:00,331.43,331.43,0
Thursday,08 Aug 2024 1:00,332,332,0
Thursday,08 Aug 2024 2:00,324.43,324.43,0
Thursday,08 Aug 2024 3:00,736.31,323.88,0
Thursday,08 Aug 2024 4:00,324,324,0
Thursday,08 Aug 2024 5:00,322.27,322.27,0
Thursday,08 Aug 2024 6:00,317.5,317.5,0
Thursday,08 Aug 2024 7:00,323.31,323.31,0
Thursday,08 Aug 2024 8:00,494.16,494.16,0
Thursday,08 Aug 2024 9:00,318.21,318.21,0
Thursday,08 Aug 2024 10:00,326.45,326.45,0
Thursday,08 Aug 2024 11:00,380.33,380.33,0
Thursday,08 Aug 2024 12:00,353.94,353.94,0
Thursday,08 Aug 2024 13:00,321.54,321.54,0
Thursday,08 Aug 2024 14:00,346.92,346.92,0
Thursday,08 Aug 2024 15:00,316.13,316.13,0
Thursday,08 Aug 2024 16:00,322.99,322.99,0
Thursday,08 Aug 2024 17:00,322.3,322.3,0
Thursday,08 Aug 2024 18:00,321.24,321.24,0
Thursday,08 Aug 2024 19:00,318.51,318.51,0
Thursday,08 Aug 2024 20:00,324.22,324.22,0
Thursday,08 Aug 2024 21:00,327.89,327.89,0
Thursday,08 Aug 2024 22:00,331.93,331.93,0
Thursday,08 Aug 2024 23:00,337.37,425.97,0
Friday,09 Aug 2024 0:00,335.56,335.56,0
Friday,09 Aug 2024 1:00,338.12,338.12,0
Friday,09 Aug 2024 2:00,331.02,331.02,0
Friday,09 Aug 2024 3:00,717.09,316.12,0
Friday,09 Aug 2024 4:00,319.38,319.38,0
Friday,09 Aug 2024 5:00,319.98,319.98,0
Friday,09 Aug 2024 6:00,319.98,319.98,0
Friday,09 Aug 2024 7:00,334.05,334.05,0
Friday,09 Aug 2024 8:00,375.73,375.73,0
Friday,09 Aug 2024 9:00,332.82,332.82,0
Friday,09 Aug 2024 10:00,693.4,693.4,0
Friday,09 Aug 2024 11:00,"1,357","1,357",0
Friday,09 Aug 2024 12:00,"2,109","2,109",0
Friday,09 Aug 2024 13:00,"2,540","2,540",0
Friday,09 Aug 2024 14:00,"2,331","2,331",0
Friday,09 Aug 2024 15:00,"2,352","2,352",0
Friday,09 Aug 2024 16:00,"2,659","2,659",0
Friday,09 Aug 2024 17:00,"2,319","2,319",0
Friday,09 Aug 2024 18:00,"2,194","2,194",0
Friday,09 Aug 2024 19:00,"1,768","1,768",0
Friday,09 Aug 2024 20:00,"1,793","1,793",0
Friday,09 Aug 2024 21:00,"1,787","1,787",0
Friday,09 Aug 2024 22:00,"1,671","1,671",0
Friday,09 Aug 2024 23:00,"1,480","1,838",0
Saturday,10 Aug 2024 0:00,"1,371","1,371",0
Saturday,10 Aug 2024 1:00,"1,473","1,473",0
Saturday,10 Aug 2024 2:00,"1,783","1,783",0
Saturday,10 Aug 2024 3:00,"2,662","1,284",0
Saturday,10 Aug 2024 4:00,964.7,964.7,0
Saturday,10 Aug 2024 5:00,"1,013","1,013",0
Saturday,10 Aug 2024 6:00,949.52,949.52,0
Saturday,10 Aug 2024 7:00,992.54,992.54,0
Saturday,10 Aug 2024 8:00,"1,485","1,485",0
Saturday,10 Aug 2024 9:00,"1,783","1,783",0
Saturday,10 Aug 2024 10:00,"1,690","1,690",0
Saturday,10 Aug 2024 11:00,"1,593","1,593",0
Saturday,10 Aug 2024 12:00,"1,319","1,319",0
Saturday,10 Aug 2024 13:00,"1,315","1,315",0
Saturday,10 Aug 2024 14:00,"1,398","1,398",0
Saturday,10 Aug 2024 15:00,"1,017","1,017",0
Saturday,10 Aug 2024 16:00,538.95,538.95,0
Saturday,10 Aug 2024 17:00,343.62,343.62,0
Saturday,10 Aug 2024 18:00,339.66,339.66,0
Saturday,10 Aug 2024 19:00,329.98,329.98,0
Saturday,10 Aug 2024 20:00,322.04,322.04,0
Saturday,10 Aug 2024 21:00,319.54,319.54,0
Saturday,10 Aug 2024 22:00,323.9,323.9,0
Saturday,10 Aug 2024 23:00,323.3,403.19,0
Sunday,11 Aug 2024 0:00,331.97,331.97,0
Sunday,11 Aug 2024 1:00,330.94,330.94,0
Sunday,11 Aug 2024 2:00,319.85,319.85,0
Sunday,11 Aug 2024 3:00,726.12,319.96,0
Sunday,11 Aug 2024 4:00,318.67,318.67,0
Sunday,11 Aug 2024 5:00,318.55,318.55,0
Sunday,11 Aug 2024 6:00,318.96,318.96,0
Sunday,11 Aug 2024 7:00,321.26,321.26,0
Sunday,11 Aug 2024 8:00,314.01,314.01,0
Sunday,11 Aug 2024 9:00,321.88,321.88,0
Sunday,11 Aug 2024 10:00,316.36,316.36,0
Sunday,11 Aug 2024 11:00,338.68,338.68,0
Sunday,11 Aug 2024 12:00,347.58,347.58,0
Sunday,11 Aug 2024 13:00,365.12,365.12,0
Sunday,11 Aug 2024 14:00,337.68,337.68,0
Sunday,11 Aug 2024 15:00,333.87,333.87,0
Sunday,11 Aug 2024 16:00,371.37,371.37,0
Sunday,11 Aug 2024 17:00,341.99,341.99,0
Sunday,11 Aug 2024 18:00,319.28,319.28,0
Sunday,11 Aug 2024 19:00,317.19,317.19,0
Sunday,11 Aug 2024 20:00,321.33,321.33,0
Sunday,11 Aug 2024 21:00,334.72,334.72,0
Sunday,11 Aug 2024 22:00,341.53,341.53,0
Sunday,11 Aug 2024 23:00,327.23,409,0
Monday,12 Aug 2024 0:00,326.74,326.74,0
Monday,12 Aug 2024 1:00,330.41,330.41,0
Monday,12 Aug 2024 2:00,331.96,331.96,0
Monday,12 Aug 2024 3:00,718.42,317.28,0
Monday,12 Aug 2024 4:00,321.84,321.84,0
Monday,12 Aug 2024 5:00,320.59,320.59,0
Monday,12 Aug 2024 6:00,320,320,0
Monday,12 Aug 2024 7:00,325.88,325.88,0
Monday,12 Aug 2024 8:00,335.69,335.69,0
Monday,12 Aug 2024 9:00,328.57,328.57,0
Monday,12 Aug 2024 10:00,325.65,325.65,0
Monday,12 Aug 2024 11:00,407.54,407.54,0
Monday,12 Aug 2024 12:00,404.5,404.5,0
Monday,12 Aug 2024 13:00,351.52,351.52,0
Monday,12 Aug 2024 14:00,330.67,330.67,0
Monday,12 Aug 2024 15:00,317.16,317.16,0
Monday,12 Aug 2024 16:00,334.29,334.29,0
Monday,12 Aug 2024 17:00,382.98,382.98,0
Monday,12 Aug 2024 18:00,316.12,316.12,0
Monday,12 Aug 2024 19:00,323.88,323.88,0
Monday,12 Aug 2024 20:00,323.65,323.65,0
Monday,12 Aug 2024 21:00,325.88,325.88,0
Monday,12 Aug 2024 22:00,331.1,331.1,0
Monday,12 Aug 2024 23:00,333.37,414.11,0
Tuesday,13 Aug 2024 0:00,331.12,331.12,0
Tuesday,13 Aug 2024 1:00,328.39,328.39,0
Tuesday,13 Aug 2024 2:00,322.63,322.63,0
Tuesday,13 Aug 2024 3:00,692.3,314.65,0
Tuesday,13 Aug 2024 4:00,320.49,320.49,0
Tuesday,13 Aug 2024 5:00,319.13,319.13,0
Tuesday,13 Aug 2024 6:00,324.03,324.03,0
Tuesday,13 Aug 2024 7:00,321.75,321.75,0
Tuesday,13 Aug 2024 8:00,342.29,342.29,0
Tuesday,13 Aug 2024 9:00,369.2,369.2,0
Tuesday,13 Aug 2024 10:00,439.09,439.09,0
Tuesday,13 Aug 2024 11:00,552.3,552.3,0
Tuesday,13 Aug 2024 12:00,375.61,375.61,0
Tuesday,13 Aug 2024 13:00,460.32,460.32,0
Tuesday,13 Aug 2024 14:00,518.72,518.72,0
Tuesday,13 Aug 2024 15:00,534.81,534.81,0
Tuesday,13 Aug 2024 16:00,843.25,843.25,0
Tuesday,13 Aug 2024 17:00,524.63,524.63,0
Tuesday,13 Aug 2024 18:00,322.1,322.1,0
Tuesday,13 Aug 2024 19:00,349.09,349.09,0
Tuesday,13 Aug 2024 20:00,347.3,347.3,0
Tuesday,13 Aug 2024 21:00,341.89,341.89,0
Tuesday,13 Aug 2024 22:00,331.1,331.1,0
Tuesday,13 Aug 2024 23:00,322.75,401.13,0
Wednesday,14 Aug 2024 0:00,327.08,327.08,0
Wednesday,14 Aug 2024 1:00,326.33,326.33,0
Wednesday,14 Aug 2024 2:00,332.96,332.96,0
Wednesday,14 Aug 2024 3:00,737.35,328.26,0
Wednesday,14 Aug 2024 4:00,324.39,324.39,0
Wednesday,14 Aug 2024 5:00,320.71,320.71,0
Wednesday,14 Aug 2024 6:00,328.37,328.37,0
Wednesday,14 Aug 2024 7:00,200.34,244.2,0
Wednesday,14 Aug 2024 8:00,43.86,0,0
Wednesday,14 Aug 2024 9:00,0,0,0
Wednesday,14 Aug 2024 10:00,0,0,0
Wednesday,14 Aug 2024 11:00,0,0,0
Wednesday,14 Aug 2024 12:00,0,0,0
Wednesday,14 Aug 2024 13:00,0,0,0
Wednesday,14 Aug 2024 14:00,0,0,0
Wednesday,14 Aug 2024 15:00,0,0,0
Wednesday,14 Aug 2024 16:00,0,0,0
Wednesday,14 Aug 2024 17:00,242.32,242.32,0
Wednesday,14 Aug 2024 18:00,316.78,316.78,0
Wednesday,14 Aug 2024 19:00,450.96,450.96,0
Wednesday,14 Aug 2024 20:00,338.47,338.47,0
Wednesday,14 Aug 2024 21:00,339.17,339.17,0
Wednesday,14 Aug 2024 22:00,321.05,321.05,0
Wednesday,14 Aug 2024 23:00,318.69,400.56,0
Thursday,15 Aug 2024 0:00,313.31,313.31,0
Thursday,15 Aug 2024 1:00,323.58,323.58,0
Thursday,15 Aug 2024 2:00,316.79,316.79,0
Thursday,15 Aug 2024 3:00,727.62,324.43,0
Thursday,15 Aug 2024 4:00,325.32,325.32,0
Thursday,15 Aug 2024 5:00,326.17,326.17,0
Thursday,15 Aug 2024 6:00,315.04,315.04,0
Thursday,15 Aug 2024 7:00,309.27,309.27,0
Thursday,15 Aug 2024 8:00,509.08,509.08,0
Thursday,15 Aug 2024 9:00,408.53,408.53,0
Thursday,15 Aug 2024 10:00,583.42,583.42,0
Thursday,15 Aug 2024 11:00,711.95,711.95,0
Thursday,15 Aug 2024 12:00,821.9,821.9,0
Thursday,15 Aug 2024 13:00,968.66,968.66,0
Thursday,15 Aug 2024 14:00,"1,144","1,144",0
Thursday,15 Aug 2024 15:00,528.85,528.85,0
Thursday,15 Aug 2024 16:00,315.45,315.45,0
Thursday,15 Aug 2024 17:00,315.24,315.24,0
Thursday,15 Aug 2024 18:00,316.07,316.07,0
Thursday,15 Aug 2024 19:00,332.79,332.79,0
Thursday,15 Aug 2024 20:00,328.07,328.07,0
Thursday,15 Aug 2024 21:00,326.19,326.19,0
Thursday,15 Aug 2024 22:00,328.48,328.48,0
Thursday,15 Aug 2024 23:00,331.95,415.64,0
Friday,16 Aug 2024 0:00,325.74,325.74,0
Friday,16 Aug 2024 1:00,318.16,318.16,0
Friday,16 Aug 2024 2:00,319.85,319.85,0
Friday,16 Aug 2024 3:00,771.48,325.37,0
Friday,16 Aug 2024 4:00,325.11,325.11,0
Friday,16 Aug 2024 5:00,318.06,318.06,0
Friday,16 Aug 2024 6:00,319.8,319.8,0
Friday,16 Aug 2024 7:00,329.07,329.07,0
Friday,16 Aug 2024 8:00,330.29,330.29,0
Friday,16 Aug 2024 9:00,332.81,332.81,0
Friday,16 Aug 2024 10:00,332.17,332.17,0
Friday,16 Aug 2024 11:00,333.39,333.39,0
Friday,16 Aug 2024 12:00,331.24,331.24,0
Friday,16 Aug 2024 13:00,312.86,312.86,0
Friday,16 Aug 2024 14:00,361.03,361.03,0
Friday,16 Aug 2024 15:00,331.78,331.78,0
Friday,16 Aug 2024 16:00,377.36,377.36,0
Friday,16 Aug 2024 17:00,383.29,383.29,0
Friday,16 Aug 2024 18:00,327.32,327.32,0
Friday,16 Aug 2024 19:00,325.34,325.34,0
Friday,16 Aug 2024 20:00,319.09,319.09,0
Friday,16 Aug 2024 21:00,313.45,313.45,0
Friday,16 Aug 2024 22:00,319.79,319.79,0
Friday,16 Aug 2024 23:00,314.76,391.18,0
Saturday,17 Aug 2024 0:00,326.38,326.38,0
Saturday,17 Aug 2024 1:00,323.65,323.65,0
Saturday,17 Aug 2024 2:00,326.56,326.56,0
Saturday,17 Aug 2024 3:00,727.8,321.05,0
Saturday,17 Aug 2024 4:00,315.83,315.83,0
Saturday,17 Aug 2024 5:00,307.86,307.86,0
Saturday,17 Aug 2024 6:00,317.47,317.47,0
Saturday,17 Aug 2024 7:00,318.81,318.81,0
Saturday,17 Aug 2024 8:00,324.46,324.46,0
Saturday,17 Aug 2024 9:00,326.69,326.69,0
Saturday,17 Aug 2024 10:00,315.93,315.93,0
Saturday,17 Aug 2024 11:00,331.38,331.38,0
Saturday,17 Aug 2024 12:00,413.22,413.22,0
Saturday,17 Aug 2024 13:00,366.49,366.49,0
Saturday,17 Aug 2024 14:00,319.91,319.91,0
Saturday,17 Aug 2024 15:00,321.45,321.45,0
Saturday,17 Aug 2024 16:00,402.19,402.19,0
Saturday,17 Aug 2024 17:00,334.35,334.35,0
Saturday,17 Aug 2024 18:00,343.46,343.46,0
Saturday,17 Aug 2024 19:00,329.01,329.01,0
Saturday,17 Aug 2024 20:00,321.74,321.74,0
Saturday,17 Aug 2024 21:00,326.62,326.62,0
Saturday,17 Aug 2024 22:00,325.96,325.96,0
Saturday,17 Aug 2024 23:00,317.49,396.68,0
Sunday,18 Aug 2024 0:00,318.99,318.99,0
Sunday,18 Aug 2024 1:00,317.71,317.71,0
Sunday,18 Aug 2024 2:00,320.9,320.9,0
Sunday,18 Aug 2024 3:00,738.73,327.34,0
Sunday,18 Aug 2024 4:00,322.92,322.92,0
Sunday,18 Aug 2024 5:00,316.1,316.1,0
Sunday,18 Aug 2024 6:00,324.86,324.86,0
Sunday,18 Aug 2024 7:00,307.01,307.01,0
Sunday,18 Aug 2024 8:00,319.98,319.98,0
Sunday,18 Aug 2024 9:00,311.7,311.7,0
Sunday,18 Aug 2024 10:00,320.21,320.21,0
Sunday,18 Aug 2024 11:00,323.08,323.08,0
Sunday,18 Aug 2024 12:00,325.3,325.3,0
Sunday,18 Aug 2024 13:00,317.75,317.75,0
Sunday,18 Aug 2024 14:00,334.42,334.42,0
Sunday,18 Aug 2024 15:00,491.02,491.02,0
Sunday,18 Aug 2024 16:00,785.86,785.86,0
Sunday,18 Aug 2024 17:00,702.17,702.17,0
Sunday,18 Aug 2024 18:00,542.09,542.09,0
Sunday,18 Aug 2024 19:00,672.9,672.9,0
Sunday,18 Aug 2024 20:00,524.74,524.74,0
Sunday,18 Aug 2024 21:00,571.29,571.29,0
Sunday,18 Aug 2024 22:00,552.93,552.93,0
Sunday,18 Aug 2024 23:00,534.59,657.47,0
Monday,19 Aug 2024 0:00,487.86,487.86,0
Monday,19 Aug 2024 1:00,710.2,710.2,0
Monday,19 Aug 2024 2:00,574.42,574.42,0
Monday,19 Aug 2024 3:00,"1,529",701.98,0
Monday,19 Aug 2024 4:00,545.78,545.78,0
Monday,19 Aug 2024 5:00,615.09,615.09,0
Monday,19 Aug 2024 6:00,388.8,388.8,0
Monday,19 Aug 2024 7:00,353.77,353.77,0
Monday,19 Aug 2024 8:00,444.89,444.89,0
Monday,19 Aug 2024 9:00,685.44,685.44,0
Monday,19 Aug 2024 10:00,730.51,730.51,0
Monday,19 Aug 2024 11:00,"1,181","1,181",0
Monday,19 Aug 2024 12:00,"1,552","1,552",0
Monday,19 Aug 2024 13:00,"1,511","1,511",0
Monday,19 Aug 2024 14:00,"1,592","1,592",0
Monday,19 Aug 2024 15:00,"1,551","1,551",0
Monday,19 Aug 2024 16:00,"1,875","1,875",0
Monday,19 Aug 2024 17:00,"2,026","2,026",0
Monday,19 Aug 2024 18:00,"1,621","1,621",0
Monday,19 Aug 2024 19:00,"1,230","1,230",0
Monday,19 Aug 2024 20:00,866.07,866.07,0
Monday,19 Aug 2024 21:00,371.13,371.13,0
Monday,19 Aug 2024 22:00,364.3,364.3,0
Monday,19 Aug 2024 23:00,326.25,410.24,0
Tuesday,20 Aug 2024 0:00,341.39,341.39,0
Tuesday,20 Aug 2024 1:00,331.08,331.08,0
Tuesday,20 Aug 2024 2:00,329.89,329.89,0
Tuesday,20 Aug 2024 3:00,721.57,318.38,0
Tuesday,20 Aug 2024 4:00,316.07,316.07,0
Tuesday,20 Aug 2024 5:00,313.83,313.83,0
Tuesday,20 Aug 2024 6:00,318.56,318.56,0
Tuesday,20 Aug 2024 7:00,309.02,309.02,0
Tuesday,20 Aug 2024 8:00,317.16,317.16,0
Tuesday,20 Aug 2024 9:00,325.35,325.35,0
Tuesday,20 Aug 2024 10:00,360.55,360.55,0
Tuesday,20 Aug 2024 11:00,328.92,328.92,0
Tuesday,20 Aug 2024 12:00,321.47,321.47,0
Tuesday,20 Aug 2024 13:00,322.42,322.42,0
Tuesday,20 Aug 2024 14:00,323.94,323.94,0
Tuesday,20 Aug 2024 15:00,326.75,326.75,0
Tuesday,20 Aug 2024 16:00,313.95,313.95,0
Tuesday,20 Aug 2024 17:00,314.89,314.89,0
Tuesday,20 Aug 2024 18:00,323.27,323.27,0
Tuesday,20 Aug 2024 19:00,320.77,320.77,0
Tuesday,20 Aug 2024 20:00,326.69,326.69,0
Tuesday,20 Aug 2024 21:00,322.92,322.92,0
Tuesday,20 Aug 2024 22:00,317.84,317.84,0
Tuesday,20 Aug 2024 23:00,323.09,402.21,0
Wednesday,21 Aug 2024 0:00,315.87,315.87,0
Wednesday,21 Aug 2024 1:00,325.09,325.09,0
Wednesday,21 Aug 2024 2:00,322.77,322.77,0
Wednesday,21 Aug 2024 3:00,719.63,320.75,0
Wednesday,21 Aug 2024 4:00,320.22,320.22,0
Wednesday,21 Aug 2024 5:00,331.38,331.38,0
Wednesday,21 Aug 2024 6:00,316.95,316.95,0
Wednesday,21 Aug 2024 7:00,315.65,315.65,0
Wednesday,21 Aug 2024 8:00,326.77,326.77,0
Wednesday,21 Aug 2024 9:00,348.9,348.9,0
Wednesday,21 Aug 2024 10:00,354.03,354.03,0
Wednesday,21 Aug 2024 11:00,316.36,316.36,0
Wednesday,21 Aug 2024 12:00,316.31,316.31,0
Wednesday,21 Aug 2024 13:00,355.11,355.11,0
Wednesday,21 Aug 2024 14:00,321.67,321.67,0
Wednesday,21 Aug 2024 15:00,318.37,318.37,0
Wednesday,21 Aug 2024 16:00,316.64,316.64,0
Wednesday,21 Aug 2024 17:00,320.88,320.88,0
Wednesday,21 Aug 2024 18:00,324.2,324.2,0
Wednesday,21 Aug 2024 19:00,327.53,327.53,0
Wednesday,21 Aug 2024 20:00,324.36,324.36,0
Wednesday,21 Aug 2024 21:00,321.53,321.53,0
Wednesday,21 Aug 2024 22:00,328.21,328.21,0
Wednesday,21 Aug 2024 23:00,331.6,412.84,0
Thursday,22 Aug 2024 0:00,318.66,318.66,0
Thursday,22 Aug 2024 1:00,323.17,323.17,0
Thursday,22 Aug 2024 2:00,319.64,319.64,0
Thursday,22 Aug 2024 3:00,709.44,318.37,0
Thursday,22 Aug 2024 4:00,315.35,315.35,0
Thursday,22 Aug 2024 5:00,313.42,313.42,0
Thursday,22 Aug 2024 6:00,320.23,320.23,0
Thursday,22 Aug 2024 7:00,314.09,314.09,0
Thursday,22 Aug 2024 8:00,314.24,314.24,0
Thursday,22 Aug 2024 9:00,323.09,323.09,0
Thursday,22 Aug 2024 10:00,329.36,329.36,0
Thursday,22 Aug 2024 11:00,326.19,326.19,0
Thursday,22 Aug 2024 12:00,320.03,320.03,0
Thursday,22 Aug 2024 13:00,323.52,323.52,0
Thursday,22 Aug 2024 14:00,410.63,410.63,0
Thursday,22 Aug 2024 15:00,402.51,402.51,0
Thursday,22 Aug 2024 16:00,364.21,364.21,0
Thursday,22 Aug 2024 17:00,344.8,344.8,0
Thursday,22 Aug 2024 18:00,325.18,325.18,0
Thursday,22 Aug 2024 19:00,320.48,320.48,0
Thursday,22 Aug 2024 20:00,320.12,320.12,0
Thursday,22 Aug 2024 21:00,325.27,325.27,0
Thursday,22 Aug 2024 22:00,327.83,327.83,0
Thursday,22 Aug 2024 23:00,325.43,406.46,0
Friday,23 Aug 2024 0:00,324.97,324.97,0
Friday,23 Aug 2024 1:00,317.11,317.11,0
Friday,23 Aug 2024 2:00,322.24,322.24,0
Friday,23 Aug 2024 3:00,736.2,327.52,0
Friday,23 Aug 2024 4:00,313.31,313.31,0
Friday,23 Aug 2024 5:00,312.41,312.41,0
Friday,23 Aug 2024 6:00,317.43,317.43,0
Friday,23 Aug 2024 7:00,318.47,318.47,0
Friday,23 Aug 2024 8:00,332.55,332.55,0
Friday,23 Aug 2024 9:00,350.61,350.61,0
Friday,23 Aug 2024 10:00,321.36,321.36,0
Friday,23 Aug 2024 11:00,327.18,327.18,0
Friday,23 Aug 2024 12:00,321.87,321.87,0
Friday,23 Aug 2024 13:00,321.09,321.09,0
Friday,23 Aug 2024 14:00,320.06,320.06,0
Friday,23 Aug 2024 15:00,325.71,325.71,0
Friday,23 Aug 2024 16:00,419.29,419.29,0
Friday,23 Aug 2024 17:00,346.57,346.57,0
Friday,23 Aug 2024 18:00,326.65,326.65,0
Friday,23 Aug 2024 19:00,322.32,322.32,0
Friday,23 Aug 2024 20:00,320.05,320.05,0
Friday,23 Aug 2024 21:00,318.18,318.18,0
Friday,23 Aug 2024 22:00,316.71,316.71,0
Friday,23 Aug 2024 23:00,327.33,407.15,0
Saturday,24 Aug 2024 0:00,326.11,326.11,0
Saturday,24 Aug 2024 1:00,320.53,320.53,0
Saturday,24 Aug 2024 2:00,322.91,322.91,0
Saturday,24 Aug 2024 3:00,722.99,320.11,0
Saturday,24 Aug 2024 4:00,320.98,320.98,0
Saturday,24 Aug 2024 5:00,313.44,313.44,0
Saturday,24 Aug 2024 6:00,324.8,324.8,0
Saturday,24 Aug 2024 7:00,316.87,316.87,0
Saturday,24 Aug 2024 8:00,329.83,329.83,0
Saturday,24 Aug 2024 9:00,326.67,326.67,0
Saturday,24 Aug 2024 10:00,375.92,375.92,0
Saturday,24 Aug 2024 11:00,409.51,409.51,0
Saturday,24 Aug 2024 12:00,435.66,435.66,0
Saturday,24 Aug 2024 13:00,318.74,318.74,0
Saturday,24 Aug 2024 14:00,331.81,331.81,0
Saturday,24 Aug 2024 15:00,319.68,319.68,0
Saturday,24 Aug 2024 16:00,348.74,348.74,0
Saturday,24 Aug 2024 17:00,379.14,379.14,0
Saturday,24 Aug 2024 18:00,321.03,321.03,0
Saturday,24 Aug 2024 19:00,322.74,322.74,0
Saturday,24 Aug 2024 20:00,327.48,327.48,0
Saturday,24 Aug 2024 21:00,323.68,323.68,0
Saturday,24 Aug 2024 22:00,326.1,326.1,0
Saturday,24 Aug 2024 23:00,317.91,397.21,0
Sunday,25 Aug 2024 0:00,327.6,327.6,0
Sunday,25 Aug 2024 1:00,324.99,324.99,0
Sunday,25 Aug 2024 2:00,331.73,331.73,0
Sunday,25 Aug 2024 3:00,730.76,328.11,0
Sunday,25 Aug 2024 4:00,321,321,0
Sunday,25 Aug 2024 5:00,317.84,317.84,0
Sunday,25 Aug 2024 6:00,318.7,318.7,0
Sunday,25 Aug 2024 7:00,320.96,320.96,0
Sunday,25 Aug 2024 8:00,426.97,426.97,0
Sunday,25 Aug 2024 9:00,647.61,647.61,0
Sunday,25 Aug 2024 10:00,744.43,744.43,0
Sunday,25 Aug 2024 11:00,648.82,648.82,0
Sunday,25 Aug 2024 12:00,764.39,764.39,0
Sunday,25 Aug 2024 13:00,520.92,520.92,0
Sunday,25 Aug 2024 14:00,540.72,540.72,0
Sunday,25 Aug 2024 15:00,611.93,611.93,0
Sunday,25 Aug 2024 16:00,648.31,648.31,0
Sunday,25 Aug 2024 17:00,770.64,770.64,0
Sunday,25 Aug 2024 18:00,572.16,572.16,0
Sunday,25 Aug 2024 19:00,451.34,451.34,0
Sunday,25 Aug 2024 20:00,362.49,362.49,0
Sunday,25 Aug 2024 21:00,328.63,328.63,0
Sunday,25 Aug 2024 22:00,320.25,320.25,0
Sunday,25 Aug 2024 23:00,242.55,321.1,0
Monday,26 Aug 2024 0:00,329.13,329.13,0
Monday,26 Aug 2024 1:00,322.1,322.1,0
Monday,26 Aug 2024 2:00,326.23,326.23,0
Monday,26 Aug 2024 3:00,735.55,332.11,0
Monday,26 Aug 2024 4:00,319.83,319.83,0
Monday,26 Aug 2024 5:00,323.2,323.2,0
Monday,26 Aug 2024 6:00,320.38,320.38,0
Monday,26 Aug 2024 7:00,426.42,426.42,0
Monday,26 Aug 2024 8:00,610.5,610.5,0
Monday,26 Aug 2024 9:00,407.22,407.22,0
Monday,26 Aug 2024 10:00,489.7,489.7,0
Monday,26 Aug 2024 11:00,441.83,441.83,0
Monday,26 Aug 2024 12:00,557.42,557.42,0
Monday,26 Aug 2024 13:00,494.97,494.97,0
Monday,26 Aug 2024 14:00,556.17,556.17,0
Monday,26 Aug 2024 15:00,493.48,493.48,0
Monday,26 Aug 2024 16:00,472.25,472.25,0
Monday,26 Aug 2024 17:00,426.51,426.51,0
Monday,26 Aug 2024 18:00,321.03,321.03,0
Monday,26 Aug 2024 19:00,329.33,329.33,0
Monday,26 Aug 2024 20:00,345.44,345.44,0
Monday,26 Aug 2024 21:00,"4,746","4,746",0
Monday,26 Aug 2024 22:00,"4,747","4,747",0
Monday,26 Aug 2024 23:00,"3,862","3,862",0
Tuesday,27 Aug 2024 0:00,"3,845","3,845",0
Tuesday,27 Aug 2024 1:00,"3,824","3,824",0
Tuesday,27 Aug 2024 2:00,"3,805","3,805",0
Tuesday,27 Aug 2024 3:00,"8,322","3,780",0
Tuesday,27 Aug 2024 4:00,"3,818","3,818",0
Tuesday,27 Aug 2024 5:00,"3,733","3,733",0
Tuesday,27 Aug 2024 6:00,"4,087","4,087",0
Tuesday,27 Aug 2024 7:00,"4,296","4,296",0
Tuesday,27 Aug 2024 8:00,"4,712","4,712",0
Tuesday,27 Aug 2024 9:00,"4,632","4,632",0
Tuesday,27 Aug 2024 10:00,"5,341","5,341",0
Tuesday,27 Aug 2024 11:00,"5,390","5,390",0
Tuesday,27 Aug 2024 12:00,"5,320","5,320",0
Tuesday,27 Aug 2024 13:00,"5,272","5,272",0
Tuesday,27 Aug 2024 14:00,"5,324","5,324",0
Tuesday,27 Aug 2024 15:00,"5,300","5,300",0
Tuesday,27 Aug 2024 16:00,"5,435","5,435",0
Tuesday,27 Aug 2024 17:00,"5,518","5,518",0
Tuesday,27 Aug 2024 18:00,"3,735","4,919",0
Tuesday,27 Aug 2024 19:00,"5,484","4,301",0
Tuesday,27 Aug 2024 20:00,"4,361","4,361",0
Tuesday,27 Aug 2024 21:00,"4,101","4,101",0
Tuesday,27 Aug 2024 22:00,"4,042","4,042",0
Tuesday,27 Aug 2024 23:00,"3,951","4,921",0
Wednesday,28 Aug 2024 0:00,"4,038","4,038",0
Wednesday,28 Aug 2024 1:00,"4,046","4,046",0
Wednesday,28 Aug 2024 2:00,"3,859","3,859",0
Wednesday,28 Aug 2024 3:00,"8,937","3,825",0
Wednesday,28 Aug 2024 4:00,"3,812","3,812",0
Wednesday,28 Aug 2024 5:00,"4,070","4,070",0
Wednesday,28 Aug 2024 6:00,"4,589","4,589",0
Wednesday,28 Aug 2024 7:00,"4,780","4,780",0
Wednesday,28 Aug 2024 8:00,"4,138","4,138",0
Wednesday,28 Aug 2024 9:00,"2,280","2,280",0
Wednesday,28 Aug 2024 10:00,"2,440","2,440",0
Wednesday,28 Aug 2024 11:00,"1,999","1,999",0
Wednesday,28 Aug 2024 12:00,"2,266","2,266",0
Wednesday,28 Aug 2024 13:00,"2,360","2,360",0
Wednesday,28 Aug 2024 14:00,"2,353","2,353",0
Wednesday,28 Aug 2024 15:00,"2,282","2,282",0
Wednesday,28 Aug 2024 16:00,"2,184","2,184",0
Wednesday,28 Aug 2024 17:00,"1,818","1,818",0
Wednesday,28 Aug 2024 18:00,"1,161","1,161",0
Wednesday,28 Aug 2024 19:00,422.92,422.92,0
Wednesday,28 Aug 2024 20:00,319.29,319.29,0
Wednesday,28 Aug 2024 21:00,311.37,311.37,0
Wednesday,28 Aug 2024 22:00,321.64,321.64,0
Wednesday,28 Aug 2024 23:00,319.33,397.61,0
Thursday,29 Aug 2024 0:00,329.98,329.98,0
Thursday,29 Aug 2024 1:00,322.98,322.98,0
Thursday,29 Aug 2024 2:00,316.69,316.69,0
Thursday,29 Aug 2024 3:00,700.78,315.05,0
Thursday,29 Aug 2024 4:00,316.87,316.87,0
Thursday,29 Aug 2024 5:00,314.65,314.65,0
Thursday,29 Aug 2024 6:00,319.5,319.5,0
Thursday,29 Aug 2024 7:00,321.46,321.46,0
Thursday,29 Aug 2024 8:00,329.46,329.46,0
Thursday,29 Aug 2024 9:00,326.52,326.52,0
Thursday,29 Aug 2024 10:00,322.88,322.88,0
Thursday,29 Aug 2024 11:00,323.13,323.13,0
Thursday,29 Aug 2024 12:00,323.45,323.45,0
Thursday,29 Aug 2024 13:00,324.93,324.93,0
Thursday,29 Aug 2024 14:00,306.45,306.45,0
Thursday,29 Aug 2024 15:00,398.25,398.25,0
Thursday,29 Aug 2024 16:00,344.38,344.38,0
Thursday,29 Aug 2024 17:00,316.55,316.55,0
Thursday,29 Aug 2024 18:00,325.46,325.46,0
Thursday,29 Aug 2024 19:00,324.13,324.13,0
Thursday,29 Aug 2024 20:00,321.52,321.52,0
Thursday,29 Aug 2024 21:00,315.81,315.81,0
Thursday,29 Aug 2024 22:00,316.66,316.66,0
Thursday,29 Aug 2024 23:00,322.65,322.65,0
Friday,30 Aug 2024 0:00,314.71,392.53,0
Friday,30 Aug 2024 1:00,323.42,323.42,0
Friday,30 Aug 2024 2:00,326,326,0
Friday,30 Aug 2024 3:00,697.19,314.79,0
Friday,30 Aug 2024 4:00,323.63,323.63,0
Friday,30 Aug 2024 5:00,313.24,313.24,0
Friday,30 Aug 2024 6:00,317.21,317.21,0
Friday,30 Aug 2024 7:00,318.42,318.42,0
Friday,30 Aug 2024 8:00,356.1,356.1,0
Friday,30 Aug 2024 9:00,338.57,338.57,0
Friday,30 Aug 2024 10:00,385.13,385.13,0
Friday,30 Aug 2024 11:00,316.11,316.11,0
Friday,30 Aug 2024 12:00,319.87,319.87,0
Friday,30 Aug 2024 13:00,316.11,316.11,0
Friday,30 Aug 2024 14:00,321.63,321.63,0
Friday,30 Aug 2024 15:00,317.51,317.51,0
Friday,30 Aug 2024 16:00,314.33,314.33,0
Friday,30 Aug 2024 17:00,316.22,316.22,0
Friday,30 Aug 2024 18:00,309.89,309.89,0
Friday,30 Aug 2024 19:00,314.77,314.77,0
Friday,30 Aug 2024 20:00,325.7,325.7,0
Friday,30 Aug 2024 21:00,329.71,329.71,0
Friday,30 Aug 2024 22:00,322.73,322.73,0
Friday,30 Aug 2024 23:00,327.34,412.69,0
Saturday,31 Aug 2024 0:00,321.82,321.82,0
Saturday,31 Aug 2024 1:00,312.13,312.13,0
Saturday,31 Aug 2024 2:00,316.04,316.04,0
Saturday,31 Aug 2024 3:00,746.74,325.38,0
Saturday,31 Aug 2024 4:00,315,315,0
Saturday,31 Aug 2024 5:00,314.75,314.75,0
Saturday,31 Aug 2024 6:00,326.65,326.65,0
Saturday,31 Aug 2024 7:00,320.65,320.65,0
Saturday,31 Aug 2024 8:00,322.46,322.46,0
Saturday,31 Aug 2024 9:00,312.95,312.95,0
Saturday,31 Aug 2024 10:00,373.54,373.54,0
Saturday,31 Aug 2024 11:00,311.19,311.19,0
Saturday,31 Aug 2024 12:00,322.74,322.74,0
Saturday,31 Aug 2024 13:00,331.07,331.07,0
Saturday,31 Aug 2024 14:00,322.16,322.16,0
Saturday,31 Aug 2024 15:00,332.84,332.84,0
Saturday,31 Aug 2024 16:00,330.78,330.78,0
Saturday,31 Aug 2024 17:00,322.55,322.55,0
Saturday,31 Aug 2024 18:00,316.35,316.35,0
Saturday,31 Aug 2024 19:00,317.56,317.56,0
Saturday,31 Aug 2024 20:00,321.53,321.53,0
Saturday,31 Aug 2024 21:00,321.49,321.49,0
Saturday,31 Aug 2024 22:00,320.32,320.32,0
Saturday,31 Aug 2024 23:00,333.59,427.1,0
Sunday,01 Sep 2024 0:00,334.42,334.42,0
Sunday,01 Sep 2024 1:00,332.14,332.14,0
Sunday,01 Sep 2024 2:00,329.04,329.04,0
Sunday,01 Sep 2024 3:00,726.1,323.58,0
Sunday,01 Sep 2024 4:00,321.21,321.21,0
Sunday,01 Sep 2024 5:00,318.86,318.86,0
Sunday,01 Sep 2024 6:00,321.12,321.12,0
Sunday,01 Sep 2024 7:00,318.61,318.61,0
Sunday,01 Sep 2024 8:00,333.26,333.26,0
Sunday,01 Sep 2024 9:00,482.68,482.68,0
Sunday,01 Sep 2024 10:00,838.37,838.37,0
Sunday,01 Sep 2024 11:00,917.44,917.44,0
Sunday,01 Sep 2024 12:00,640.72,640.72,0
Sunday,01 Sep 2024 13:00,976.98,976.98,0
Sunday,01 Sep 2024 14:00,930.47,930.47,0
Sunday,01 Sep 2024 15:00,"1,333","1,333",0
Sunday,01 Sep 2024 16:00,"1,441","1,441",0
Sunday,01 Sep 2024 17:00,"1,384","1,384",0
Sunday,01 Sep 2024 18:00,"1,024","1,024",0
Sunday,01 Sep 2024 19:00,774.9,774.9,0
Sunday,01 Sep 2024 20:00,765.78,765.78,0
Sunday,01 Sep 2024 21:00,555.21,555.21,0
Sunday,01 Sep 2024 22:00,479.47,479.47,0
Sunday,01 Sep 2024 23:00,320.81,403.87,0
Monday,02 Sep 2024 0:00,313.94,313.94,0
Monday,02 Sep 2024 1:00,320.72,320.72,0
Monday,02 Sep 2024 2:00,325.18,325.18,0
Monday,02 Sep 2024 3:00,715.99,325.75,0
Monday,02 Sep 2024 4:00,332.09,332.09,0
Monday,02 Sep 2024 5:00,321.58,321.58,0
Monday,02 Sep 2024 6:00,318.76,318.76,0
Monday,02 Sep 2024 7:00,311.56,311.56,0
Monday,02 Sep 2024 8:00,307.26,307.26,0
Monday,02 Sep 2024 9:00,313.38,313.38,0
Monday,02 Sep 2024 10:00,314.02,314.02,0
Monday,02 Sep 2024 11:00,319.04,319.04,0
Monday,02 Sep 2024 12:00,322.16,322.16,0
Monday,02 Sep 2024 13:00,320.09,320.09,0
Monday,02 Sep 2024 14:00,328.3,328.3,0
Monday,02 Sep 2024 15:00,315.63,315.63,0
Monday,02 Sep 2024 16:00,319.7,319.7,0
Monday,02 Sep 2024 17:00,310.17,310.17,0
Monday,02 Sep 2024 18:00,316.74,316.74,0
Monday,02 Sep 2024 19:00,314.62,314.62,0
Monday,02 Sep 2024 20:00,321.68,321.68,0
Monday,02 Sep 2024 21:00,312.27,312.27,0
Monday,02 Sep 2024 22:00,319.81,319.81,0
Monday,02 Sep 2024 23:00,318.87,401.25,0
Tuesday,03 Sep 2024 0:00,313.31,313.31,0
Tuesday,03 Sep 2024 1:00,317.1,317.1,0
Tuesday,03 Sep 2024 2:00,311.54,311.54,0
Tuesday,03 Sep 2024 3:00,711.78,316.63,0
Tuesday,03 Sep 2024 4:00,315.13,315.13,0
Tuesday,03 Sep 2024 5:00,320.82,320.82,0
Tuesday,03 Sep 2024 6:00,316.31,316.31,0
Tuesday,03 Sep 2024 7:00,320.64,320.64,0
Tuesday,03 Sep 2024 8:00,321.38,321.38,0
Tuesday,03 Sep 2024 9:00,311.45,311.45,0
Tuesday,03 Sep 2024 10:00,313.66,313.66,0
Tuesday,03 Sep 2024 11:00,313.01,313.01,0
Tuesday,03 Sep 2024 12:00,317.29,317.29,0
Tuesday,03 Sep 2024 13:00,348.28,348.28,0
Tuesday,03 Sep 2024 14:00,312.17,312.17,0
Tuesday,03 Sep 2024 15:00,316.93,316.93,0
Tuesday,03 Sep 2024 16:00,329.6,329.6,0
Tuesday,03 Sep 2024 17:00,324.11,324.11,0
Tuesday,03 Sep 2024 18:00,319.57,319.57,0
Tuesday,03 Sep 2024 19:00,312.77,312.77,0
Tuesday,03 Sep 2024 20:00,316.79,316.79,0
Tuesday,03 Sep 2024 21:00,318.34,318.34,0
Tuesday,03 Sep 2024 22:00,313.76,313.76,0
Tuesday,03 Sep 2024 23:00,328.13,411.39,0
Wednesday,04 Sep 2024 0:00,335.52,335.52,0
Wednesday,04 Sep 2024 1:00,332.8,332.8,0
Wednesday,04 Sep 2024 2:00,323.3,323.3,0
Wednesday,04 Sep 2024 3:00,711.35,321.12,0
Wednesday,04 Sep 2024 4:00,315,315,0
Wednesday,04 Sep 2024 5:00,315.04,315.04,0
Wednesday,04 Sep 2024 6:00,308.58,308.58,0
Wednesday,04 Sep 2024 7:00,312.66,312.66,0
Wednesday,04 Sep 2024 8:00,318.62,318.62,0
Wednesday,04 Sep 2024 9:00,348.5,348.5,0
Wednesday,04 Sep 2024 10:00,327.06,327.06,0
Wednesday,04 Sep 2024 11:00,333.88,333.88,0
Wednesday,04 Sep 2024 12:00,322.96,322.96,0
Wednesday,04 Sep 2024 13:00,429.86,429.86,0
Wednesday,04 Sep 2024 14:00,335.46,335.46,0
Wednesday,04 Sep 2024 15:00,342.09,342.09,0
Wednesday,04 Sep 2024 16:00,313.14,313.14,0
Wednesday,04 Sep 2024 17:00,326.86,326.86,0
Wednesday,04 Sep 2024 18:00,316.96,316.96,0
Wednesday,04 Sep 2024 19:00,322.39,322.39,0
Wednesday,04 Sep 2024 20:00,327.46,327.46,0
Wednesday,04 Sep 2024 21:00,326.84,326.84,0
Wednesday,04 Sep 2024 22:00,319.25,319.25,0
Wednesday,04 Sep 2024 23:00,326.72,409.32,0
Thursday,05 Sep 2024 0:00,322.91,322.91,0
Thursday,05 Sep 2024 1:00,327.01,327.01,0
Thursday,05 Sep 2024 2:00,317.61,317.61,0
Thursday,05 Sep 2024 3:00,736.24,323.46,0
Thursday,05 Sep 2024 4:00,323.59,323.59,0
Thursday,05 Sep 2024 5:00,323.23,323.23,0
Thursday,05 Sep 2024 6:00,325.06,325.06,0
Thursday,05 Sep 2024 7:00,320.37,320.37,0
Thursday,05 Sep 2024 8:00,312.51,312.51,0
Thursday,05 Sep 2024 9:00,326.71,326.71,0
Thursday,05 Sep 2024 10:00,350.04,350.04,0
Thursday,05 Sep 2024 11:00,380.26,380.26,0
Thursday,05 Sep 2024 12:00,319.23,319.23,0
Thursday,05 Sep 2024 13:00,347.07,347.07,0
Thursday,05 Sep 2024 14:00,324.74,324.74,0
Thursday,05 Sep 2024 15:00,318.68,318.68,0
Thursday,05 Sep 2024 16:00,319.84,319.84,0
Thursday,05 Sep 2024 17:00,311.99,311.99,0
Thursday,05 Sep 2024 18:00,321.76,321.76,0
Thursday,05 Sep 2024 19:00,310.5,310.5,0
Thursday,05 Sep 2024 20:00,324.26,324.26,0
Thursday,05 Sep 2024 21:00,328.14,328.14,0
Thursday,05 Sep 2024 22:00,327.9,327.9,0
Thursday,05 Sep 2024 23:00,324.9,405.06,0
Friday,06 Sep 2024 0:00,320.36,320.36,0
Friday,06 Sep 2024 1:00,320.73,320.73,0
Friday,06 Sep 2024 2:00,314.21,314.21,0
Friday,06 Sep 2024 3:00,712.35,310.81,0
Friday,06 Sep 2024 4:00,318.87,318.87,0
Friday,06 Sep 2024 5:00,319.2,319.2,0
Friday,06 Sep 2024 6:00,328.01,328.01,0
Friday,06 Sep 2024 7:00,378.26,378.26,0
Friday,06 Sep 2024 8:00,472.75,472.75,0
Friday,06 Sep 2024 9:00,810.26,810.26,0
Friday,06 Sep 2024 10:00,663.13,663.13,0
Friday,06 Sep 2024 11:00,768.13,768.13,0
Friday,06 Sep 2024 12:00,710.85,710.85,0
Friday,06 Sep 2024 13:00,"3,336","3,336",0
Friday,06 Sep 2024 14:00,"4,141","4,141",0
Friday,06 Sep 2024 15:00,"4,434","4,434",0
Friday,06 Sep 2024 16:00,"4,388","4,388",0
Friday,06 Sep 2024 17:00,"4,100","4,100",0
Friday,06 Sep 2024 18:00,"3,696","3,696",0
Friday,06 Sep 2024 19:00,"3,243","3,243",0
Friday,06 Sep 2024 20:00,"3,069","3,069",0
Friday,06 Sep 2024 21:00,"3,153","3,153",0
Friday,06 Sep 2024 22:00,"3,015","3,015",0
Friday,06 Sep 2024 23:00,"3,107","3,866",0
Saturday,07 Sep 2024 0:00,"2,946","2,946",0
Saturday,07 Sep 2024 1:00,"2,922","2,922",0
Saturday,07 Sep 2024 2:00,"3,034","3,034",0
Saturday,07 Sep 2024 3:00,"6,268","2,808",0
Saturday,07 Sep 2024 4:00,"2,712","2,712",0
Saturday,07 Sep 2024 5:00,"2,645","2,645",0
Saturday,07 Sep 2024 6:00,"2,773","2,773",0
Saturday,07 Sep 2024 7:00,"2,901","2,901",0
Saturday,07 Sep 2024 8:00,"3,137","3,137",0
Saturday,07 Sep 2024 9:00,"3,183","3,183",0
Saturday,07 Sep 2024 10:00,"3,482","3,482",0
Saturday,07 Sep 2024 11:00,"3,654","3,654",0
Saturday,07 Sep 2024 12:00,"3,731","3,731",0
Saturday,07 Sep 2024 13:00,"3,519","3,519",0
Saturday,07 Sep 2024 14:00,"3,475","3,475",0
Saturday,07 Sep 2024 15:00,"3,797","3,797",0
Saturday,07 Sep 2024 16:00,"3,969","3,969",0
Saturday,07 Sep 2024 17:00,"3,821","3,821",0
Saturday,07 Sep 2024 18:00,"3,572","3,572",0
Saturday,07 Sep 2024 19:00,"3,459","3,459",0
Saturday,07 Sep 2024 20:00,"3,372","3,372",0
Saturday,07 Sep 2024 21:00,"2,804","2,804",0
Saturday,07 Sep 2024 22:00,"2,570","2,570",0
Saturday,07 Sep 2024 23:00,"2,580","3,239",0
Sunday,08 Sep 2024 0:00,"2,597","2,597",0
Sunday,08 Sep 2024 1:00,"2,624","2,624",0
Sunday,08 Sep 2024 2:00,"2,268","2,268",0
Sunday,08 Sep 2024 3:00,"4,843","2,140",0
Sunday,08 Sep 2024 4:00,"2,098","2,098",0
Sunday,08 Sep 2024 5:00,"1,962","1,962",0
Sunday,08 Sep 2024 6:00,"1,913","1,913",0
Sunday,08 Sep 2024 7:00,"1,973","1,973",0
Sunday,08 Sep 2024 8:00,"2,236","2,236",0
Sunday,08 Sep 2024 9:00,"2,370","2,370",0
Sunday,08 Sep 2024 10:00,"1,828","1,828",0
Sunday,08 Sep 2024 11:00,"2,648","2,648",0
Sunday,08 Sep 2024 12:00,"2,672","2,672",0
Sunday,08 Sep 2024 13:00,"2,578","2,578",0
Sunday,08 Sep 2024 14:00,"2,016","2,016",0
Sunday,08 Sep 2024 15:00,348.82,348.82,0
Sunday,08 Sep 2024 16:00,339.35,339.35,0
Sunday,08 Sep 2024 17:00,310.17,310.17,0
Sunday,08 Sep 2024 18:00,312.65,312.65,0
Sunday,08 Sep 2024 19:00,321.21,321.21,0
Sunday,08 Sep 2024 20:00,308.27,308.27,0
Sunday,08 Sep 2024 21:00,319.26,319.26,0
Sunday,08 Sep 2024 22:00,320.85,320.85,0
Sunday,08 Sep 2024 23:00,321.69,406.22,0
Monday,09 Sep 2024 0:00,320.01,320.01,0
Monday,09 Sep 2024 1:00,320.39,320.39,0
Monday,09 Sep 2024 2:00,319.01,319.01,0
Monday,09 Sep 2024 3:00,707.91,317.4,0
Monday,09 Sep 2024 4:00,314.74,314.74,0
Monday,09 Sep 2024 5:00,320.04,320.04,0
Monday,09 Sep 2024 6:00,312.09,312.09,0
Monday,09 Sep 2024 7:00,317.81,317.81,0
Monday,09 Sep 2024 8:00,319.23,319.23,0
Monday,09 Sep 2024 9:00,336.26,336.26,0
Monday,09 Sep 2024 10:00,357.65,357.65,0
Monday,09 Sep 2024 11:00,335.04,335.04,0
Monday,09 Sep 2024 12:00,358.13,358.13,0
Monday,09 Sep 2024 13:00,324.31,324.31,0
Monday,09 Sep 2024 14:00,332.94,332.94,0
Monday,09 Sep 2024 15:00,366.1,366.1,0
Monday,09 Sep 2024 16:00,406.89,406.89,0
Monday,09 Sep 2024 17:00,338.28,338.28,0
Monday,09 Sep 2024 18:00,325.39,325.39,0
Monday,09 Sep 2024 19:00,318.7,318.7,0
Monday,09 Sep 2024 20:00,316.31,316.31,0
Monday,09 Sep 2024 21:00,313.94,313.94,0
Monday,09 Sep 2024 22:00,323.88,323.88,0
Monday,09 Sep 2024 23:00,323.33,406.95,0
Tuesday,10 Sep 2024 0:00,319.73,319.73,0
Tuesday,10 Sep 2024 1:00,331.08,331.08,0
Tuesday,10 Sep 2024 2:00,318.27,318.27,0
Tuesday,10 Sep 2024 3:00,732.81,325.83,0
Tuesday,10 Sep 2024 4:00,323.21,323.21,0
Tuesday,10 Sep 2024 5:00,319.29,319.29,0
Tuesday,10 Sep 2024 6:00,317.76,317.76,0
Tuesday,10 Sep 2024 7:00,310.17,310.17,0
Tuesday,10 Sep 2024 8:00,322.36,322.36,0
Tuesday,10 Sep 2024 9:00,468.21,468.21,0
Tuesday,10 Sep 2024 10:00,370.35,370.35,0
Tuesday,10 Sep 2024 11:00,373.35,373.35,0
Tuesday,10 Sep 2024 12:00,416.69,416.69,0
Tuesday,10 Sep 2024 13:00,394.2,394.2,0
Tuesday,10 Sep 2024 14:00,468.74,468.74,0
Tuesday,10 Sep 2024 15:00,430.44,430.44,0
Tuesday,10 Sep 2024 16:00,325.25,325.25,0
Tuesday,10 Sep 2024 17:00,317.97,317.97,0
Tuesday,10 Sep 2024 18:00,325.24,325.24,0
Tuesday,10 Sep 2024 19:00,317.81,317.81,0
Tuesday,10 Sep 2024 20:00,321.68,321.68,0
Tuesday,10 Sep 2024 21:00,321.83,321.83,0
Tuesday,10 Sep 2024 22:00,323.23,323.23,0
Tuesday,10 Sep 2024 23:00,323.2,403.56,0
Wednesday,11 Sep 2024 0:00,318.82,318.82,0
Wednesday,11 Sep 2024 1:00,325.69,325.69,0
Wednesday,11 Sep 2024 2:00,319.41,319.41,0
Wednesday,11 Sep 2024 3:00,724.07,321.89,0
Wednesday,11 Sep 2024 4:00,327.58,327.58,0
Wednesday,11 Sep 2024 5:00,319.16,319.16,0
Wednesday,11 Sep 2024 6:00,323.13,323.13,0
Wednesday,11 Sep 2024 7:00,322.32,322.32,0
Wednesday,11 Sep 2024 8:00,313.13,313.13,0
Wednesday,11 Sep 2024 9:00,313.37,313.37,0
Wednesday,11 Sep 2024 10:00,306.77,306.77,0
Wednesday,11 Sep 2024 11:00,314.17,314.17,0
Wednesday,11 Sep 2024 12:00,326.5,326.5,0
Wednesday,11 Sep 2024 13:00,329.33,329.33,0
Wednesday,11 Sep 2024 14:00,355.69,355.69,0
Wednesday,11 Sep 2024 15:00,419.81,419.81,0
Wednesday,11 Sep 2024 16:00,381.46,381.46,0
Wednesday,11 Sep 2024 17:00,332.05,332.05,0
Wednesday,11 Sep 2024 18:00,312.32,312.32,0
Wednesday,11 Sep 2024 19:00,320.4,320.4,0
Wednesday,11 Sep 2024 20:00,325.24,325.24,0
Wednesday,11 Sep 2024 21:00,324.53,324.53,0
Wednesday,11 Sep 2024 22:00,325.83,325.83,0
Wednesday,11 Sep 2024 23:00,320.36,401.03,0
Thursday,12 Sep 2024 0:00,327.91,327.91,0
Thursday,12 Sep 2024 1:00,325.52,325.52,0
Thursday,12 Sep 2024 2:00,324.1,324.1,0
Thursday,12 Sep 2024 3:00,737.85,326.29,0
Thursday,12 Sep 2024 4:00,324.49,324.49,0
Thursday,12 Sep 2024 5:00,323,323,0
Thursday,12 Sep 2024 6:00,318.59,318.59,0
Thursday,12 Sep 2024 7:00,312.54,312.54,0
Thursday,12 Sep 2024 8:00,329.41,329.41,0
Thursday,12 Sep 2024 9:00,316.3,316.3,0
Thursday,12 Sep 2024 10:00,352.98,352.98,0
Thursday,12 Sep 2024 11:00,396.84,396.84,0
Thursday,12 Sep 2024 12:00,402.37,402.37,0
Thursday,12 Sep 2024 13:00,363.1,363.1,0
Thursday,12 Sep 2024 14:00,465.98,465.98,0
Thursday,12 Sep 2024 15:00,356.51,356.51,0
Thursday,12 Sep 2024 16:00,438.79,438.79,0
Thursday,12 Sep 2024 17:00,393.14,393.14,0
Thursday,12 Sep 2024 18:00,332.95,332.95,0
Thursday,12 Sep 2024 19:00,320.18,320.18,0
Thursday,12 Sep 2024 20:00,322.5,322.5,0
Thursday,12 Sep 2024 21:00,327.63,327.63,0
Thursday,12 Sep 2024 22:00,322.49,322.49,0
Thursday,12 Sep 2024 23:00,325.62,406.39,0
Friday,13 Sep 2024 0:00,326.6,326.6,0
Friday,13 Sep 2024 1:00,323.77,323.77,0
Friday,13 Sep 2024 2:00,322.48,322.48,0
Friday,13 Sep 2024 3:00,735.36,326.92,0
Friday,13 Sep 2024 4:00,320.36,320.36,0
Friday,13 Sep 2024 5:00,324.23,324.23,0
Friday,13 Sep 2024 6:00,326.35,326.35,0
Friday,13 Sep 2024 7:00,325.71,325.71,0
Friday,13 Sep 2024 8:00,318.16,318.16,0
Friday,13 Sep 2024 9:00,332.72,332.72,0
Friday,13 Sep 2024 10:00,525.71,525.71,0
Friday,13 Sep 2024 11:00,359.97,359.97,0
Friday,13 Sep 2024 12:00,382.17,382.17,0
Friday,13 Sep 2024 13:00,418.29,418.29,0
Friday,13 Sep 2024 14:00,563.84,563.84,0
Friday,13 Sep 2024 15:00,706.11,706.11,0
Friday,13 Sep 2024 16:00,634.41,634.41,0
Friday,13 Sep 2024 17:00,560.93,560.93,0
Friday,13 Sep 2024 18:00,367.88,367.88,0
Friday,13 Sep 2024 19:00,237.18,237.18,0
Friday,13 Sep 2024 20:00,315.43,315.43,0
Friday,13 Sep 2024 21:00,327.37,327.37,0
Friday,13 Sep 2024 22:00,321.17,321.17,0
Friday,13 Sep 2024 23:00,326.26,406.12,0
Saturday,14 Sep 2024 0:00,319.43,319.43,0
Saturday,14 Sep 2024 1:00,322.26,322.26,0
Saturday,14 Sep 2024 2:00,327.74,327.74,0
Saturday,14 Sep 2024 3:00,723.45,327.54,0
Saturday,14 Sep 2024 4:00,320.48,320.48,0
Saturday,14 Sep 2024 5:00,319.95,319.95,0
Saturday,14 Sep 2024 6:00,324.6,324.6,0
Saturday,14 Sep 2024 7:00,325.46,325.46,0
Saturday,14 Sep 2024 8:00,320,320,0
Saturday,14 Sep 2024 9:00,376.19,376.19,0
Saturday,14 Sep 2024 10:00,322.35,322.35,0
Saturday,14 Sep 2024 11:00,382.34,382.34,0
Saturday,14 Sep 2024 12:00,423.19,423.19,0
Saturday,14 Sep 2024 13:00,315.15,315.15,0
Saturday,14 Sep 2024 14:00,320.19,320.19,0
Saturday,14 Sep 2024 15:00,330.19,330.19,0
Saturday,14 Sep 2024 16:00,319.62,319.62,0
Saturday,14 Sep 2024 17:00,320.1,320.1,0
Saturday,14 Sep 2024 18:00,325.64,325.64,0
Saturday,14 Sep 2024 19:00,313.62,313.62,0
Saturday,14 Sep 2024 20:00,315.66,315.66,0
Saturday,14 Sep 2024 21:00,323.1,323.1,0
Saturday,14 Sep 2024 22:00,316.63,316.63,0
Saturday,14 Sep 2024 23:00,313.73,393.24,0
Sunday,15 Sep 2024 0:00,311.03,311.03,0
Sunday,15 Sep 2024 1:00,325.37,325.37,0
Sunday,15 Sep 2024 2:00,324.88,324.88,0
Sunday,15 Sep 2024 3:00,738.91,325.58,0
Sunday,15 Sep 2024 4:00,318.23,318.23,0
Sunday,15 Sep 2024 5:00,315.88,315.88,0
Sunday,15 Sep 2024 6:00,319.76,319.76,0
Sunday,15 Sep 2024 7:00,319.09,319.09,0
Sunday,15 Sep 2024 8:00,316.63,316.63,0
Sunday,15 Sep 2024 9:00,317.35,317.35,0
Sunday,15 Sep 2024 10:00,321.64,321.64,0
Sunday,15 Sep 2024 11:00,324.88,324.88,0
Sunday,15 Sep 2024 12:00,319.53,319.53,0
Sunday,15 Sep 2024 13:00,325.32,325.32,0
Sunday,15 Sep 2024 14:00,325.32,325.32,0
Sunday,15 Sep 2024 15:00,315.55,315.55,0
Sunday,15 Sep 2024 16:00,325.48,325.48,0
Sunday,15 Sep 2024 17:00,318.62,318.62,0
Sunday,15 Sep 2024 18:00,316.51,316.51,0
Sunday,15 Sep 2024 19:00,319.13,319.13,0
Sunday,15 Sep 2024 20:00,317.45,317.45,0
Sunday,15 Sep 2024 21:00,324.65,324.65,0
Sunday,15 Sep 2024 22:00,320.16,320.16,0
Sunday,15 Sep 2024 23:00,323.31,404.29,0
Monday,16 Sep 2024 0:00,322.55,322.55,0
Monday,16 Sep 2024 1:00,314.32,314.32,0
Monday,16 Sep 2024 2:00,323.44,323.44,0
Monday,16 Sep 2024 3:00,716.3,317.36,0
Monday,16 Sep 2024 4:00,319.87,319.87,0
Monday,16 Sep 2024 5:00,317.78,317.78,0
Monday,16 Sep 2024 6:00,320.95,320.95,0
Monday,16 Sep 2024 7:00,320.56,320.56,0
Monday,16 Sep 2024 8:00,325.38,325.38,0
Monday,16 Sep 2024 9:00,320.04,320.04,0
Monday,16 Sep 2024 10:00,321.85,321.85,0
Monday,16 Sep 2024 11:00,360.16,360.16,0
Monday,16 Sep 2024 12:00,373.61,373.61,0
Monday,16 Sep 2024 13:00,337.74,337.74,0
Monday,16 Sep 2024 14:00,365.89,365.89,0
Monday,16 Sep 2024 15:00,350.45,350.45,0
Monday,16 Sep 2024 16:00,637.04,637.04,0
Monday,16 Sep 2024 17:00,417.57,417.57,0
Monday,16 Sep 2024 18:00,363.18,363.18,0
Monday,16 Sep 2024 19:00,316.56,316.56,0
Monday,16 Sep 2024 20:00,311.76,311.76,0
Monday,16 Sep 2024 21:00,331.4,331.4,0
Monday,16 Sep 2024 22:00,319.92,319.92,0
Monday,16 Sep 2024 23:00,324.66,406.77,0
Tuesday,17 Sep 2024 0:00,327.51,327.51,0
Tuesday,17 Sep 2024 1:00,319.73,319.73,0
Tuesday,17 Sep 2024 2:00,320.53,320.53,0
Tuesday,17 Sep 2024 3:00,710.79,320.94,0
Tuesday,17 Sep 2024 4:00,317.15,317.15,0
Tuesday,17 Sep 2024 5:00,319.1,319.1,0
Tuesday,17 Sep 2024 6:00,322.14,322.14,0
Tuesday,17 Sep 2024 7:00,326.45,326.45,0
Tuesday,17 Sep 2024 8:00,317.6,317.6,0
Tuesday,17 Sep 2024 9:00,339.71,339.71,0
Tuesday,17 Sep 2024 10:00,459.09,459.09,0
Tuesday,17 Sep 2024 11:00,595.98,595.98,0
Tuesday,17 Sep 2024 12:00,450.69,450.69,0
Tuesday,17 Sep 2024 13:00,587.39,587.39,0
Tuesday,17 Sep 2024 14:00,559.6,559.6,0
Tuesday,17 Sep 2024 15:00,639.16,639.16,0
Tuesday,17 Sep 2024 16:00,436.21,436.21,0
Tuesday,17 Sep 2024 17:00,660.35,660.35,0
Tuesday,17 Sep 2024 18:00,340.46,340.46,0
Tuesday,17 Sep 2024 19:00,320.45,320.45,0
Tuesday,17 Sep 2024 20:00,327.54,327.54,0
Tuesday,17 Sep 2024 21:00,323.13,323.13,0
Tuesday,17 Sep 2024 22:00,329.29,329.29,0
Tuesday,17 Sep 2024 23:00,320.63,401.3,0
Wednesday,18 Sep 2024 0:00,317.65,317.65,0
Wednesday,18 Sep 2024 1:00,323.55,323.55,0
Wednesday,18 Sep 2024 2:00,325.3,325.3,0
Wednesday,18 Sep 2024 3:00,723.73,326.51,0
Wednesday,18 Sep 2024 4:00,325.57,325.57,0
Wednesday,18 Sep 2024 5:00,328.62,328.62,0
Wednesday,18 Sep 2024 6:00,326.12,326.12,0
Wednesday,18 Sep 2024 7:00,326.86,326.86,0
Wednesday,18 Sep 2024 8:00,328.03,328.03,0
Wednesday,18 Sep 2024 9:00,342.01,342.01,0
Wednesday,18 Sep 2024 10:00,590.67,590.67,0
Wednesday,18 Sep 2024 11:00,484.08,484.08,0
Wednesday,18 Sep 2024 12:00,351.15,351.15,0
Wednesday,18 Sep 2024 13:00,849.64,849.64,0
Wednesday,18 Sep 2024 14:00,802.93,802.93,0
Wednesday,18 Sep 2024 15:00,881.29,881.29,0
Wednesday,18 Sep 2024 16:00,509.07,509.07,0
Wednesday,18 Sep 2024 17:00,417.87,417.87,0
Wednesday,18 Sep 2024 18:00,311.17,311.17,0
Wednesday,18 Sep 2024 19:00,339.01,339.01,0
Wednesday,18 Sep 2024 20:00,326.65,326.65,0
Wednesday,18 Sep 2024 21:00,318.39,318.39,0
Wednesday,18 Sep 2024 22:00,321.66,321.66,0
Wednesday,18 Sep 2024 23:00,322.67,402.67,0
Thursday,19 Sep 2024 0:00,327.98,327.98,0
Thursday,19 Sep 2024 1:00,323.76,323.76,0
Thursday,19 Sep 2024 2:00,322.67,322.67,0
Thursday,19 Sep 2024 3:00,637.76,239.59,0
Thursday,19 Sep 2024 4:00,316.3,316.3,0
Thursday,19 Sep 2024 5:00,318.24,318.24,0
Thursday,19 Sep 2024 6:00,321.79,321.79,0
Thursday,19 Sep 2024 7:00,332.98,332.98,0
Thursday,19 Sep 2024 8:00,348.06,348.06,0
Thursday,19 Sep 2024 9:00,313.52,313.52,0
Thursday,19 Sep 2024 10:00,333.44,333.44,0
Thursday,19 Sep 2024 11:00,336.82,336.82,0
Thursday,19 Sep 2024 12:00,341.13,341.13,0
Thursday,19 Sep 2024 13:00,345.45,345.45,0
Thursday,19 Sep 2024 14:00,362.35,362.35,0
Thursday,19 Sep 2024 15:00,582.15,582.15,0
Thursday,19 Sep 2024 16:00,507.98,507.98,0
Thursday,19 Sep 2024 17:00,407.8,407.8,0
Thursday,19 Sep 2024 18:00,324.11,324.11,0
Thursday,19 Sep 2024 19:00,314.15,314.15,0
Thursday,19 Sep 2024 20:00,325.64,325.64,0
Thursday,19 Sep 2024 21:00,324.25,324.25,0
Thursday,19 Sep 2024 22:00,331.36,331.36,0
Thursday,19 Sep 2024 23:00,326.2,406.23,0
Friday,20 Sep 2024 0:00,319.79,319.79,0
Friday,20 Sep 2024 1:00,321.26,321.26,0
Friday,20 Sep 2024 2:00,330.28,330.28,0
Friday,20 Sep 2024 3:00,701.72,315.49,0
Friday,20 Sep 2024 4:00,323.53,323.53,0
Friday,20 Sep 2024 5:00,322.96,322.96,0
Friday,20 Sep 2024 6:00,313.73,313.73,0
Friday,20 Sep 2024 7:00,319.29,319.29,0
Friday,20 Sep 2024 8:00,322.03,322.03,0
Friday,20 Sep 2024 9:00,322.56,322.56,0
Friday,20 Sep 2024 10:00,327.21,327.21,0
Friday,20 Sep 2024 11:00,350.62,350.62,0
Friday,20 Sep 2024 12:00,417.65,417.65,0
Friday,20 Sep 2024 13:00,330.3,330.3,0
Friday,20 Sep 2024 14:00,331.53,331.53,0
Friday,20 Sep 2024 15:00,323.8,323.8,0
Friday,20 Sep 2024 16:00,323.64,323.64,0
Friday,20 Sep 2024 17:00,314.24,314.24,0
Friday,20 Sep 2024 18:00,309.5,309.5,0
Friday,20 Sep 2024 19:00,318.98,318.98,0
Friday,20 Sep 2024 20:00,324.97,324.97,0
Friday,20 Sep 2024 21:00,331.02,331.02,0
Friday,20 Sep 2024 22:00,331.27,331.27,0
Friday,20 Sep 2024 23:00,246.33,246.33,0
Saturday,21 Sep 2024 0:00,0,0,0
Sunday,22 Sep 2024 0:00,325.87,407.39,0
Sunday,22 Sep 2024 1:00,328.09,328.09,0
Sunday,22 Sep 2024 2:00,79.53,79.53,0
Sunday,22 Sep 2024 7:00,576.45,165.41,0
Sunday,22 Sep 2024 8:00,326.07,326.07,0
Sunday,22 Sep 2024 9:00,163.06,163.06,0
Sunday,22 Sep 2024 10:00,324.83,324.83,0
Sunday,22 Sep 2024 11:00,80.53,80.53,0
Sunday,22 Sep 2024 16:00,157.42,157.42,0
Sunday,22 Sep 2024 17:00,77.1,77.1,0
Sunday,22 Sep 2024 19:00,162.09,162.09,0
Sunday,22 Sep 2024 21:00,80.02,80.02,0
Sunday,22 Sep 2024 22:00,79.21,79.21,0
Monday,23 Sep 2024 3:00,82.51,165.02,0
Monday,23 Sep 2024 5:00,483.34,80.56,0
Tuesday,24 Sep 2024 10:00,587.38,249.14,0
Tuesday,24 Sep 2024 11:00,247.39,247.39,0
Tuesday,24 Sep 2024 19:00,239.21,239.21,0
Tuesday,24 Sep 2024 20:00,317.09,317.09,0
Tuesday,24 Sep 2024 21:00,77.17,77.17,0
Wednesday,25 Sep 2024 17:00,733.21,0,405.03
Wednesday,25 Sep 2024 18:00,329.13,0,329.13
Wednesday,25 Sep 2024 19:00,82.18,0,82.18
Thursday,26 Sep 2024 2:00,244.99,0,328.38
Thursday,26 Sep 2024 3:00,744.8,0,336.38
Thursday,26 Sep 2024 5:00,81.38,0,81.38
Thursday,26 Sep 2024 11:00,161.14,0,161.14
Friday,27 Sep 2024 14:00,746.43,0,415.78
Friday,27 Sep 2024 15:00,339.29,0,339.29
Friday,27 Sep 2024 16:00,330.44,0,330.44
Friday,27 Sep 2024 17:00,331.47,0,331.47
Friday,27 Sep 2024 18:00,328,0,328
Friday,27 Sep 2024 19:00,80.39,0,80.39
Saturday,28 Sep 2024 0:00,329.65,0,411.79
Saturday,28 Sep 2024 1:00,247.05,0,247.05
Saturday,28 Sep 2024 14:00,568.43,0,162.32
Saturday,28 Sep 2024 21:00,82.67,0,82.67
Sunday,29 Sep 2024 3:00,483.42,0,161.14
Sunday,29 Sep 2024 19:00,79.91,0,79.91
Sunday,29 Sep 2024 20:00,81.9,0,81.9
Monday,30 Sep 2024 2:00,164.72,0,247.4
Monday,30 Sep 2024 3:00,163.15,0,163.15
Monday,30 Sep 2024 7:00,518.39,0,86.4
Monday,30 Sep 2024 18:00,239.51,0,239.51
Monday,30 Sep 2024 19:00,318.02,0,318.02
Monday,30 Sep 2024 20:00,325.61,0,325.61
Monday,30 Sep 2024 21:00,329.25,0,329.25
Monday,30 Sep 2024 22:00,327.42,0,327.42
Monday,30 Sep 2024 23:00,161.79,0,161.79
Tuesday,01 Oct 2024 0:00,326.76,0,409.93
Tuesday,01 Oct 2024 1:00,79.18,0,79.18
Tuesday,01 Oct 2024 9:00,179.45,0,95.95
Tuesday,01 Oct 2024 10:00,328.85,0,328.85
Tuesday,01 Oct 2024 11:00,406.82,0,406.82
Tuesday,01 Oct 2024 12:00,310.6,0,310.6
Tuesday,01 Oct 2024 13:00,314.15,0,314.15
Tuesday,01 Oct 2024 14:00,313.57,0,313.57
Tuesday,01 Oct 2024 15:00,322.28,0,322.28
Tuesday,01 Oct 2024 16:00,320.79,0,320.79
Tuesday,01 Oct 2024 17:00,325.41,0,325.41
Tuesday,01 Oct 2024 18:00,327.69,0,327.69
Tuesday,01 Oct 2024 19:00,322.94,0,322.94
Tuesday,01 Oct 2024 20:00,321.94,0,321.94
Tuesday,01 Oct 2024 21:00,317.22,0,317.22
Tuesday,01 Oct 2024 22:00,314.68,0,314.68
Tuesday,01 Oct 2024 23:00,317.95,0,396.54
Wednesday,02 Oct 2024 0:00,321.92,0,321.92
Wednesday,02 Oct 2024 1:00,325.01,0,325.01
Wednesday,02 Oct 2024 2:00,324,0,324
Wednesday,02 Oct 2024 3:00,751.44,0,330.11
Wednesday,02 Oct 2024 4:00,327.82,0,327.82
Wednesday,02 Oct 2024 5:00,330.08,0,330.08
Wednesday,02 Oct 2024 6:00,321.14,0,321.14
Wednesday,02 Oct 2024 7:00,315.3,0,315.3
Wednesday,02 Oct 2024 8:00,322.32,0,322.32
Wednesday,02 Oct 2024 9:00,316.54,0,316.54
Wednesday,02 Oct 2024 10:00,317.76,0,317.76
Wednesday,02 Oct 2024 11:00,334.45,0,334.45
Wednesday,02 Oct 2024 12:00,331.01,0,331.01
Wednesday,02 Oct 2024 13:00,324.12,0,324.12
Wednesday,02 Oct 2024 14:00,326.45,0,326.45
Wednesday,02 Oct 2024 15:00,318.24,0,318.24
Wednesday,02 Oct 2024 16:00,317.15,0,317.15
Wednesday,02 Oct 2024 17:00,325.07,0,325.07
Wednesday,02 Oct 2024 18:00,322.96,0,322.96
Wednesday,02 Oct 2024 19:00,322.05,0,322.05
Wednesday,02 Oct 2024 20:00,322.95,0,322.95
Wednesday,02 Oct 2024 21:00,327.54,0,327.54
Wednesday,02 Oct 2024 22:00,329.51,0,329.51
Wednesday,02 Oct 2024 23:00,328.93,0,407.89
Thursday,03 Oct 2024 0:00,321.17,0,321.17
Thursday,03 Oct 2024 1:00,323.85,0,323.85
Thursday,03 Oct 2024 2:00,331.05,0,331.05
Thursday,03 Oct 2024 3:00,737.72,0,328.9
Thursday,03 Oct 2024 4:00,328.94,0,328.94
Thursday,03 Oct 2024 5:00,243.38,0,325.11
Thursday,03 Oct 2024 6:00,411.77,0,330.04
Thursday,03 Oct 2024 7:00,325.68,0,325.68
Thursday,03 Oct 2024 8:00,331.02,0,331.02
Thursday,03 Oct 2024 9:00,321.88,0,321.88
Thursday,03 Oct 2024 10:00,313.51,0,313.51
Thursday,03 Oct 2024 11:00,315.57,0,315.57
Thursday,03 Oct 2024 12:00,334.04,0,334.04
Thursday,03 Oct 2024 13:00,338.39,0,338.39
Thursday,03 Oct 2024 14:00,333.39,0,333.39
Thursday,03 Oct 2024 15:00,327.72,0,327.72
Thursday,03 Oct 2024 16:00,333.7,0,333.7
Thursday,03 Oct 2024 17:00,332.83,0,332.83
Thursday,03 Oct 2024 18:00,328.4,0,328.4
Thursday,03 Oct 2024 19:00,330.43,0,330.43
Thursday,03 Oct 2024 20:00,328.59,0,328.59
Thursday,03 Oct 2024 21:00,325.63,0,325.63
Thursday,03 Oct 2024 22:00,328.95,0,328.95
Thursday,03 Oct 2024 23:00,327.27,0,410.95
Friday,04 Oct 2024 0:00,328.59,0,328.59
Friday,04 Oct 2024 1:00,327.58,0,327.58
Friday,04 Oct 2024 2:00,331,0,331
Friday,04 Oct 2024 3:00,742.57,0,331.89
Friday,04 Oct 2024 4:00,325.19,0,325.19
Friday,04 Oct 2024 5:00,328.43,0,328.43
Friday,04 Oct 2024 6:00,324.03,0,324.03
Friday,04 Oct 2024 7:00,324.73,0,324.73
Friday,04 Oct 2024 8:00,319.08,0,319.08
Friday,04 Oct 2024 9:00,328,0,328
Friday,04 Oct 2024 10:00,359.19,0,359.19
Friday,04 Oct 2024 11:00,334.6,0,334.6
Friday,04 Oct 2024 12:00,318.74,0,318.74
Friday,04 Oct 2024 13:00,311.33,0,311.33
Friday,04 Oct 2024 14:00,550.05,0,550.05
Friday,04 Oct 2024 15:00,"4,177",0,"4,177"
Friday,04 Oct 2024 16:00,"4,283",0,"4,283"
Friday,04 Oct 2024 17:00,"4,528",0,"4,528"
Friday,04 Oct 2024 18:00,"4,116",0,"4,116"
Friday,04 Oct 2024 19:00,"3,679",0,"3,679"
Friday,04 Oct 2024 20:00,"3,493",0,"3,493"
Friday,04 Oct 2024 21:00,"3,248",0,"3,248"
Friday,04 Oct 2024 22:00,"3,213",0,"3,213"
Friday,04 Oct 2024 23:00,"3,054",0,"3,730"
Saturday,05 Oct 2024 0:00,"2,921",0,"2,921"
Saturday,05 Oct 2024 1:00,"3,042",0,"3,042"
Saturday,05 Oct 2024 2:00,"3,257",0,"3,257"
Saturday,05 Oct 2024 3:00,"6,736",0,"2,894"
Saturday,05 Oct 2024 4:00,"2,768",0,"2,768"
Saturday,05 Oct 2024 5:00,"2,485",0,"2,485"
Saturday,05 Oct 2024 6:00,"2,673",0,"2,673"
Saturday,05 Oct 2024 7:00,"2,996",0,"2,996"
Saturday,05 Oct 2024 8:00,"3,098",0,"3,098"
Saturday,05 Oct 2024 9:00,"3,016",0,"3,016"
Saturday,05 Oct 2024 10:00,"3,276",0,"3,276"
Saturday,05 Oct 2024 11:00,"3,409",0,"3,409"
Saturday,05 Oct 2024 12:00,"3,459",0,"3,459"
Saturday,05 Oct 2024 13:00,"3,502",0,"3,502"
Saturday,05 Oct 2024 14:00,"3,487",0,"3,487"
Saturday,05 Oct 2024 15:00,"3,373",0,"3,373"
Saturday,05 Oct 2024 16:00,"3,641",0,"3,641"
Saturday,05 Oct 2024 17:00,"3,299",0,"3,299"
Saturday,05 Oct 2024 18:00,"2,817",0,"2,817"
Saturday,05 Oct 2024 19:00,"2,677",0,"2,677"
Saturday,05 Oct 2024 20:00,"2,514",0,"2,514"
Saturday,05 Oct 2024 21:00,"2,320",0,"2,320"
Saturday,05 Oct 2024 22:00,"2,121",0,"2,121"
Saturday,05 Oct 2024 23:00,"2,390",0,"2,953"
Sunday,06 Oct 2024 0:00,"2,413",0,"2,413"
Sunday,06 Oct 2024 1:00,"2,321",0,"2,321"
Sunday,06 Oct 2024 2:00,"2,205",0,"2,205"
Sunday,06 Oct 2024 3:00,"4,405",0,"1,980"
Sunday,06 Oct 2024 4:00,"1,961",0,"1,961"
Sunday,06 Oct 2024 5:00,"1,888",0,"1,888"
Sunday,06 Oct 2024 6:00,"1,996",0,"1,996"
Sunday,06 Oct 2024 7:00,"2,019",0,"2,019"
Sunday,06 Oct 2024 8:00,"2,331",0,"2,331"
Sunday,06 Oct 2024 9:00,"2,455",0,"2,455"
Sunday,06 Oct 2024 10:00,"2,612",0,"2,612"
Sunday,06 Oct 2024 11:00,"2,914",0,"2,914"
Sunday,06 Oct 2024 12:00,"2,949",0,"2,949"
Sunday,06 Oct 2024 13:00,"2,933",0,"2,933"
Sunday,06 Oct 2024 14:00,"2,996",0,"2,996"
Sunday,06 Oct 2024 15:00,"3,078",0,"3,078"
Sunday,06 Oct 2024 16:00,"3,046",0,"3,046"
Sunday,06 Oct 2024 17:00,"2,799",0,"2,799"
Sunday,06 Oct 2024 18:00,"2,592",0,"2,592"
Sunday,06 Oct 2024 19:00,"2,549",0,"2,549"
Sunday,06 Oct 2024 20:00,"2,465",0,"2,465"
Sunday,06 Oct 2024 21:00,"2,296",0,"2,296"
Sunday,06 Oct 2024 22:00,"2,295",0,"2,295"
Sunday,06 Oct 2024 23:00,"2,372",0,"2,982"
Monday,07 Oct 2024 0:00,"2,447",0,"2,447"
Monday,07 Oct 2024 1:00,"2,450",0,"2,450"
Monday,07 Oct 2024 2:00,"2,561",0,"2,561"
Monday,07 Oct 2024 3:00,"5,527",0,"2,433"
Monday,07 Oct 2024 4:00,"2,424",0,"2,424"
Monday,07 Oct 2024 5:00,"2,439",0,"2,439"
Monday,07 Oct 2024 6:00,"2,757",0,"2,757"
Monday,07 Oct 2024 7:00,"2,984",0,"2,984"
Monday,07 Oct 2024 8:00,"3,149",0,"3,149"
Monday,07 Oct 2024 9:00,"3,289",0,"3,289"
Monday,07 Oct 2024 10:00,"3,407",0,"3,407"
Monday,07 Oct 2024 11:00,"3,706",0,"3,706"
Monday,07 Oct 2024 12:00,"3,636",0,"3,636"
Monday,07 Oct 2024 13:00,"3,595",0,"3,595"
Monday,07 Oct 2024 14:00,"3,656",0,"3,656"
Monday,07 Oct 2024 15:00,"3,895",0,"3,895"
Monday,07 Oct 2024 16:00,"3,943",0,"3,943"
Monday,07 Oct 2024 17:00,"3,577",0,"3,577"
Monday,07 Oct 2024 18:00,"3,369",0,"3,369"
Monday,07 Oct 2024 19:00,"3,017",0,"3,017"
Monday,07 Oct 2024 20:00,"2,951",0,"2,951"
Monday,07 Oct 2024 21:00,"2,837",0,"2,837"
Monday,07 Oct 2024 22:00,"2,965",0,"2,965"
Monday,07 Oct 2024 23:00,"2,654",0,"3,244"
Tuesday,08 Oct 2024 0:00,"2,556",0,"2,556"
Tuesday,08 Oct 2024 1:00,"2,665",0,"2,665"
Tuesday,08 Oct 2024 2:00,"2,606",0,"2,606"
Tuesday,08 Oct 2024 3:00,"5,757",0,"2,563"
Tuesday,08 Oct 2024 4:00,"2,505",0,"2,505"
Tuesday,08 Oct 2024 5:00,"2,522",0,"2,522"
Tuesday,08 Oct 2024 6:00,"2,764",0,"2,764"
Tuesday,08 Oct 2024 7:00,"2,823",0,"2,823"
Tuesday,08 Oct 2024 8:00,"3,087",0,"3,087"
Tuesday,08 Oct 2024 9:00,"3,120",0,"3,120"
Tuesday,08 Oct 2024 10:00,"3,162",0,"3,162"
Tuesday,08 Oct 2024 11:00,"3,600",0,"3,600"
Tuesday,08 Oct 2024 12:00,"3,440",0,"3,440"
Tuesday,08 Oct 2024 13:00,"3,377",0,"3,377"
Tuesday,08 Oct 2024 14:00,"3,424",0,"3,424"
Tuesday,08 Oct 2024 15:00,"3,568",0,"3,568"
Tuesday,08 Oct 2024 16:00,"3,537",0,"3,537"
Tuesday,08 Oct 2024 17:00,"3,277",0,"3,277"
Tuesday,08 Oct 2024 18:00,"2,877",0,"2,877"
Tuesday,08 Oct 2024 19:00,"2,521",0,"2,521"
Tuesday,08 Oct 2024 20:00,"2,519",0,"2,519"
Tuesday,08 Oct 2024 21:00,"2,318",0,"2,318"
Tuesday,08 Oct 2024 22:00,"2,440",0,"2,440"
Tuesday,08 Oct 2024 23:00,"2,256",0,"2,827"
Wednesday,09 Oct 2024 0:00,"2,284",0,"2,284"
Wednesday,09 Oct 2024 1:00,"2,334",0,"2,334"
Wednesday,09 Oct 2024 2:00,"2,383",0,"2,383"
Wednesday,09 Oct 2024 3:00,"4,929",0,"2,229"
Wednesday,09 Oct 2024 4:00,"2,271",0,"2,271"
Wednesday,09 Oct 2024 5:00,"2,480",0,"2,480"
Wednesday,09 Oct 2024 6:00,"2,755",0,"2,755"
Wednesday,09 Oct 2024 7:00,"2,813",0,"2,813"
Wednesday,09 Oct 2024 8:00,"3,003",0,"3,003"
Wednesday,09 Oct 2024 9:00,"3,220",0,"3,220"
Wednesday,09 Oct 2024 10:00,"3,441",0,"3,441"
Wednesday,09 Oct 2024 11:00,"3,562",0,"3,562"
Wednesday,09 Oct 2024 12:00,"3,619",0,"3,619"
Wednesday,09 Oct 2024 13:00,"3,778",0,"3,778"
Wednesday,09 Oct 2024 14:00,"3,665",0,"3,665"
Wednesday,09 Oct 2024 15:00,"3,644",0,"3,644"
Wednesday,09 Oct 2024 16:00,"3,576",0,"3,576"
Wednesday,09 Oct 2024 17:00,"3,429",0,"3,429"
Wednesday,09 Oct 2024 18:00,"3,035",0,"3,035"
Wednesday,09 Oct 2024 19:00,"2,950",0,"2,950"
Wednesday,09 Oct 2024 20:00,"2,872",0,"2,872"
Wednesday,09 Oct 2024 21:00,"2,754",0,"2,754"
Wednesday,09 Oct 2024 22:00,"2,624",0,"2,624"
Wednesday,09 Oct 2024 23:00,"2,506",0,"3,124"
Thursday,10 Oct 2024 0:00,"2,370",0,"2,370"
Thursday,10 Oct 2024 1:00,"2,509",0,"2,509"
Thursday,10 Oct 2024 2:00,"2,596",0,"2,596"
Thursday,10 Oct 2024 3:00,"5,322",0,"2,409"
Thursday,10 Oct 2024 4:00,"2,366",0,"2,366"
Thursday,10 Oct 2024 5:00,"2,342",0,"2,342"
Thursday,10 Oct 2024 6:00,"2,653",0,"2,653"
Thursday,10 Oct 2024 7:00,"2,851",0,"2,851"
Thursday,10 Oct 2024 8:00,"3,004",0,"3,004"
Thursday,10 Oct 2024 9:00,"2,990",0,"2,990"
Thursday,10 Oct 2024 10:00,"3,193",0,"3,193"
Thursday,10 Oct 2024 11:00,"3,072",0,"3,072"
Thursday,10 Oct 2024 12:00,"3,125",0,"3,125"
Thursday,10 Oct 2024 13:00,"2,921",0,"2,921"
Thursday,10 Oct 2024 14:00,"3,320",0,"3,320"
Thursday,10 Oct 2024 15:00,"2,911",0,"2,911"
Thursday,10 Oct 2024 16:00,"2,956",0,"2,956"
Thursday,10 Oct 2024 17:00,"2,822",0,"2,822"
Thursday,10 Oct 2024 18:00,"2,527",0,"2,527"
Thursday,10 Oct 2024 19:00,"2,344",0,"2,344"
Thursday,10 Oct 2024 20:00,"2,353",0,"2,353"
Thursday,10 Oct 2024 21:00,"2,108",0,"2,108"
Thursday,10 Oct 2024 22:00,"2,204",0,"2,204"
Thursday,10 Oct 2024 23:00,"2,164",0,"2,713"
Friday,11 Oct 2024 0:00,"2,339",0,"2,339"
Friday,11 Oct 2024 1:00,"2,340",0,"2,340"
Friday,11 Oct 2024 2:00,"2,142",0,"2,142"
Friday,11 Oct 2024 3:00,"5,143",0,"2,300"
Friday,11 Oct 2024 4:00,"2,240",0,"2,240"
Friday,11 Oct 2024 5:00,"2,135",0,"2,135"
Friday,11 Oct 2024 6:00,"2,366",0,"2,366"
Friday,11 Oct 2024 7:00,"2,595",0,"2,595"
Friday,11 Oct 2024 8:00,"2,968",0,"2,968"
Friday,11 Oct 2024 9:00,"3,129",0,"3,129"
Friday,11 Oct 2024 10:00,"3,133",0,"3,133"
Friday,11 Oct 2024 11:00,"3,340",0,"3,340"
Friday,11 Oct 2024 12:00,"3,562",0,"3,562"
Friday,11 Oct 2024 13:00,"3,530",0,"3,530"
Friday,11 Oct 2024 14:00,"3,590",0,"3,590"
Friday,11 Oct 2024 15:00,"3,873",0,"3,873"
Friday,11 Oct 2024 16:00,"3,692",0,"3,692"
Friday,11 Oct 2024 17:00,"3,564",0,"3,564"
Friday,11 Oct 2024 18:00,"3,232",0,"3,232"
Friday,11 Oct 2024 19:00,"2,656",0,"2,656"
Friday,11 Oct 2024 20:00,"2,773",0,"2,773"
Friday,11 Oct 2024 21:00,"2,643",0,"2,643"
Friday,11 Oct 2024 22:00,"2,689",0,"2,689"
Friday,11 Oct 2024 23:00,"2,682",0,"3,368"
Saturday,12 Oct 2024 0:00,"2,521",0,"2,521"
Saturday,12 Oct 2024 1:00,"2,363",0,"2,363"
Saturday,12 Oct 2024 2:00,"2,259",0,"2,259"
Saturday,12 Oct 2024 3:00,"4,883",0,"2,131"
Saturday,12 Oct 2024 4:00,"2,249",0,"2,249"
Saturday,12 Oct 2024 5:00,"2,292",0,"2,292"
Saturday,12 Oct 2024 6:00,"2,335",0,"2,335"
Saturday,12 Oct 2024 7:00,"2,552",0,"2,552"
Saturday,12 Oct 2024 8:00,"3,222",0,"3,222"
Saturday,12 Oct 2024 9:00,"3,303",0,"3,303"
Saturday,12 Oct 2024 10:00,"3,497",0,"3,497"
Saturday,12 Oct 2024 11:00,"3,317",0,"3,317"
Saturday,12 Oct 2024 12:00,"3,345",0,"3,345"
Saturday,12 Oct 2024 13:00,"3,266",0,"3,266"
Saturday,12 Oct 2024 14:00,"3,284",0,"3,284"
Saturday,12 Oct 2024 15:00,"3,258",0,"3,258"
Saturday,12 Oct 2024 16:00,"3,360",0,"3,360"
Saturday,12 Oct 2024 17:00,"3,367",0,"3,367"
Saturday,12 Oct 2024 18:00,"3,122",0,"3,122"
Saturday,12 Oct 2024 19:00,"2,752",0,"2,752"
Saturday,12 Oct 2024 20:00,"2,531",0,"2,531"
Saturday,12 Oct 2024 21:00,"2,355",0,"2,355"
Saturday,12 Oct 2024 22:00,"2,314",0,"2,314"
Saturday,12 Oct 2024 23:00,"2,295",0,"2,849"
Sunday,13 Oct 2024 0:00,"2,270",0,"2,270"
Sunday,13 Oct 2024 1:00,"2,737",0,"2,737"
Sunday,13 Oct 2024 2:00,"2,701",0,"2,701"
Sunday,13 Oct 2024 3:00,"5,152",0,"2,282"
Sunday,13 Oct 2024 4:00,"2,210",0,"2,210"
Sunday,13 Oct 2024 5:00,"2,215",0,"2,215"
Sunday,13 Oct 2024 6:00,"2,267",0,"2,267"
Sunday,13 Oct 2024 7:00,"2,311",0,"2,311"
Sunday,13 Oct 2024 8:00,"2,572",0,"2,572"
Sunday,13 Oct 2024 9:00,"2,438",0,"2,438"
Sunday,13 Oct 2024 10:00,"2,612",0,"2,612"
Sunday,13 Oct 2024 11:00,"2,575",0,"2,575"
Sunday,13 Oct 2024 12:00,"2,374",0,"2,374"
Sunday,13 Oct 2024 13:00,"2,407",0,"2,407"
Sunday,13 Oct 2024 14:00,"2,476",0,"2,476"
Sunday,13 Oct 2024 15:00,"1,980",0,"2,536"
Sunday,13 Oct 2024 16:00,"3,104",0,"2,548"
Sunday,13 Oct 2024 17:00,"2,607",0,"2,607"
Sunday,13 Oct 2024 18:00,"2,516",0,"2,516"
Sunday,13 Oct 2024 19:00,"2,614",0,"2,614"
Sunday,13 Oct 2024 20:00,"2,571",0,"2,571"
Sunday,13 Oct 2024 21:00,"2,413",0,"2,413"
Sunday,13 Oct 2024 22:00,"2,531",0,"2,531"
Sunday,13 Oct 2024 23:00,"2,464",0,"3,075"
Monday,14 Oct 2024 0:00,"2,363",0,"2,363"
Monday,14 Oct 2024 1:00,331.42,0,331.42
Monday,14 Oct 2024 2:00,325.49,0,325.49
Monday,14 Oct 2024 3:00,745.42,0,328.66
Monday,14 Oct 2024 4:00,323.19,0,323.19
Monday,14 Oct 2024 5:00,323.95,0,323.95
Monday,14 Oct 2024 6:00,320.81,0,320.81
Monday,14 Oct 2024 7:00,315.55,0,315.55
Monday,14 Oct 2024 8:00,312.25,0,312.25
Monday,14 Oct 2024 9:00,309.37,0,309.37
Monday,14 Oct 2024 10:00,316.35,0,316.35
Monday,14 Oct 2024 11:00,"1,866",0,"1,866"
Monday,14 Oct 2024 12:00,"3,099",0,"3,099"
Monday,14 Oct 2024 13:00,"3,008",0,"3,008"
Monday,14 Oct 2024 14:00,"3,196",0,"3,196"
Monday,14 Oct 2024 15:00,"3,179",0,"3,179"
Monday,14 Oct 2024 16:00,"3,390",0,"3,390"
Monday,14 Oct 2024 17:00,"3,307",0,"3,307"
Monday,14 Oct 2024 18:00,"3,067",0,"3,067"
Monday,14 Oct 2024 19:00,"2,752",0,"2,752"
Monday,14 Oct 2024 20:00,"2,762",0,"2,762"
Monday,14 Oct 2024 21:00,"2,632",0,"2,632"
Monday,14 Oct 2024 22:00,"2,626",0,"2,626"
Monday,14 Oct 2024 23:00,"2,532",0,"3,176"
Tuesday,15 Oct 2024 0:00,"2,557",0,"2,557"
Tuesday,15 Oct 2024 1:00,"2,655",0,"2,655"
Tuesday,15 Oct 2024 2:00,"2,683",0,"2,683"
Tuesday,15 Oct 2024 3:00,"5,821",0,"2,574"
Tuesday,15 Oct 2024 4:00,"2,635",0,"2,635"
Tuesday,15 Oct 2024 5:00,"2,750",0,"2,750"
Tuesday,15 Oct 2024 6:00,"2,993",0,"2,993"
Tuesday,15 Oct 2024 7:00,"3,124",0,"3,124"
Tuesday,15 Oct 2024 8:00,"3,233",0,"3,233"
Tuesday,15 Oct 2024 9:00,"3,518",0,"3,518"
Tuesday,15 Oct 2024 10:00,"3,642",0,"3,642"
Tuesday,15 Oct 2024 11:00,"3,533",0,"3,533"
Tuesday,15 Oct 2024 12:00,"3,567",0,"3,567"
Tuesday,15 Oct 2024 13:00,"3,390",0,"3,390"
Tuesday,15 Oct 2024 14:00,"3,401",0,"3,401"
Tuesday,15 Oct 2024 15:00,"3,602",0,"3,602"
Tuesday,15 Oct 2024 16:00,"3,641",0,"3,641"
Tuesday,15 Oct 2024 17:00,"3,323",0,"3,323"
Tuesday,15 Oct 2024 18:00,"3,132",0,"3,132"
Tuesday,15 Oct 2024 19:00,"2,906",0,"2,906"
Tuesday,15 Oct 2024 20:00,"3,060",0,"3,060"
Tuesday,15 Oct 2024 21:00,"3,142",0,"3,142"
Tuesday,15 Oct 2024 22:00,"2,843",0,"2,843"
Tuesday,15 Oct 2024 23:00,"2,878",0,"3,625"
Wednesday,16 Oct 2024 0:00,"3,223",0,"3,223"
Wednesday,16 Oct 2024 1:00,"2,953",0,"2,953"
Wednesday,16 Oct 2024 2:00,"2,880",0,"2,880"
Wednesday,16 Oct 2024 3:00,"6,280",0,"2,768"
Wednesday,16 Oct 2024 4:00,"2,762",0,"2,762"
Wednesday,16 Oct 2024 5:00,"2,753",0,"2,753"
Wednesday,16 Oct 2024 6:00,"3,096",0,"3,096"
Wednesday,16 Oct 2024 7:00,"3,335",0,"3,335"
Wednesday,16 Oct 2024 8:00,"3,783",0,"3,783"
Wednesday,16 Oct 2024 9:00,"3,723",0,"3,723"
Wednesday,16 Oct 2024 10:00,"3,595",0,"3,595"
Wednesday,16 Oct 2024 11:00,"3,376",0,"3,376"
Wednesday,16 Oct 2024 12:00,"3,561",0,"3,561"
Wednesday,16 Oct 2024 13:00,"3,422",0,"3,422"
Wednesday,16 Oct 2024 14:00,"3,418",0,"3,418"
Wednesday,16 Oct 2024 15:00,"3,619",0,"3,619"
Wednesday,16 Oct 2024 16:00,"3,493",0,"3,493"
Wednesday,16 Oct 2024 17:00,"3,769",0,"3,769"
Wednesday,16 Oct 2024 18:00,"3,105",0,"3,105"
Wednesday,16 Oct 2024 19:00,"2,790",0,"2,790"
Wednesday,16 Oct 2024 20:00,"3,058",0,"3,058"
Wednesday,16 Oct 2024 21:00,"2,852",0,"2,852"
Wednesday,16 Oct 2024 22:00,"2,716",0,"2,716"
Wednesday,16 Oct 2024 23:00,"2,628",0,"3,262"
Thursday,17 Oct 2024 0:00,"2,622",0,"2,622"
Thursday,17 Oct 2024 1:00,"2,762",0,"2,762"
Thursday,17 Oct 2024 2:00,"2,744",0,"2,744"
Thursday,17 Oct 2024 3:00,"6,086",0,"2,737"
Thursday,17 Oct 2024 4:00,"2,623",0,"2,623"
Thursday,17 Oct 2024 5:00,"2,983",0,"2,983"
Thursday,17 Oct 2024 6:00,"2,916",0,"2,916"
Thursday,17 Oct 2024 7:00,"3,047",0,"3,047"
Thursday,17 Oct 2024 8:00,"3,498",0,"3,498"
Thursday,17 Oct 2024 9:00,"3,593",0,"3,593"
Thursday,17 Oct 2024 10:00,"3,686",0,"3,686"
Thursday,17 Oct 2024 11:00,"3,500",0,"3,500"
Thursday,17 Oct 2024 12:00,"3,375",0,"3,375"
Thursday,17 Oct 2024 13:00,"3,607",0,"3,607"
Thursday,17 Oct 2024 14:00,"3,518",0,"3,518"
Thursday,17 Oct 2024 15:00,"3,302",0,"3,302"
Thursday,17 Oct 2024 16:00,"3,176",0,"3,176"
Thursday,17 Oct 2024 17:00,"3,254",0,"3,254"
Thursday,17 Oct 2024 18:00,"3,009",0,"3,009"
Thursday,17 Oct 2024 19:00,"2,725",0,"2,725"
Thursday,17 Oct 2024 20:00,"2,770",0,"2,770"
Thursday,17 Oct 2024 21:00,"2,675",0,"2,675"
Thursday,17 Oct 2024 22:00,"2,715",0,"2,715"
Thursday,17 Oct 2024 23:00,"2,644",0,"3,313"
Friday,18 Oct 2024 0:00,"2,901",0,"2,901"
Friday,18 Oct 2024 1:00,"2,668",0,"2,668"
Friday,18 Oct 2024 2:00,"2,664",0,"2,664"
Friday,18 Oct 2024 3:00,"5,410",0,"2,387"
Friday,18 Oct 2024 4:00,"2,429",0,"2,429"
Friday,18 Oct 2024 5:00,"2,454",0,"2,454"
Friday,18 Oct 2024 6:00,"2,719",0,"2,719"
Friday,18 Oct 2024 7:00,"2,924",0,"2,924"
Friday,18 Oct 2024 8:00,"3,139",0,"3,139"
Friday,18 Oct 2024 9:00,"3,152",0,"3,152"
Friday,18 Oct 2024 10:00,"3,161",0,"3,161"
Friday,18 Oct 2024 11:00,"3,492",0,"3,492"
Friday,18 Oct 2024 12:00,"3,484",0,"3,484"
Friday,18 Oct 2024 13:00,"3,339",0,"3,339"
Friday,18 Oct 2024 14:00,"3,505",0,"3,505"
Friday,18 Oct 2024 15:00,"3,544",0,"3,544"
Friday,18 Oct 2024 16:00,"3,496",0,"3,496"
Friday,18 Oct 2024 17:00,"3,367",0,"3,367"
Friday,18 Oct 2024 18:00,"3,112",0,"3,112"
Friday,18 Oct 2024 19:00,"2,827",0,"2,827"
Friday,18 Oct 2024 20:00,"2,742",0,"2,742"
Friday,18 Oct 2024 21:00,"2,921",0,"2,921"
Friday,18 Oct 2024 22:00,"2,673",0,"2,673"
Friday,18 Oct 2024 23:00,"2,933",0,"3,657"
Saturday,19 Oct 2024 0:00,"2,658",0,"2,658"
Saturday,19 Oct 2024 1:00,"2,525",0,"2,525"
Saturday,19 Oct 2024 2:00,"2,546",0,"2,546"
Saturday,19 Oct 2024 3:00,"5,405",0,"2,480"
Saturday,19 Oct 2024 4:00,"2,349",0,"2,349"
Saturday,19 Oct 2024 5:00,"2,310",0,"2,310"
Saturday,19 Oct 2024 6:00,"2,347",0,"2,347"
Saturday,19 Oct 2024 7:00,"2,525",0,"2,525"
Saturday,19 Oct 2024 8:00,"2,681",0,"2,681"
Saturday,19 Oct 2024 9:00,"2,506",0,"2,506"
Saturday,19 Oct 2024 10:00,"2,620",0,"2,620"
Saturday,19 Oct 2024 11:00,"2,883",0,"2,883"
Saturday,19 Oct 2024 12:00,"3,117",0,"3,117"
Saturday,19 Oct 2024 13:00,"3,118",0,"3,118"
Saturday,19 Oct 2024 14:00,"3,221",0,"3,221"
Saturday,19 Oct 2024 15:00,"3,300",0,"3,300"
Saturday,19 Oct 2024 16:00,"3,242",0,"3,242"
Saturday,19 Oct 2024 17:00,"3,247",0,"3,247"
Saturday,19 Oct 2024 18:00,"2,966",0,"2,966"
Saturday,19 Oct 2024 19:00,"2,714",0,"2,714"
Saturday,19 Oct 2024 20:00,"2,813",0,"2,813"
Saturday,19 Oct 2024 21:00,"2,666",0,"2,666"
Saturday,19 Oct 2024 22:00,"2,530",0,"2,530"
Saturday,19 Oct 2024 23:00,"2,541",0,"3,165"
Sunday,20 Oct 2024 0:00,"2,604",0,"2,604"
Sunday,20 Oct 2024 1:00,"3,159",0,"3,159"
Sunday,20 Oct 2024 2:00,"3,107",0,"3,107"
Sunday,20 Oct 2024 3:00,"5,290",0,"2,388"
Sunday,20 Oct 2024 4:00,"2,443",0,"2,443"
Sunday,20 Oct 2024 5:00,"2,368",0,"2,368"
Sunday,20 Oct 2024 6:00,"2,439",0,"2,439"
Sunday,20 Oct 2024 7:00,"2,526",0,"2,526"
Sunday,20 Oct 2024 8:00,"2,642",0,"2,642"
Sunday,20 Oct 2024 9:00,"2,599",0,"2,599"
Sunday,20 Oct 2024 10:00,"2,979",0,"2,979"
Sunday,20 Oct 2024 11:00,"3,009",0,"3,009"
Sunday,20 Oct 2024 12:00,"3,078",0,"3,078"
Sunday,20 Oct 2024 13:00,"3,048",0,"3,048"
Sunday,20 Oct 2024 14:00,"3,294",0,"3,294"
Sunday,20 Oct 2024 15:00,"3,304",0,"3,304"
Sunday,20 Oct 2024 16:00,"3,373",0,"3,373"
Sunday,20 Oct 2024 17:00,"3,335",0,"3,335"
Sunday,20 Oct 2024 18:00,"2,975",0,"2,975"
Sunday,20 Oct 2024 19:00,"2,799",0,"2,799"
Sunday,20 Oct 2024 20:00,"2,579",0,"2,579"
Sunday,20 Oct 2024 21:00,"2,492",0,"2,492"
Sunday,20 Oct 2024 22:00,"2,591",0,"2,591"
Sunday,20 Oct 2024 23:00,"2,527",0,"3,134"
Monday,21 Oct 2024 0:00,"2,631",0,"2,631"
Monday,21 Oct 2024 1:00,"2,596",0,"2,596"
Monday,21 Oct 2024 2:00,"2,338",0,"2,338"
Monday,21 Oct 2024 3:00,"5,382",0,"2,400"
Monday,21 Oct 2024 4:00,"2,350",0,"2,350"
Monday,21 Oct 2024 5:00,"2,300",0,"2,300"
Monday,21 Oct 2024 6:00,"2,561",0,"2,561"
Monday,21 Oct 2024 7:00,"2,397",0,"2,397"
Monday,21 Oct 2024 8:00,"2,711",0,"2,711"
Monday,21 Oct 2024 9:00,"3,895",0,"3,895"
Monday,21 Oct 2024 10:00,"3,593",0,"3,593"
Monday,21 Oct 2024 11:00,"4,024",0,"4,024"
Monday,21 Oct 2024 12:00,"3,985",0,"3,985"
Monday,21 Oct 2024 13:00,"4,232",0,"4,232"
Monday,21 Oct 2024 14:00,"4,240",0,"4,240"
Monday,21 Oct 2024 15:00,"4,533",0,"4,533"
Monday,21 Oct 2024 16:00,"4,519",0,"4,519"
Monday,21 Oct 2024 17:00,"4,107",0,"4,107"
Monday,21 Oct 2024 18:00,"3,730",0,"3,730"
Monday,21 Oct 2024 19:00,"3,240",0,"3,240"
Monday,21 Oct 2024 20:00,"3,230",0,"3,230"
Monday,21 Oct 2024 21:00,"3,026",0,"3,026"
Monday,21 Oct 2024 22:00,"2,990",0,"2,990"
Monday,21 Oct 2024 23:00,"2,892",0,"3,602"
Tuesday,22 Oct 2024 0:00,"2,768",0,"2,768"
Tuesday,22 Oct 2024 1:00,"2,777",0,"2,777"
Tuesday,22 Oct 2024 2:00,"2,709",0,"2,709"
Tuesday,22 Oct 2024 3:00,"6,082",0,"2,691"
Tuesday,22 Oct 2024 4:00,"2,671",0,"2,671"
Tuesday,22 Oct 2024 5:00,"2,681",0,"2,681"
Tuesday,22 Oct 2024 6:00,"2,901",0,"2,901"
Tuesday,22 Oct 2024 7:00,"3,200",0,"3,200"
Tuesday,22 Oct 2024 8:00,"3,506",0,"3,506"
Tuesday,22 Oct 2024 9:00,"4,151",0,"4,151"
Tuesday,22 Oct 2024 10:00,"4,059",0,"4,059"
Tuesday,22 Oct 2024 11:00,"4,375",0,"4,375"
Tuesday,22 Oct 2024 12:00,"6,492",0,"6,492"
Tuesday,22 Oct 2024 13:00,"8,679",0,"8,679"
Tuesday,22 Oct 2024 14:00,"8,911",0,"8,911"
Tuesday,22 Oct 2024 15:00,"8,933",0,"8,933"
Tuesday,22 Oct 2024 16:00,"8,894",0,"8,894"
Tuesday,22 Oct 2024 17:00,"8,500",0,"8,500"
Tuesday,22 Oct 2024 18:00,"8,012",0,"8,012"
Tuesday,22 Oct 2024 19:00,"7,657",0,"7,657"
Tuesday,22 Oct 2024 20:00,"7,850",0,"7,850"
Tuesday,22 Oct 2024 21:00,"7,556",0,"7,556"
Tuesday,22 Oct 2024 22:00,"7,188",0,"7,188"
Tuesday,22 Oct 2024 23:00,"7,302",0,"9,108"
Wednesday,23 Oct 2024 0:00,"7,133",0,"7,133"
Wednesday,23 Oct 2024 1:00,"7,074",0,"7,074"
Wednesday,23 Oct 2024 2:00,"7,140",0,"7,140"
Wednesday,23 Oct 2024 3:00,"15,659",0,"6,986"
Wednesday,23 Oct 2024 4:00,"7,059",0,"7,059"
Wednesday,23 Oct 2024 5:00,"7,181",0,"7,181"
Wednesday,23 Oct 2024 6:00,"7,476",0,"7,476"
Wednesday,23 Oct 2024 7:00,"7,618",0,"7,618"
Wednesday,23 Oct 2024 8:00,"7,974",0,"7,974"
Wednesday,23 Oct 2024 9:00,"8,110",0,"8,110"
Wednesday,23 Oct 2024 10:00,"8,331",0,"8,331"
Wednesday,23 Oct 2024 11:00,"8,519",0,"8,519"
Wednesday,23 Oct 2024 12:00,"8,738",0,"8,738"
Wednesday,23 Oct 2024 13:00,"8,931",0,"8,931"
Wednesday,23 Oct 2024 14:00,"8,819",0,"8,819"
Wednesday,23 Oct 2024 15:00,"8,704",0,"8,704"
Wednesday,23 Oct 2024 16:00,"8,875",0,"8,875"
Wednesday,23 Oct 2024 17:00,"8,752",0,"8,752"
Wednesday,23 Oct 2024 18:00,"8,436",0,"8,436"
Wednesday,23 Oct 2024 19:00,"8,263",0,"8,263"
Wednesday,23 Oct 2024 20:00,"8,202",0,"8,202"
Wednesday,23 Oct 2024 21:00,"7,833",0,"7,833"
Wednesday,23 Oct 2024 22:00,"7,769",0,"7,769"
Wednesday,23 Oct 2024 23:00,"7,702",0,"9,651"
Thursday,24 Oct 2024 0:00,"7,757",0,"7,757"
Thursday,24 Oct 2024 1:00,"7,721",0,"7,721"
Thursday,24 Oct 2024 2:00,"7,685",0,"7,685"
Thursday,24 Oct 2024 3:00,"17,123",0,"7,572"
Thursday,24 Oct 2024 4:00,"7,385",0,"7,385"
Thursday,24 Oct 2024 5:00,"7,443",0,"7,443"
Thursday,24 Oct 2024 6:00,"7,881",0,"7,881"
Thursday,24 Oct 2024 7:00,"8,030",0,"8,030"
Thursday,24 Oct 2024 8:00,"8,282",0,"8,282"
Thursday,24 Oct 2024 9:00,"8,265",0,"8,265"
Thursday,24 Oct 2024 10:00,"8,493",0,"8,493"
Thursday,24 Oct 2024 11:00,"8,643",0,"8,643"
Thursday,24 Oct 2024 12:00,"8,490",0,"8,490"
Thursday,24 Oct 2024 13:00,"8,347",0,"8,347"
Thursday,24 Oct 2024 14:00,"8,234",0,"8,234"
Thursday,24 Oct 2024 15:00,"8,169",0,"8,169"
Thursday,24 Oct 2024 16:00,"5,723",0,"5,723"
Thursday,24 Oct 2024 17:00,"3,507",0,"3,507"
Thursday,24 Oct 2024 18:00,"3,073",0,"3,073"
Thursday,24 Oct 2024 19:00,"2,746",0,"2,746"
Thursday,24 Oct 2024 20:00,"2,483",0,"2,483"
Thursday,24 Oct 2024 21:00,"2,420",0,"2,420"
Thursday,24 Oct 2024 22:00,"2,231",0,"2,231"
Thursday,24 Oct 2024 23:00,"2,227",0,"2,802"
Friday,25 Oct 2024 0:00,"2,285",0,"2,285"
Friday,25 Oct 2024 1:00,"2,167",0,"2,167"
Friday,25 Oct 2024 2:00,"2,110",0,"2,110"
Friday,25 Oct 2024 3:00,"5,441",0,"2,379"
Friday,25 Oct 2024 4:00,"2,141",0,"2,141"
Friday,25 Oct 2024 5:00,"2,114",0,"2,114"
Friday,25 Oct 2024 6:00,"2,318",0,"2,318"
Friday,25 Oct 2024 7:00,"5,203",0,"5,203"
Friday,25 Oct 2024 8:00,"3,163",0,"3,163"
Friday,25 Oct 2024 9:00,"3,179",0,"3,179"
Friday,25 Oct 2024 10:00,"3,435",0,"3,435"
Friday,25 Oct 2024 11:00,"3,458",0,"3,458"
Friday,25 Oct 2024 12:00,"3,101",0,"3,101"
Friday,25 Oct 2024 13:00,"2,486",0,"2,486"
Friday,25 Oct 2024 14:00,"3,125",0,"3,125"
Friday,25 Oct 2024 15:00,"3,384",0,"3,384"
Friday,25 Oct 2024 16:00,"3,129",0,"3,129"
Friday,25 Oct 2024 17:00,"3,188",0,"3,188"
Friday,25 Oct 2024 18:00,"2,570",0,"2,570"
Friday,25 Oct 2024 19:00,"2,378",0,"2,378"
Friday,25 Oct 2024 20:00,"2,230",0,"2,230"
Friday,25 Oct 2024 21:00,"2,153",0,"2,153"
Friday,25 Oct 2024 22:00,"1,883",0,"1,883"
Friday,25 Oct 2024 23:00,"1,920",0,"2,418"
Saturday,26 Oct 2024 0:00,"2,105",0,"2,105"
Saturday,26 Oct 2024 1:00,"2,206",0,"2,206"
Saturday,26 Oct 2024 2:00,"1,984",0,"1,984"
Saturday,26 Oct 2024 3:00,"4,310",0,"1,928"
Saturday,26 Oct 2024 4:00,"1,807",0,"1,807"
Saturday,26 Oct 2024 5:00,"1,811",0,"1,811"
Saturday,26 Oct 2024 6:00,"1,823",0,"1,823"
Saturday,26 Oct 2024 7:00,"1,940",0,"1,940"
Saturday,26 Oct 2024 8:00,"1,949",0,"1,949"
Saturday,26 Oct 2024 9:00,"2,378",0,"2,378"
Saturday,26 Oct 2024 10:00,"2,502",0,"2,502"
Saturday,26 Oct 2024 11:00,"2,852",0,"2,852"
Saturday,26 Oct 2024 12:00,"2,820",0,"2,820"
Saturday,26 Oct 2024 13:00,"2,817",0,"2,817"
Saturday,26 Oct 2024 14:00,"2,946",0,"2,946"
Saturday,26 Oct 2024 15:00,"3,004",0,"3,004"
Saturday,26 Oct 2024 16:00,"3,019",0,"3,019"
Saturday,26 Oct 2024 17:00,"2,670",0,"2,670"
Saturday,26 Oct 2024 18:00,"2,477",0,"2,477"
Saturday,26 Oct 2024 19:00,"2,246",0,"2,246"
Saturday,26 Oct 2024 20:00,"2,257",0,"2,257"
Saturday,26 Oct 2024 21:00,"1,914",0,"1,914"
Saturday,26 Oct 2024 22:00,"1,794",0,"1,794"
Saturday,26 Oct 2024 23:00,"1,901",0,"2,405"
Sunday,27 Oct 2024 0:00,"1,918",0,"1,918"
Sunday,27 Oct 2024 1:00,"1,978",0,"1,978"
Sunday,27 Oct 2024 2:00,"1,873",0,"1,873"
Sunday,27 Oct 2024 3:00,"4,291",0,"1,931"
Sunday,27 Oct 2024 4:00,"1,823",0,"1,823"
Sunday,27 Oct 2024 5:00,"1,778",0,"1,778"
Sunday,27 Oct 2024 6:00,"1,930",0,"1,930"
Sunday,27 Oct 2024 7:00,"1,933",0,"1,933"
Sunday,27 Oct 2024 8:00,"2,188",0,"2,188"
Sunday,27 Oct 2024 9:00,"2,172",0,"2,172"
Sunday,27 Oct 2024 10:00,"2,097",0,"2,097"
Sunday,27 Oct 2024 11:00,"2,106",0,"2,106"
Sunday,27 Oct 2024 12:00,"2,053",0,"2,053"
Sunday,27 Oct 2024 13:00,"2,188",0,"2,188"
Sunday,27 Oct 2024 14:00,"2,117",0,"2,117"
Sunday,27 Oct 2024 15:00,"2,259",0,"2,259"
Sunday,27 Oct 2024 16:00,"2,336",0,"2,336"
Sunday,27 Oct 2024 17:00,"2,113",0,"2,113"
Sunday,27 Oct 2024 18:00,"2,114",0,"2,114"
Sunday,27 Oct 2024 19:00,"1,951",0,"1,951"
Sunday,27 Oct 2024 20:00,"1,819",0,"1,819"
Sunday,27 Oct 2024 21:00,"2,001",0,"2,001"
Sunday,27 Oct 2024 22:00,"2,071",0,"2,071"
Sunday,27 Oct 2024 23:00,"2,042",0,"2,539"
Monday,28 Oct 2024 0:00,"2,027",0,"2,027"
Monday,28 Oct 2024 1:00,"1,960",0,"1,960"
Monday,28 Oct 2024 2:00,"2,084",0,"2,084"
Monday,28 Oct 2024 3:00,"4,250",0,"1,911"
Monday,28 Oct 2024 4:00,"1,856",0,"1,856"
Monday,28 Oct 2024 5:00,"1,917",0,"1,917"
Monday,28 Oct 2024 6:00,"2,304",0,"2,304"
Monday,28 Oct 2024 7:00,"2,447",0,"2,447"
Monday,28 Oct 2024 8:00,"2,522",0,"2,522"
Monday,28 Oct 2024 9:00,"2,491",0,"2,491"
Monday,28 Oct 2024 10:00,"2,622",0,"2,622"
Monday,28 Oct 2024 11:00,"2,601",0,"2,601"
Monday,28 Oct 2024 12:00,"2,480",0,"2,480"
Monday,28 Oct 2024 13:00,"2,554",0,"2,554"
Monday,28 Oct 2024 14:00,"2,404",0,"2,404"
Monday,28 Oct 2024 15:00,"2,653",0,"2,653"
Monday,28 Oct 2024 16:00,"2,481",0,"2,481"
Monday,28 Oct 2024 17:00,"2,452",0,"2,452"
Monday,28 Oct 2024 18:00,"2,121",0,"2,121"
Monday,28 Oct 2024 19:00,"2,055",0,"2,055"
Monday,28 Oct 2024 20:00,"2,014",0,"2,014"
Monday,28 Oct 2024 21:00,"2,116",0,"2,116"
Monday,28 Oct 2024 22:00,"1,933",0,"1,933"
Monday,28 Oct 2024 23:00,"1,916",0,"2,392"
Tuesday,29 Oct 2024 0:00,"2,087",0,"2,087"
Tuesday,29 Oct 2024 1:00,"1,927",0,"1,927"
Tuesday,29 Oct 2024 2:00,"1,911",0,"1,911"
Tuesday,29 Oct 2024 3:00,"4,318",0,"1,899"
Tuesday,29 Oct 2024 4:00,"2,072",0,"2,072"
Tuesday,29 Oct 2024 5:00,"2,078",0,"2,078"
Tuesday,29 Oct 2024 6:00,"2,325",0,"2,325"
Tuesday,29 Oct 2024 7:00,"2,390",0,"2,390"
Tuesday,29 Oct 2024 8:00,"2,551",0,"2,551"
Tuesday,29 Oct 2024 9:00,"2,710",0,"2,710"
Tuesday,29 Oct 2024 10:00,"2,749",0,"2,749"
Tuesday,29 Oct 2024 11:00,"2,739",0,"2,739"
Tuesday,29 Oct 2024 12:00,"3,182",0,"3,182"
Tuesday,29 Oct 2024 13:00,"2,698",0,"2,698"
Tuesday,29 Oct 2024 14:00,"2,532",0,"2,532"
Tuesday,29 Oct 2024 15:00,995.43,0,995.43
Tuesday,29 Oct 2024 16:00,315.39,0,315.39
Tuesday,29 Oct 2024 17:00,310.76,0,310.76
Tuesday,29 Oct 2024 18:00,316.55,0,316.55
Tuesday,29 Oct 2024 19:00,322.16,0,322.16
Tuesday,29 Oct 2024 20:00,308.53,0,308.53
Tuesday,29 Oct 2024 21:00,308.72,0,308.72
Tuesday,29 Oct 2024 22:00,312.8,0,312.8
Tuesday,29 Oct 2024 23:00,322.43,0,404.38
Wednesday,30 Oct 2024 0:00,321.01,0,321.01
Wednesday,30 Oct 2024 1:00,329.46,0,329.46
Wednesday,30 Oct 2024 2:00,327.97,0,327.97
Wednesday,30 Oct 2024 3:00,761.23,0,330.86
Wednesday,30 Oct 2024 4:00,329.15,0,329.15
Wednesday,30 Oct 2024 5:00,332.81,0,332.81
Wednesday,30 Oct 2024 6:00,323.62,0,323.62
Wednesday,30 Oct 2024 7:00,328.7,0,328.7
Wednesday,30 Oct 2024 8:00,295.99,0,295.99
Wednesday,30 Oct 2024 9:00,204.37,0,204.37
Wednesday,30 Oct 2024 10:00,205.88,0,205.88
Wednesday,30 Oct 2024 11:00,193.2,0,193.2
Wednesday,30 Oct 2024 12:00,185.51,0,185.51
Wednesday,30 Oct 2024 13:00,201.39,0,201.39
Wednesday,30 Oct 2024 14:00,189.19,0,189.19
Wednesday,30 Oct 2024 15:00,189.47,0,189.47
Wednesday,30 Oct 2024 16:00,221.86,0,221.86
Wednesday,30 Oct 2024 17:00,246.17,0,246.17
Wednesday,30 Oct 2024 18:00,264.32,0,264.32
Wednesday,30 Oct 2024 19:00,312.65,0,312.65
Wednesday,30 Oct 2024 20:00,326.34,0,326.34
Wednesday,30 Oct 2024 21:00,320.95,0,320.95
Wednesday,30 Oct 2024 22:00,308.84,0,308.84
Wednesday,30 Oct 2024 23:00,316.39,0,398.5
Thursday,31 Oct 2024 0:00,317.53,0,317.53
Thursday,31 Oct 2024 1:00,320.91,0,320.91
Thursday,31 Oct 2024 2:00,320.56,0,320.56
Thursday,31 Oct 2024 3:00,748.71,0,334.39
Thursday,31 Oct 2024 4:00,329.5,0,329.5
Thursday,31 Oct 2024 5:00,324.88,0,324.88
Thursday,31 Oct 2024 6:00,317.7,0,317.7
Thursday,31 Oct 2024 7:00,320.63,0,320.63
Thursday,31 Oct 2024 8:00,317.97,0,317.97
Thursday,31 Oct 2024 9:00,307.72,0,307.72
Thursday,31 Oct 2024 10:00,313.71,0,313.71
Thursday,31 Oct 2024 11:00,314.25,0,314.25
Thursday,31 Oct 2024 12:00,306.17,0,306.17
Thursday,31 Oct 2024 13:00,300.57,0,300.57
Thursday,31 Oct 2024 14:00,309.59,0,309.59
Thursday,31 Oct 2024 15:00,315.04,0,315.04
Thursday,31 Oct 2024 16:00,318.37,0,318.37
Thursday,31 Oct 2024 17:00,308.72,0,308.72
Thursday,31 Oct 2024 18:00,315.17,0,315.17
Thursday,31 Oct 2024 19:00,314.44,0,314.44
Thursday,31 Oct 2024 20:00,318.84,0,318.84
Thursday,31 Oct 2024 21:00,316.92,0,316.92
Thursday,31 Oct 2024 22:00,316.12,0,316.12
Thursday,31 Oct 2024 23:00,315.43,0,393.2
Friday,01 Nov 2024 0:00,316.75,0,316.75
Friday,01 Nov 2024 1:00,324.19,0,324.19
Friday,01 Nov 2024 2:00,320.59,0,320.59
Friday,01 Nov 2024 3:00,716.73,0,318.84
Friday,01 Nov 2024 4:00,324.72,0,324.72
Friday,01 Nov 2024 5:00,324.9,0,324.9
Friday,01 Nov 2024 6:00,328.11,0,328.11
Friday,01 Nov 2024 7:00,328.81,0,328.81
Friday,01 Nov 2024 8:00,330.66,0,330.66
Friday,01 Nov 2024 9:00,313.66,0,313.66
Friday,01 Nov 2024 10:00,314.26,0,314.26
Friday,01 Nov 2024 11:00,317.36,0,317.36
Friday,01 Nov 2024 12:00,317.08,0,317.08
Friday,01 Nov 2024 13:00,311.54,0,311.54
Friday,01 Nov 2024 14:00,309.06,0,309.06
Friday,01 Nov 2024 15:00,312.16,0,312.16
Friday,01 Nov 2024 16:00,312.79,0,312.79
Friday,01 Nov 2024 17:00,310.78,0,310.78
Friday,01 Nov 2024 18:00,320.78,0,320.78
Friday,01 Nov 2024 19:00,322.31,0,322.31
Friday,01 Nov 2024 20:00,319.82,0,319.82
Friday,01 Nov 2024 21:00,323.07,0,323.07
Friday,01 Nov 2024 22:00,316.43,0,316.43
Friday,01 Nov 2024 23:00,321.3,0,403.65
Saturday,02 Nov 2024 0:00,331.13,0,331.13
Saturday,02 Nov 2024 1:00,331.39,0,331.39
Saturday,02 Nov 2024 2:00,328.63,0,328.63
Saturday,02 Nov 2024 3:00,737.63,0,328.86
Saturday,02 Nov 2024 4:00,319.59,0,319.59
Saturday,02 Nov 2024 5:00,316.68,0,316.68
Saturday,02 Nov 2024 6:00,320.44,0,320.44
Saturday,02 Nov 2024 7:00,324.7,0,324.7
Saturday,02 Nov 2024 8:00,326.06,0,326.06
Saturday,02 Nov 2024 9:00,322.39,0,322.39
Saturday,02 Nov 2024 10:00,323.63,0,323.63
Saturday,02 Nov 2024 11:00,317.32,0,317.32
Saturday,02 Nov 2024 12:00,323.85,0,323.85
Saturday,02 Nov 2024 13:00,316.69,0,316.69
Saturday,02 Nov 2024 14:00,314.37,0,314.37
Saturday,02 Nov 2024 15:00,304.12,0,304.12
Saturday,02 Nov 2024 16:00,308.61,0,308.61
Saturday,02 Nov 2024 17:00,313.23,0,313.23
Saturday,02 Nov 2024 18:00,312.27,0,312.27
Saturday,02 Nov 2024 19:00,313.51,0,313.51
Saturday,02 Nov 2024 20:00,316.94,0,316.94
Saturday,02 Nov 2024 21:00,320.53,0,320.53
Saturday,02 Nov 2024 22:00,322.98,0,322.98
Saturday,02 Nov 2024 23:00,"1,958",0,"2,303"
Sunday,03 Nov 2024 0:00,399.7,0,399.7
Sunday,03 Nov 2024 1:00,886.71,0,886.71
Sunday,03 Nov 2024 2:00,321.63,0,321.63
Sunday,03 Nov 2024 3:00,724.74,0,325.64
Sunday,03 Nov 2024 4:00,324.81,0,324.81
Sunday,03 Nov 2024 5:00,323.26,0,323.26
Sunday,03 Nov 2024 6:00,316.53,0,316.53
Sunday,03 Nov 2024 7:00,312.62,0,312.62
Sunday,03 Nov 2024 8:00,231.98,0,311.89
Sunday,03 Nov 2024 9:00,397.36,0,317.45
Sunday,03 Nov 2024 10:00,324.47,0,324.47
Sunday,03 Nov 2024 11:00,326.38,0,326.38
Sunday,03 Nov 2024 12:00,316.7,0,316.7
Sunday,03 Nov 2024 13:00,321.66,0,321.66
Sunday,03 Nov 2024 14:00,313.23,0,313.23
Sunday,03 Nov 2024 15:00,316.58,0,316.58
Sunday,03 Nov 2024 16:00,310.35,0,310.35
Sunday,03 Nov 2024 17:00,312.26,0,312.26
Sunday,03 Nov 2024 18:00,311.48,0,311.48
Sunday,03 Nov 2024 19:00,309.84,0,309.84
Sunday,03 Nov 2024 20:00,313.7,0,313.7
Sunday,03 Nov 2024 21:00,317.46,0,317.46
Sunday,03 Nov 2024 22:00,321.42,0,321.42
Sunday,03 Nov 2024 23:00,320.92,0,402.1
Monday,04 Nov 2024 0:00,328.82,0,328.82
Monday,04 Nov 2024 1:00,317.9,0,317.9
Monday,04 Nov 2024 2:00,322.74,0,322.74
Monday,04 Nov 2024 3:00,721.77,0,322.42
Monday,04 Nov 2024 4:00,326.33,0,326.33
Monday,04 Nov 2024 5:00,326.66,0,326.66
Monday,04 Nov 2024 6:00,322.37,0,322.37
Monday,04 Nov 2024 7:00,319,0,319
Monday,04 Nov 2024 8:00,310.75,0,310.75
Monday,04 Nov 2024 9:00,336.22,0,336.22
Monday,04 Nov 2024 10:00,329.3,0,329.3
Monday,04 Nov 2024 11:00,322.08,0,322.08
Monday,04 Nov 2024 12:00,333.08,0,333.08
Monday,04 Nov 2024 13:00,333.21,0,333.21
Monday,04 Nov 2024 14:00,325,0,325
Monday,04 Nov 2024 15:00,315.27,0,315.27
Monday,04 Nov 2024 16:00,324.8,0,324.8
Monday,04 Nov 2024 17:00,326.86,0,326.86
Monday,04 Nov 2024 18:00,326.72,0,326.72
Monday,04 Nov 2024 19:00,325.28,0,325.28
Monday,04 Nov 2024 20:00,331.61,0,331.61
Monday,04 Nov 2024 21:00,330.34,0,330.34
Monday,04 Nov 2024 22:00,"1,563",0,"1,563"
Monday,04 Nov 2024 23:00,"1,965",0,"2,420"
Tuesday,05 Nov 2024 0:00,"1,832",0,"1,832"
Tuesday,05 Nov 2024 1:00,"1,925",0,"1,925"
Tuesday,05 Nov 2024 2:00,"2,174",0,"2,174"
Tuesday,05 Nov 2024 3:00,"5,147",0,"2,444"
Tuesday,05 Nov 2024 4:00,"2,065",0,"2,065"
Tuesday,05 Nov 2024 5:00,"2,006",0,"2,006"
Tuesday,05 Nov 2024 6:00,"2,242",0,"2,242"
Tuesday,05 Nov 2024 7:00,"2,321",0,"2,321"
Tuesday,05 Nov 2024 8:00,"2,678",0,"2,678"
Tuesday,05 Nov 2024 9:00,"3,644",0,"3,644"
Tuesday,05 Nov 2024 10:00,"3,425",0,"3,425"
Tuesday,05 Nov 2024 11:00,"3,600",0,"3,600"
Tuesday,05 Nov 2024 12:00,"3,651",0,"3,651"
Tuesday,05 Nov 2024 13:00,"3,673",0,"3,673"
Tuesday,05 Nov 2024 14:00,"3,927",0,"3,927"
Tuesday,05 Nov 2024 15:00,"3,727",0,"3,727"
Tuesday,05 Nov 2024 16:00,"3,902",0,"3,902"
Tuesday,05 Nov 2024 17:00,"3,452",0,"3,452"
Tuesday,05 Nov 2024 18:00,"3,686",0,"3,686"
Tuesday,05 Nov 2024 19:00,"3,043",0,"3,043"
Tuesday,05 Nov 2024 20:00,"3,070",0,"3,070"
Tuesday,05 Nov 2024 21:00,"2,953",0,"2,953"
Tuesday,05 Nov 2024 22:00,"2,939",0,"2,939"
Tuesday,05 Nov 2024 23:00,"2,100",0,"3,538"
Wednesday,06 Nov 2024 0:00,"3,698",0,"2,979"
Wednesday,06 Nov 2024 1:00,"3,281",0,"3,281"
Wednesday,06 Nov 2024 2:00,"2,825",0,"2,825"
Wednesday,06 Nov 2024 3:00,"6,187",0,"2,716"
Wednesday,06 Nov 2024 4:00,"2,772",0,"2,772"
Wednesday,06 Nov 2024 5:00,"3,038",0,"3,038"
Wednesday,06 Nov 2024 6:00,"3,388",0,"3,388"
Wednesday,06 Nov 2024 7:00,"3,433",0,"3,433"
Wednesday,06 Nov 2024 8:00,"3,922",0,"3,922"
Wednesday,06 Nov 2024 9:00,"4,057",0,"4,057"
Wednesday,06 Nov 2024 10:00,"4,520",0,"4,520"
Wednesday,06 Nov 2024 11:00,"4,479",0,"4,479"
Wednesday,06 Nov 2024 12:00,"3,971",0,"3,971"
Wednesday,06 Nov 2024 13:00,828.68,0,828.68
Wednesday,06 Nov 2024 14:00,"1,939",0,"1,939"
Wednesday,06 Nov 2024 15:00,531.69,0,531.69
Wednesday,06 Nov 2024 16:00,657.75,0,657.75
Wednesday,06 Nov 2024 17:00,422.57,0,422.57
Wednesday,06 Nov 2024 18:00,312.58,0,312.58
Wednesday,06 Nov 2024 19:00,320.73,0,320.73
Wednesday,06 Nov 2024 20:00,313.96,0,313.96
Wednesday,06 Nov 2024 21:00,321.72,0,321.72
Wednesday,06 Nov 2024 22:00,322.2,0,322.2
Wednesday,06 Nov 2024 23:00,240.55,0,399.31
Thursday,07 Nov 2024 0:00,404.24,0,324.86
Thursday,07 Nov 2024 1:00,326.01,0,326.01
Thursday,07 Nov 2024 2:00,325.56,0,325.56
Thursday,07 Nov 2024 3:00,743.33,0,330.14
Thursday,07 Nov 2024 4:00,324.9,0,324.9
Thursday,07 Nov 2024 5:00,329.48,0,329.48
Thursday,07 Nov 2024 6:00,338.83,0,338.83
Thursday,07 Nov 2024 7:00,324.28,0,324.28
Thursday,07 Nov 2024 8:00,319.67,0,319.67
Thursday,07 Nov 2024 9:00,314.1,0,314.1
Thursday,07 Nov 2024 10:00,309.71,0,309.71
Thursday,07 Nov 2024 11:00,310.45,0,310.45
Thursday,07 Nov 2024 12:00,322.47,0,322.47
Thursday,07 Nov 2024 13:00,316.21,0,316.21
Thursday,07 Nov 2024 14:00,328.1,0,328.1
Thursday,07 Nov 2024 15:00,316.88,0,316.88
Thursday,07 Nov 2024 16:00,325.93,0,325.93
Thursday,07 Nov 2024 17:00,319.8,0,319.8
Thursday,07 Nov 2024 18:00,304.44,0,304.44
Thursday,07 Nov 2024 19:00,314.92,0,314.92
Thursday,07 Nov 2024 20:00,321.42,0,321.42
Thursday,07 Nov 2024 21:00,320.6,0,320.6
Thursday,07 Nov 2024 22:00,322.56,0,322.56
Thursday,07 Nov 2024 23:00,327.53,0,408.66
Friday,08 Nov 2024 0:00,333.4,0,333.4
Friday,08 Nov 2024 1:00,325.1,0,325.1
Friday,08 Nov 2024 2:00,325.62,0,325.62
Friday,08 Nov 2024 3:00,695.1,0,317.09
Friday,08 Nov 2024 4:00,323.93,0,323.93
Friday,08 Nov 2024 5:00,319.07,0,319.07
Friday,08 Nov 2024 6:00,322.48,0,322.48
Friday,08 Nov 2024 7:00,319.44,0,319.44
Friday,08 Nov 2024 8:00,316.74,0,316.74
Friday,08 Nov 2024 9:00,313.9,0,313.9
Friday,08 Nov 2024 10:00,306.61,0,306.61
Friday,08 Nov 2024 11:00,311.01,0,311.01
Friday,08 Nov 2024 12:00,362.83,0,362.83
Friday,08 Nov 2024 13:00,"2,939",0,"2,939"
Friday,08 Nov 2024 14:00,763.62,0,763.62
Friday,08 Nov 2024 15:00,311.45,0,311.45
Friday,08 Nov 2024 16:00,318.88,0,318.88
Friday,08 Nov 2024 17:00,319.85,0,319.85
Friday,08 Nov 2024 18:00,322.13,0,322.13
Friday,08 Nov 2024 19:00,317.96,0,317.96
Friday,08 Nov 2024 20:00,323.21,0,323.21
Friday,08 Nov 2024 21:00,316.99,0,316.99
Friday,08 Nov 2024 22:00,306.96,0,306.96
Friday,08 Nov 2024 23:00,315.13,0,394.31
Saturday,09 Nov 2024 0:00,324.26,0,324.26
Saturday,09 Nov 2024 1:00,323.67,0,323.67
Saturday,09 Nov 2024 2:00,333.5,0,333.5
Saturday,09 Nov 2024 3:00,719.5,0,325.43
Saturday,09 Nov 2024 4:00,325.99,0,325.99
Saturday,09 Nov 2024 5:00,333.21,0,333.21
Saturday,09 Nov 2024 6:00,324.91,0,324.91
Saturday,09 Nov 2024 7:00,321.69,0,321.69
Saturday,09 Nov 2024 8:00,312.47,0,312.47
Saturday,09 Nov 2024 9:00,313.88,0,313.88
Saturday,09 Nov 2024 10:00,317.56,0,317.56
Saturday,09 Nov 2024 11:00,315.2,0,315.2
Saturday,09 Nov 2024 12:00,310.64,0,310.64
Saturday,09 Nov 2024 13:00,316.77,0,316.77
Saturday,09 Nov 2024 14:00,318.15,0,318.15
Saturday,09 Nov 2024 15:00,312.14,0,312.14
Saturday,09 Nov 2024 16:00,307.97,0,307.97
Saturday,09 Nov 2024 17:00,306.13,0,306.13
Saturday,09 Nov 2024 18:00,315.7,0,315.7
Saturday,09 Nov 2024 19:00,319.11,0,319.11
Saturday,09 Nov 2024 20:00,315.59,0,315.59
Saturday,09 Nov 2024 21:00,315.57,0,315.57
Saturday,09 Nov 2024 22:00,326.51,0,326.51
Saturday,09 Nov 2024 23:00,323.34,0,405.62
Sunday,10 Nov 2024 0:00,324.5,0,324.5
Sunday,10 Nov 2024 1:00,322.63,0,322.63
Sunday,10 Nov 2024 2:00,321.02,0,321.02
Sunday,10 Nov 2024 3:00,722.19,0,319.23
Sunday,10 Nov 2024 4:00,323.61,0,323.61
Sunday,10 Nov 2024 5:00,327.88,0,327.88
Sunday,10 Nov 2024 6:00,324.74,0,324.74
Sunday,10 Nov 2024 7:00,326.98,0,326.98
Sunday,10 Nov 2024 8:00,311.97,0,311.97
Sunday,10 Nov 2024 9:00,312.92,0,312.92
Sunday,10 Nov 2024 10:00,309.82,0,309.82
Sunday,10 Nov 2024 11:00,313.78,0,313.78
Sunday,10 Nov 2024 12:00,309.45,0,309.45
Sunday,10 Nov 2024 13:00,321.24,0,321.24
Sunday,10 Nov 2024 14:00,314.08,0,314.08
Sunday,10 Nov 2024 15:00,316.39,0,316.39
Sunday,10 Nov 2024 16:00,321.26,0,321.26
Sunday,10 Nov 2024 17:00,316.49,0,316.49
Sunday,10 Nov 2024 18:00,312.07,0,312.07
Sunday,10 Nov 2024 19:00,320.68,0,320.68
Sunday,10 Nov 2024 20:00,309.76,0,309.76
Sunday,10 Nov 2024 21:00,316.8,0,316.8
Sunday,10 Nov 2024 22:00,325.48,0,325.48
Sunday,10 Nov 2024 23:00,322.69,0,404.84
Monday,11 Nov 2024 0:00,328.22,0,328.22
Monday,11 Nov 2024 1:00,327.79,0,327.79
Monday,11 Nov 2024 2:00,323.56,0,323.56
Monday,11 Nov 2024 3:00,718.11,0,327.36
Monday,11 Nov 2024 4:00,319.42,0,319.42
Monday,11 Nov 2024 5:00,314.1,0,314.1
Monday,11 Nov 2024 6:00,323.78,0,323.78
Monday,11 Nov 2024 7:00,317.67,0,317.67
Monday,11 Nov 2024 8:00,321.34,0,321.34
Monday,11 Nov 2024 9:00,322.36,0,322.36
Monday,11 Nov 2024 10:00,315,0,315
Monday,11 Nov 2024 11:00,239.59,0,319.47
Monday,11 Nov 2024 12:00,398.64,0,318.75
Monday,11 Nov 2024 13:00,318.19,0,318.19
Monday,11 Nov 2024 14:00,316.42,0,316.42
Monday,11 Nov 2024 15:00,317.26,0,317.26
Monday,11 Nov 2024 16:00,316.01,0,316.01
Monday,11 Nov 2024 17:00,320.25,0,320.25
Monday,11 Nov 2024 18:00,311.77,0,311.77
Monday,11 Nov 2024 19:00,314.63,0,314.63
Monday,11 Nov 2024 20:00,316.38,0,316.38
Monday,11 Nov 2024 21:00,314.8,0,314.8
Monday,11 Nov 2024 22:00,324.31,0,324.31
Monday,11 Nov 2024 23:00,322,0,404.08
Tuesday,12 Nov 2024 0:00,323.85,0,323.85
Tuesday,12 Nov 2024 1:00,327.75,0,327.75
Tuesday,12 Nov 2024 2:00,324.04,0,324.04
Tuesday,12 Nov 2024 3:00,750.19,0,332.13
Tuesday,12 Nov 2024 4:00,331.27,0,331.27
Tuesday,12 Nov 2024 5:00,333.22,0,333.22
Tuesday,12 Nov 2024 6:00,321.9,0,321.9
Tuesday,12 Nov 2024 7:00,326.78,0,326.78
Tuesday,12 Nov 2024 8:00,229.72,0,229.72
Tuesday,12 Nov 2024 9:00,"4,506",0,"4,506"
Tuesday,12 Nov 2024 10:00,762.92,0,762.92
Tuesday,12 Nov 2024 11:00,316.05,0,316.05
Tuesday,12 Nov 2024 12:00,315.72,0,315.72
Tuesday,12 Nov 2024 13:00,322.2,0,322.2
Tuesday,12 Nov 2024 14:00,323.82,0,323.82
Tuesday,12 Nov 2024 15:00,313.78,0,313.78
Tuesday,12 Nov 2024 16:00,313.1,0,313.1
Tuesday,12 Nov 2024 17:00,317.55,0,317.55
Tuesday,12 Nov 2024 18:00,315.43,0,315.43
Tuesday,12 Nov 2024 19:00,315.69,0,315.69
Tuesday,12 Nov 2024 20:00,319.12,0,319.12
Tuesday,12 Nov 2024 21:00,317.61,0,317.61
Tuesday,12 Nov 2024 22:00,319.49,0,319.49
Tuesday,12 Nov 2024 23:00,315.86,0,395.92
Wednesday,13 Nov 2024 0:00,322.75,0,322.75
Wednesday,13 Nov 2024 1:00,330.51,0,330.51
Wednesday,13 Nov 2024 2:00,325.23,0,325.23
Wednesday,13 Nov 2024 3:00,720.98,0,323.75
Wednesday,13 Nov 2024 4:00,318.14,0,318.14
Wednesday,13 Nov 2024 5:00,319.31,0,319.31
Wednesday,13 Nov 2024 6:00,325.67,0,325.67
Wednesday,13 Nov 2024 7:00,318.13,0,318.13
Wednesday,13 Nov 2024 8:00,316.19,0,316.19
Wednesday,13 Nov 2024 9:00,304.73,0,304.73
Wednesday,13 Nov 2024 10:00,311.35,0,311.35
Wednesday,13 Nov 2024 11:00,320,0,320
Wednesday,13 Nov 2024 12:00,316.59,0,316.59
Wednesday,13 Nov 2024 13:00,309.13,0,309.13
Wednesday,13 Nov 2024 14:00,319.07,0,319.07
Wednesday,13 Nov 2024 15:00,308.91,0,308.91
Wednesday,13 Nov 2024 16:00,317.52,0,317.52
Wednesday,13 Nov 2024 17:00,310.73,0,310.73
Wednesday,13 Nov 2024 18:00,311.1,0,311.1
Wednesday,13 Nov 2024 19:00,306.37,0,306.37
Wednesday,13 Nov 2024 20:00,310.67,0,310.67
Wednesday,13 Nov 2024 21:00,"1,166",0,"1,166"
Wednesday,13 Nov 2024 22:00,314.72,0,314.72
Wednesday,13 Nov 2024 23:00,310.37,0,389.7
Thursday,14 Nov 2024 0:00,319.68,0,319.68
Thursday,14 Nov 2024 1:00,325.28,0,325.28
Thursday,14 Nov 2024 2:00,326.74,0,326.74
Thursday,14 Nov 2024 3:00,747.87,0,326.14
Thursday,14 Nov 2024 4:00,318.44,0,318.44
Thursday,14 Nov 2024 5:00,325.83,0,325.83
Thursday,14 Nov 2024 6:00,321.22,0,321.22
Thursday,14 Nov 2024 7:00,316.6,0,316.6
Thursday,14 Nov 2024 8:00,309.93,0,309.93
Thursday,14 Nov 2024 9:00,313.8,0,313.8
Thursday,14 Nov 2024 10:00,320.12,0,320.12
Thursday,14 Nov 2024 11:00,309.26,0,309.26
Thursday,14 Nov 2024 12:00,309.64,0,309.64
Thursday,14 Nov 2024 13:00,237.43,0,315.58
Thursday,14 Nov 2024 14:00,395.5,0,317.35
Thursday,14 Nov 2024 15:00,314.2,0,314.2
Thursday,14 Nov 2024 16:00,316,0,316
Thursday,14 Nov 2024 17:00,317.32,0,317.32
Thursday,14 Nov 2024 18:00,313.91,0,313.91
Thursday,14 Nov 2024 19:00,306.81,0,306.81
Thursday,14 Nov 2024 20:00,320.15,0,320.15
Thursday,14 Nov 2024 21:00,313.38,0,313.38
Thursday,14 Nov 2024 22:00,314.69,0,314.69
Thursday,14 Nov 2024 23:00,315.44,0,395.93
Friday,15 Nov 2024 0:00,321.88,0,321.88
Friday,15 Nov 2024 1:00,330.21,0,330.21
Friday,15 Nov 2024 2:00,323.8,0,323.8
Friday,15 Nov 2024 3:00,752.27,0,329.25
Friday,15 Nov 2024 4:00,320.96,0,320.96
Friday,15 Nov 2024 5:00,323.66,0,323.66
Friday,15 Nov 2024 6:00,319.03,0,319.03
Friday,15 Nov 2024 7:00,323.63,0,323.63
Friday,15 Nov 2024 8:00,313.51,0,313.51
Friday,15 Nov 2024 9:00,307.59,0,307.59
Friday,15 Nov 2024 10:00,318.49,0,318.49
Friday,15 Nov 2024 11:00,313.48,0,313.48
Friday,15 Nov 2024 12:00,310.51,0,310.51
Friday,15 Nov 2024 13:00,304.88,0,304.88
Friday,15 Nov 2024 14:00,308.25,0,308.25
Friday,15 Nov 2024 15:00,310.11,0,310.11
Friday,15 Nov 2024 16:00,317.17,0,317.17
Friday,15 Nov 2024 17:00,307.96,0,307.96
Friday,15 Nov 2024 18:00,308.29,0,308.29
Friday,15 Nov 2024 19:00,316.1,0,316.1
Friday,15 Nov 2024 20:00,317.38,0,317.38
Friday,15 Nov 2024 21:00,313.75,0,313.75
Friday,15 Nov 2024 22:00,316.29,0,316.29
Friday,15 Nov 2024 23:00,315.03,0,396.27
Saturday,16 Nov 2024 0:00,321,0,321
Saturday,16 Nov 2024 1:00,320.62,0,320.62
Saturday,16 Nov 2024 2:00,320.19,0,320.19
Saturday,16 Nov 2024 3:00,737.21,0,320.62
Saturday,16 Nov 2024 4:00,316.57,0,316.57
Saturday,16 Nov 2024 5:00,318.1,0,318.1
Saturday,16 Nov 2024 6:00,315.68,0,315.68
Saturday,16 Nov 2024 7:00,319.81,0,319.81
Saturday,16 Nov 2024 8:00,313.28,0,313.28
Saturday,16 Nov 2024 9:00,309.47,0,309.47
Saturday,16 Nov 2024 10:00,313.4,0,313.4
Saturday,16 Nov 2024 11:00,315.52,0,315.52
Saturday,16 Nov 2024 12:00,311.47,0,311.47
Saturday,16 Nov 2024 13:00,318.74,0,318.74
Saturday,16 Nov 2024 14:00,309.19,0,309.19
Saturday,16 Nov 2024 15:00,310.69,0,310.69
Saturday,16 Nov 2024 16:00,312.35,0,312.35
Saturday,16 Nov 2024 17:00,314.16,0,314.16
Saturday,16 Nov 2024 18:00,311.84,0,311.84
Saturday,16 Nov 2024 19:00,310.34,0,310.34
Saturday,16 Nov 2024 20:00,317.83,0,317.83
Saturday,16 Nov 2024 21:00,312.46,0,312.46
Saturday,16 Nov 2024 22:00,314.89,0,314.89
Saturday,16 Nov 2024 23:00,321.16,0,404.96
Sunday,17 Nov 2024 0:00,325.72,0,325.72
Sunday,17 Nov 2024 1:00,321.73,0,321.73
Sunday,17 Nov 2024 2:00,323.04,0,323.04
Sunday,17 Nov 2024 3:00,736.81,0,324.54
Sunday,17 Nov 2024 4:00,319.91,0,319.91
Sunday,17 Nov 2024 5:00,324.74,0,324.74
Sunday,17 Nov 2024 6:00,316.28,0,316.28
Sunday,17 Nov 2024 7:00,314.26,0,314.26
Sunday,17 Nov 2024 8:00,312.3,0,312.3
Sunday,17 Nov 2024 9:00,309.65,0,309.65
Sunday,17 Nov 2024 10:00,312.53,0,312.53
Sunday,17 Nov 2024 11:00,310.65,0,310.65
Sunday,17 Nov 2024 12:00,309.07,0,309.07
Sunday,17 Nov 2024 13:00,311.52,0,311.52
Sunday,17 Nov 2024 14:00,315.37,0,315.37
Sunday,17 Nov 2024 15:00,307.13,0,307.13
Sunday,17 Nov 2024 16:00,308.54,0,308.54
Sunday,17 Nov 2024 17:00,310.47,0,310.47
Sunday,17 Nov 2024 18:00,308.88,0,308.88
Sunday,17 Nov 2024 19:00,306.05,0,306.05
Sunday,17 Nov 2024 20:00,313.59,0,313.59
Sunday,17 Nov 2024 21:00,320.01,0,320.01
Sunday,17 Nov 2024 22:00,322.33,0,322.33
Sunday,17 Nov 2024 23:00,319.86,0,404.83
Monday,18 Nov 2024 0:00,317.84,0,317.84
Monday,18 Nov 2024 1:00,320.36,0,320.36
Monday,18 Nov 2024 2:00,318.71,0,318.71
Monday,18 Nov 2024 3:00,718.8,0,321.85
Monday,18 Nov 2024 4:00,319.96,0,319.96
Monday,18 Nov 2024 5:00,327.77,0,327.77
Monday,18 Nov 2024 6:00,328.04,0,328.04
Monday,18 Nov 2024 7:00,323.27,0,323.27
Monday,18 Nov 2024 8:00,323.34,0,323.34
Monday,18 Nov 2024 9:00,310.69,0,310.69
Monday,18 Nov 2024 10:00,311.3,0,311.3
Monday,18 Nov 2024 11:00,311.82,0,311.82
Monday,18 Nov 2024 12:00,307.16,0,307.16
Monday,18 Nov 2024 13:00,316.12,0,316.12
Monday,18 Nov 2024 14:00,316.25,0,316.25
Monday,18 Nov 2024 15:00,315.64,0,315.64
Monday,18 Nov 2024 16:00,316.96,0,316.96
Monday,18 Nov 2024 17:00,312.05,0,312.05
Monday,18 Nov 2024 18:00,307.52,0,307.52
Monday,18 Nov 2024 19:00,310.01,0,310.01
Monday,18 Nov 2024 20:00,311.48,0,311.48
Monday,18 Nov 2024 21:00,311.9,0,311.9
Monday,18 Nov 2024 22:00,312.79,0,312.79
Monday,18 Nov 2024 23:00,313.77,0,394.21
Tuesday,19 Nov 2024 0:00,321.53,0,321.53
Tuesday,19 Nov 2024 1:00,322.87,0,322.87
Tuesday,19 Nov 2024 2:00,325.81,0,325.81
Tuesday,19 Nov 2024 3:00,739.36,0,327.88
Tuesday,19 Nov 2024 4:00,315.72,0,315.72
Tuesday,19 Nov 2024 5:00,319.01,0,319.01
Tuesday,19 Nov 2024 6:00,315.71,0,315.71
Tuesday,19 Nov 2024 7:00,240.3,0,240.3
Tuesday,19 Nov 2024 13:00,226.87,0,226.87
Tuesday,19 Nov 2024 14:00,301.81,0,301.81
Tuesday,19 Nov 2024 15:00,309.22,0,309.22
Tuesday,19 Nov 2024 16:00,307.82,0,307.82
Tuesday,19 Nov 2024 17:00,231.87,0,407.68
Tuesday,19 Nov 2024 18:00,"2,499",0,"2,323"
Tuesday,19 Nov 2024 19:00,"1,840",0,"1,840"
Tuesday,19 Nov 2024 20:00,"1,830",0,"1,830"
Tuesday,19 Nov 2024 21:00,"1,899",0,"1,899"
Tuesday,19 Nov 2024 22:00,"1,890",0,"1,890"
Tuesday,19 Nov 2024 23:00,"1,375",0,"2,240"
Wednesday,20 Nov 2024 0:00,"2,526",0,"2,093"
Wednesday,20 Nov 2024 1:00,"2,054",0,"2,054"
Wednesday,20 Nov 2024 2:00,"2,002",0,"2,002"
Wednesday,20 Nov 2024 3:00,"4,289",0,"1,851"
Wednesday,20 Nov 2024 4:00,"1,942",0,"1,942"
Wednesday,20 Nov 2024 5:00,"1,848",0,"1,848"
Wednesday,20 Nov 2024 6:00,"2,150",0,"2,150"
Wednesday,20 Nov 2024 7:00,"1,833",0,"1,833"
Wednesday,20 Nov 2024 8:00,"1,863",0,"1,863"
Wednesday,20 Nov 2024 9:00,"2,259",0,"2,259"
Wednesday,20 Nov 2024 10:00,"2,420",0,"2,420"
Wednesday,20 Nov 2024 11:00,"2,646",0,"2,646"
Wednesday,20 Nov 2024 12:00,"2,401",0,"2,401"
Wednesday,20 Nov 2024 13:00,"2,373",0,"2,373"
Wednesday,20 Nov 2024 14:00,"2,604",0,"2,604"
Wednesday,20 Nov 2024 15:00,"2,471",0,"2,471"
Wednesday,20 Nov 2024 16:00,"2,400",0,"2,400"
Wednesday,20 Nov 2024 17:00,"1,749",0,"2,290"
Wednesday,20 Nov 2024 18:00,"2,522",0,"1,981"
Wednesday,20 Nov 2024 19:00,"1,379",0,"1,827"
Wednesday,20 Nov 2024 20:00,"1,801",0,"1,813"
Wednesday,20 Nov 2024 21:00,"2,266",0,"1,807"
Wednesday,20 Nov 2024 22:00,"1,752",0,"1,752"
Wednesday,20 Nov 2024 23:00,"1,260",0,"2,071"
Thursday,21 Nov 2024 0:00,"2,154",0,"1,748"
Thursday,21 Nov 2024 1:00,"1,832",0,"1,832"
Thursday,21 Nov 2024 2:00,"1,872",0,"1,872"
Thursday,21 Nov 2024 3:00,"3,568",0,"1,802"
Thursday,21 Nov 2024 4:00,"2,170",0,"1,729"
Thursday,21 Nov 2024 5:00,"1,905",0,"1,905"
Thursday,21 Nov 2024 6:00,"2,183",0,"2,183"
Thursday,21 Nov 2024 7:00,"2,280",0,"2,280"
Thursday,21 Nov 2024 8:00,"2,509",0,"2,509"
Thursday,21 Nov 2024 9:00,"1,880",0,"2,501"
Thursday,21 Nov 2024 10:00,"2,753",0,"2,753"
Thursday,21 Nov 2024 11:00,"2,497",0,"2,497"
Thursday,21 Nov 2024 12:00,"1,567",0,"1,567"
Thursday,21 Nov 2024 13:00,"2,992",0,"2,992"
Thursday,21 Nov 2024 14:00,"2,828",0,"2,828"
Thursday,21 Nov 2024 15:00,"2,205",0,"2,205"
Thursday,21 Nov 2024 16:00,316.18,0,316.18
Thursday,21 Nov 2024 17:00,313.03,0,313.03
Thursday,21 Nov 2024 18:00,312.2,0,312.2
Thursday,21 Nov 2024 19:00,305.5,0,305.5
Thursday,21 Nov 2024 20:00,303.71,0,303.71
Thursday,21 Nov 2024 21:00,303.96,0,303.96
Thursday,21 Nov 2024 22:00,310.22,0,310.22
Thursday,21 Nov 2024 23:00,307.48,0,385.28
Friday,22 Nov 2024 0:00,331.4,0,331.4
Friday,22 Nov 2024 1:00,331.45,0,331.45
Friday,22 Nov 2024 2:00,328.25,0,328.25
Friday,22 Nov 2024 3:00,734.23,0,331.6
Friday,22 Nov 2024 4:00,322.88,0,322.88
Friday,22 Nov 2024 5:00,324.84,0,324.84
Friday,22 Nov 2024 6:00,318.36,0,318.36
Friday,22 Nov 2024 7:00,313.39,0,313.39
Friday,22 Nov 2024 8:00,313.47,0,313.47
Friday,22 Nov 2024 9:00,313.6,0,313.6
Friday,22 Nov 2024 10:00,320.69,0,320.69
Friday,22 Nov 2024 11:00,313.78,0,313.78
Friday,22 Nov 2024 12:00,316.61,0,316.61
Friday,22 Nov 2024 13:00,315.79,0,315.79
Friday,22 Nov 2024 14:00,313.19,0,313.19
Friday,22 Nov 2024 15:00,320.37,0,320.37
Friday,22 Nov 2024 16:00,315.52,0,315.52
Friday,22 Nov 2024 17:00,230.25,0,312.03
Friday,22 Nov 2024 18:00,404.3,0,322.52
Friday,22 Nov 2024 19:00,311.29,0,311.29
Friday,22 Nov 2024 20:00,310.45,0,310.45
Friday,22 Nov 2024 21:00,309.57,0,309.57
Friday,22 Nov 2024 22:00,310.43,0,310.43
Friday,22 Nov 2024 23:00,244.27,0,408.08
Saturday,23 Nov 2024 0:00,405.46,0,323.55
Saturday,23 Nov 2024 1:00,326.65,0,326.65
Saturday,23 Nov 2024 2:00,326.38,0,326.38
Saturday,23 Nov 2024 3:00,749.36,0,330.34
Saturday,23 Nov 2024 4:00,325.02,0,325.02
Saturday,23 Nov 2024 5:00,319.53,0,319.53
Saturday,23 Nov 2024 6:00,321.5,0,321.5
Saturday,23 Nov 2024 7:00,313.76,0,313.76
Saturday,23 Nov 2024 8:00,309.63,0,309.63
Saturday,23 Nov 2024 9:00,309.91,0,309.91
Saturday,23 Nov 2024 10:00,315.46,0,315.46
Saturday,23 Nov 2024 11:00,315.37,0,315.37
Saturday,23 Nov 2024 12:00,317.15,0,317.15
Saturday,23 Nov 2024 13:00,316.64,0,316.64
Saturday,23 Nov 2024 14:00,311.45,0,311.45
Saturday,23 Nov 2024 15:00,309.45,0,309.45
Saturday,23 Nov 2024 16:00,306.27,0,306.27
Saturday,23 Nov 2024 17:00,231.54,0,313.06
Saturday,23 Nov 2024 18:00,393.85,0,312.34
Saturday,23 Nov 2024 19:00,230,0,306.55
Saturday,23 Nov 2024 20:00,392.68,0,316.12
Saturday,23 Nov 2024 21:00,318.78,0,318.78
Saturday,23 Nov 2024 22:00,317.03,0,317.03
Saturday,23 Nov 2024 23:00,310.26,0,391.03
Sunday,24 Nov 2024 0:00,323.88,0,323.88
Sunday,24 Nov 2024 1:00,315.33,0,315.33
Sunday,24 Nov 2024 2:00,317.6,0,317.6
Sunday,24 Nov 2024 3:00,722.53,0,322.24
Sunday,24 Nov 2024 4:00,327.45,0,327.45
Sunday,24 Nov 2024 5:00,323.88,0,323.88
Sunday,24 Nov 2024 6:00,327.92,0,327.92
Sunday,24 Nov 2024 7:00,322.62,0,322.62
Sunday,24 Nov 2024 8:00,313.87,0,313.87
Sunday,24 Nov 2024 9:00,308.39,0,308.39
Sunday,24 Nov 2024 10:00,316.02,0,316.02
Sunday,24 Nov 2024 11:00,305.51,0,305.51
Sunday,24 Nov 2024 12:00,312.1,0,312.1
Sunday,24 Nov 2024 13:00,229.75,0,308.21
Sunday,24 Nov 2024 14:00,398.29,0,319.83
Sunday,24 Nov 2024 15:00,316.68,0,316.68
Sunday,24 Nov 2024 16:00,308.88,0,308.88
Sunday,24 Nov 2024 17:00,228.48,0,307.95
Sunday,24 Nov 2024 18:00,235.4,0,235.4
Sunday,24 Nov 2024 19:00,309.22,0,309.22
Sunday,24 Nov 2024 20:00,315.55,0,315.55
Sunday,24 Nov 2024 21:00,309.13,0,309.13
Sunday,24 Nov 2024 22:00,310.78,0,310.78
Sunday,24 Nov 2024 23:00,323.28,0,404.56
Monday,25 Nov 2024 0:00,333.54,0,333.54
Monday,25 Nov 2024 1:00,328.16,0,328.16
Monday,25 Nov 2024 2:00,325.25,0,325.25
Monday,25 Nov 2024 3:00,720.14,0,318.04
Monday,25 Nov 2024 4:00,320.8,0,320.8
Monday,25 Nov 2024 5:00,321.34,0,321.34
Monday,25 Nov 2024 6:00,321.49,0,321.49
Monday,25 Nov 2024 7:00,321.02,0,321.02
Monday,25 Nov 2024 8:00,316.26,0,316.26
Monday,25 Nov 2024 9:00,317.4,0,317.4
Monday,25 Nov 2024 10:00,307.19,0,307.19
Monday,25 Nov 2024 11:00,314.42,0,314.42
Monday,25 Nov 2024 12:00,234.18,0,234.18
Monday,25 Nov 2024 13:00,308.43,0,308.43
Monday,25 Nov 2024 14:00,311.77,0,311.77
Monday,25 Nov 2024 15:00,308.93,0,308.93
Monday,25 Nov 2024 16:00,319.28,0,319.28
Monday,25 Nov 2024 17:00,241.98,0,320.09
Monday,25 Nov 2024 18:00,386.78,0,308.67
Monday,25 Nov 2024 19:00,310.01,0,310.01
Monday,25 Nov 2024 20:00,309.21,0,309.21
Monday,25 Nov 2024 21:00,317.08,0,317.08
Monday,25 Nov 2024 22:00,317.9,0,317.9
Monday,25 Nov 2024 23:00,241.38,0,408.68
Tuesday,26 Nov 2024 0:00,403.57,0,319.92
Tuesday,26 Nov 2024 1:00,323.64,0,323.64
Tuesday,26 Nov 2024 2:00,331.58,0,331.58
Tuesday,26 Nov 2024 3:00,740.45,0,326.64
Tuesday,26 Nov 2024 4:00,332.38,0,332.38
Tuesday,26 Nov 2024 5:00,315.72,0,315.72
Tuesday,26 Nov 2024 6:00,313.89,0,313.89
Tuesday,26 Nov 2024 7:00,317.3,0,317.3
Tuesday,26 Nov 2024 8:00,314.4,0,314.4
Tuesday,26 Nov 2024 9:00,310.06,0,310.06
Tuesday,26 Nov 2024 10:00,318.05,0,318.05
Tuesday,26 Nov 2024 11:00,315.72,0,315.72
Tuesday,26 Nov 2024 12:00,317.63,0,317.63
Tuesday,26 Nov 2024 13:00,323.06,0,323.06
Tuesday,26 Nov 2024 14:00,316.76,0,316.76
Tuesday,26 Nov 2024 15:00,309.3,0,309.3
Tuesday,26 Nov 2024 16:00,321.27,0,321.27
Tuesday,26 Nov 2024 17:00,312.32,0,312.32
Tuesday,26 Nov 2024 18:00,317.33,0,317.33
Tuesday,26 Nov 2024 19:00,313.08,0,313.08
Tuesday,26 Nov 2024 20:00,311,0,311
Tuesday,26 Nov 2024 21:00,324.49,0,324.49
Tuesday,26 Nov 2024 22:00,308.61,0,308.61
Tuesday,26 Nov 2024 23:00,316.92,0,397.94
Wednesday,27 Nov 2024 0:00,321.92,0,321.92
Wednesday,27 Nov 2024 1:00,325.27,0,325.27
Wednesday,27 Nov 2024 2:00,321.82,0,321.82
Wednesday,27 Nov 2024 3:00,731.78,0,324.92
Wednesday,27 Nov 2024 4:00,320.46,0,320.46
Wednesday,27 Nov 2024 5:00,320.33,0,320.33
Wednesday,27 Nov 2024 6:00,315.43,0,315.43
Wednesday,27 Nov 2024 7:00,312.9,0,312.9
Wednesday,27 Nov 2024 8:00,305.48,0,305.48
Wednesday,27 Nov 2024 9:00,317.41,0,317.41
Wednesday,27 Nov 2024 10:00,308.13,0,308.13
Wednesday,27 Nov 2024 11:00,316.09,0,316.09
Wednesday,27 Nov 2024 12:00,307.98,0,307.98
Wednesday,27 Nov 2024 13:00,315.16,0,315.16
Wednesday,27 Nov 2024 14:00,320.61,0,320.61
Wednesday,27 Nov 2024 15:00,314.16,0,314.16
Wednesday,27 Nov 2024 16:00,311.4,0,311.4
Wednesday,27 Nov 2024 17:00,239.39,0,320.64
Wednesday,27 Nov 2024 18:00,397.31,0,316.06
Wednesday,27 Nov 2024 19:00,305.9,0,305.9
Wednesday,27 Nov 2024 20:00,303.53,0,303.53
Wednesday,27 Nov 2024 21:00,312.83,0,312.83
Wednesday,27 Nov 2024 22:00,310.97,0,310.97
Wednesday,27 Nov 2024 23:00,311.67,0,390.93
Thursday,28 Nov 2024 0:00,322.12,0,322.12
Thursday,28 Nov 2024 1:00,326.55,0,326.55
Thursday,28 Nov 2024 2:00,326.17,0,326.17
Thursday,28 Nov 2024 3:00,698.65,0,316.78
Thursday,28 Nov 2024 4:00,316.74,0,316.74
Thursday,28 Nov 2024 5:00,317.13,0,317.13
Thursday,28 Nov 2024 6:00,315.61,0,315.61
Thursday,28 Nov 2024 7:00,314.79,0,314.79
Thursday,28 Nov 2024 8:00,313.78,0,313.78
Thursday,28 Nov 2024 9:00,322.63,0,322.63
Thursday,28 Nov 2024 10:00,307.35,0,307.35
Thursday,28 Nov 2024 11:00,317.86,0,317.86
Thursday,28 Nov 2024 12:00,304.91,0,304.91
Thursday,28 Nov 2024 13:00,301.25,0,301.25
Thursday,28 Nov 2024 14:00,303.68,0,303.68
Thursday,28 Nov 2024 15:00,309.35,0,309.35
Thursday,28 Nov 2024 16:00,316.78,0,316.78
Thursday,28 Nov 2024 17:00,235.12,0,314.52
Thursday,28 Nov 2024 18:00,391.38,0,311.99
Thursday,28 Nov 2024 19:00,304.3,0,304.3
Thursday,28 Nov 2024 20:00,311.52,0,311.52
Thursday,28 Nov 2024 21:00,313.51,0,313.51
Thursday,28 Nov 2024 22:00,310.47,0,310.47
Thursday,28 Nov 2024 23:00,235.26,0,398.52
Friday,29 Nov 2024 0:00,399.86,0,318.23
Friday,29 Nov 2024 1:00,325.47,0,325.47
Friday,29 Nov 2024 2:00,326.2,0,326.2
Friday,29 Nov 2024 3:00,659.43,0,333.67
Friday,29 Nov 2024 4:00,322.99,0,241.55
Friday,29 Nov 2024 5:00,331.08,0,331.08
Friday,29 Nov 2024 6:00,323.87,0,323.87
Friday,29 Nov 2024 7:00,314.52,0,314.52
Friday,29 Nov 2024 8:00,305.45,0,305.45
Friday,29 Nov 2024 9:00,311.53,0,311.53
Friday,29 Nov 2024 10:00,307.2,0,307.2
Friday,29 Nov 2024 11:00,313.39,0,313.39
Friday,29 Nov 2024 12:00,315.8,0,315.8
Friday,29 Nov 2024 13:00,306.35,0,306.35
Friday,29 Nov 2024 14:00,302.45,0,302.45
Friday,29 Nov 2024 15:00,300.5,0,300.5
Friday,29 Nov 2024 16:00,303.98,0,303.98
Friday,29 Nov 2024 17:00,225.16,0,299.67
Friday,29 Nov 2024 18:00,373.78,0,299.27
Friday,29 Nov 2024 19:00,315.24,0,315.24
Friday,29 Nov 2024 20:00,316.84,0,316.84
Friday,29 Nov 2024 21:00,314.1,0,314.1
Friday,29 Nov 2024 22:00,311.23,0,311.23
Friday,29 Nov 2024 23:00,319.95,0,401.04
Saturday,30 Nov 2024 0:00,322.54,0,322.54
Saturday,30 Nov 2024 1:00,322.38,0,322.38
Saturday,30 Nov 2024 2:00,322.04,0,322.04
Saturday,30 Nov 2024 3:00,706.11,0,316.28
Saturday,30 Nov 2024 4:00,325.21,0,325.21
Saturday,30 Nov 2024 5:00,328.53,0,328.53
Saturday,30 Nov 2024 6:00,325.03,0,325.03
Saturday,30 Nov 2024 7:00,318.26,0,318.26
Saturday,30 Nov 2024 8:00,309.09,0,309.09
Saturday,30 Nov 2024 9:00,309.73,0,309.73
Saturday,30 Nov 2024 10:00,314.56,0,314.56
Saturday,30 Nov 2024 11:00,312.12,0,312.12
Saturday,30 Nov 2024 12:00,310.18,0,310.18
Saturday,30 Nov 2024 13:00,310.31,0,310.31
Saturday,30 Nov 2024 14:00,313.59,0,313.59
Saturday,30 Nov 2024 15:00,319.98,0,319.98
Saturday,30 Nov 2024 16:00,309.75,0,309.75
Saturday,30 Nov 2024 17:00,227.69,0,302.31
Saturday,30 Nov 2024 18:00,380.14,0,305.51
Saturday,30 Nov 2024 19:00,305.78,0,305.78
Saturday,30 Nov 2024 20:00,307.9,0,307.9
Saturday,30 Nov 2024 21:00,313.68,0,313.68
Saturday,30 Nov 2024 22:00,306.51,0,306.51
Saturday,30 Nov 2024 23:00,235.5,0,398.99
Sunday,01 Dec 2024 0:00,407.9,0,326.15
Sunday,01 Dec 2024 1:00,336.15,0,336.15
Sunday,01 Dec 2024 2:00,320.33,0,320.33
Sunday,01 Dec 2024 3:00,707.11,0,318.99
Sunday,01 Dec 2024 4:00,312.37,0,312.37
Sunday,01 Dec 2024 5:00,318.06,0,318.06
Sunday,01 Dec 2024 6:00,318.25,0,318.25
Sunday,01 Dec 2024 7:00,309.5,0,309.5
Sunday,01 Dec 2024 8:00,310.24,0,310.24
Sunday,01 Dec 2024 9:00,310.48,0,310.48
Sunday,01 Dec 2024 10:00,311.82,0,311.82
Sunday,01 Dec 2024 11:00,311.85,0,311.85
Sunday,01 Dec 2024 12:00,313.05,0,313.05
Sunday,01 Dec 2024 13:00,303.59,0,303.59
Sunday,01 Dec 2024 14:00,300.67,0,300.67
Sunday,01 Dec 2024 15:00,309.05,0,309.05
Sunday,01 Dec 2024 16:00,307.39,0,307.39
Sunday,01 Dec 2024 17:00,231.94,0,308.43
Sunday,01 Dec 2024 18:00,391.79,0,315.3
Sunday,01 Dec 2024 19:00,315.97,0,315.97
Sunday,01 Dec 2024 20:00,235.32,0,235.32
Sunday,01 Dec 2024 21:00,303.07,0,303.07
Sunday,01 Dec 2024 22:00,305.95,0,305.95
Sunday,01 Dec 2024 23:00,312.73,0,393.72
Monday,02 Dec 2024 0:00,324.14,0,324.14
Monday,02 Dec 2024 1:00,320.31,0,320.31
Monday,02 Dec 2024 2:00,325.62,0,325.62
Monday,02 Dec 2024 3:00,746.07,0,329.17
Monday,02 Dec 2024 4:00,326.12,0,326.12
Monday,02 Dec 2024 5:00,326.19,0,326.19
Monday,02 Dec 2024 6:00,320.54,0,320.54
Monday,02 Dec 2024 7:00,310.56,0,310.56
Monday,02 Dec 2024 8:00,228.89,0,228.89
Monday,02 Dec 2024 9:00,308.38,0,308.38
Monday,02 Dec 2024 10:00,304.82,0,304.82
Monday,02 Dec 2024 11:00,311.97,0,311.97
Monday,02 Dec 2024 12:00,"1,522",0,"1,522"
Monday,02 Dec 2024 13:00,307.15,0,307.15
Monday,02 Dec 2024 14:00,315.82,0,315.82
Monday,02 Dec 2024 15:00,307.14,0,307.14
Monday,02 Dec 2024 16:00,306.18,0,306.18
Monday,02 Dec 2024 17:00,229.81,0,307.85
Monday,02 Dec 2024 18:00,389.92,0,311.88
Monday,02 Dec 2024 19:00,309.65,0,309.65
Monday,02 Dec 2024 20:00,315.69,0,315.69
Monday,02 Dec 2024 21:00,323.65,0,323.65
Monday,02 Dec 2024 22:00,314.91,0,314.91
Monday,02 Dec 2024 23:00,314.73,0,394.9
Tuesday,03 Dec 2024 0:00,323.43,0,323.43
Tuesday,03 Dec 2024 1:00,318.34,0,318.34
Tuesday,03 Dec 2024 2:00,315.99,0,315.99
Tuesday,03 Dec 2024 3:00,693.58,0,309.24
Tuesday,03 Dec 2024 4:00,314.65,0,314.65
Tuesday,03 Dec 2024 5:00,317.4,0,317.4
Tuesday,03 Dec 2024 6:00,312.61,0,312.61
Tuesday,03 Dec 2024 7:00,309.17,0,309.17
Tuesday,03 Dec 2024 8:00,306.1,0,306.1
Tuesday,03 Dec 2024 9:00,322.98,0,322.98
Tuesday,03 Dec 2024 10:00,307.1,0,307.1
Tuesday,03 Dec 2024 11:00,311.92,0,311.92
Tuesday,03 Dec 2024 12:00,305.95,0,305.95
Tuesday,03 Dec 2024 13:00,305.68,0,305.68
Tuesday,03 Dec 2024 14:00,316.8,0,316.8
Tuesday,03 Dec 2024 15:00,317.58,0,317.58
Tuesday,03 Dec 2024 16:00,312.79,0,312.79
Tuesday,03 Dec 2024 17:00,235.53,0,310.63
Tuesday,03 Dec 2024 18:00,383.08,0,307.98
Tuesday,03 Dec 2024 19:00,307.63,0,307.63
Tuesday,03 Dec 2024 20:00,305.49,0,305.49
Tuesday,03 Dec 2024 21:00,307.61,0,307.61
Tuesday,03 Dec 2024 22:00,308.76,0,308.76
Tuesday,03 Dec 2024 23:00,238.01,0,400.29
Wednesday,04 Dec 2024 0:00,406.65,0,325.51
Wednesday,04 Dec 2024 1:00,333.93,0,333.93
Wednesday,04 Dec 2024 2:00,334.97,0,334.97
Wednesday,04 Dec 2024 3:00,733.11,0,328.88
Wednesday,04 Dec 2024 4:00,325.36,0,325.36
Wednesday,04 Dec 2024 5:00,323.89,0,323.89
Wednesday,04 Dec 2024 6:00,319.19,0,319.19
Wednesday,04 Dec 2024 7:00,238.61,0,238.61
Wednesday,04 Dec 2024 8:00,311.26,0,311.26
Wednesday,04 Dec 2024 9:00,309.16,0,309.16
Wednesday,04 Dec 2024 10:00,317.23,0,317.23
Wednesday,04 Dec 2024 11:00,308.46,0,308.46
Wednesday,04 Dec 2024 12:00,231.22,0,231.22
Wednesday,04 Dec 2024 13:00,311.81,0,311.81
Wednesday,04 Dec 2024 14:00,315.67,0,315.67
Wednesday,04 Dec 2024 15:00,314.1,0,314.1
Wednesday,04 Dec 2024 16:00,316.4,0,316.4
Wednesday,04 Dec 2024 17:00,315.76,0,315.76
Wednesday,04 Dec 2024 18:00,310,0,310
Wednesday,04 Dec 2024 19:00,311.82,0,311.82
Wednesday,04 Dec 2024 20:00,315.36,0,315.36
Wednesday,04 Dec 2024 21:00,322.4,0,322.4
Wednesday,04 Dec 2024 22:00,310.52,0,310.52
Wednesday,04 Dec 2024 23:00,316.64,0,398.94
Thursday,05 Dec 2024 0:00,324.69,0,324.69
Thursday,05 Dec 2024 1:00,325.76,0,325.76
Thursday,05 Dec 2024 2:00,329.46,0,329.46
Thursday,05 Dec 2024 3:00,714.66,0,322.59
Thursday,05 Dec 2024 4:00,327.54,0,327.54
Thursday,05 Dec 2024 5:00,320.66,0,320.66
Thursday,05 Dec 2024 6:00,320.31,0,320.31
Thursday,05 Dec 2024 7:00,313.17,0,313.17
Thursday,05 Dec 2024 8:00,307.52,0,307.52
Thursday,05 Dec 2024 9:00,310.08,0,310.08
Thursday,05 Dec 2024 10:00,314.33,0,314.33
Thursday,05 Dec 2024 11:00,314.69,0,314.69
Thursday,05 Dec 2024 12:00,236.6,0,236.6
Thursday,05 Dec 2024 13:00,311.33,0,311.33
Thursday,05 Dec 2024 14:00,314.95,0,314.95
Thursday,05 Dec 2024 15:00,315.01,0,315.01
Thursday,05 Dec 2024 16:00,313.8,0,313.8
Thursday,05 Dec 2024 17:00,315.68,0,315.68
Thursday,05 Dec 2024 18:00,313.75,0,313.75
Thursday,05 Dec 2024 19:00,235.76,0,316.84
Thursday,05 Dec 2024 20:00,401.24,0,320.16
Thursday,05 Dec 2024 21:00,319.81,0,319.81
Thursday,05 Dec 2024 22:00,240.6,0,318.19
Thursday,05 Dec 2024 23:00,312.53,0,397.23
Friday,06 Dec 2024 0:00,407.11,0,325.97
Friday,06 Dec 2024 1:00,325.22,0,325.22
Friday,06 Dec 2024 2:00,325.46,0,325.46
Friday,06 Dec 2024 3:00,730.11,0,327.04
Friday,06 Dec 2024 4:00,323.52,0,323.52
Friday,06 Dec 2024 5:00,325.63,0,325.63
Friday,06 Dec 2024 6:00,323.23,0,323.23
Friday,06 Dec 2024 7:00,328.17,0,328.17
Friday,06 Dec 2024 8:00,319.69,0,319.69
Friday,06 Dec 2024 9:00,320.66,0,320.66
Friday,06 Dec 2024 10:00,309.99,0,309.99
Friday,06 Dec 2024 11:00,309.61,0,309.61
Friday,06 Dec 2024 12:00,313.62,0,313.62
Friday,06 Dec 2024 13:00,309.61,0,309.61
Friday,06 Dec 2024 14:00,316.67,0,316.67
Friday,06 Dec 2024 15:00,312.94,0,312.94
Friday,06 Dec 2024 16:00,237.67,0,314.9
Friday,06 Dec 2024 17:00,393.14,0,315.91
Friday,06 Dec 2024 18:00,313.76,0,313.76
Friday,06 Dec 2024 19:00,316.33,0,316.33
Friday,06 Dec 2024 20:00,316.86,0,316.86
Friday,06 Dec 2024 21:00,311.65,0,311.65
Friday,06 Dec 2024 22:00,317.67,0,317.67
Friday,06 Dec 2024 23:00,231.45,0,392.52
Saturday,07 Dec 2024 0:00,403.74,0,323.2
Saturday,07 Dec 2024 1:00,320.52,0,320.52
Saturday,07 Dec 2024 2:00,324.09,0,324.09
Saturday,07 Dec 2024 3:00,717.43,0,317.46
Saturday,07 Dec 2024 4:00,239.04,0,239.04
Saturday,07 Dec 2024 5:00,319.6,0,319.6
Saturday,07 Dec 2024 6:00,329.24,0,329.24
Saturday,07 Dec 2024 7:00,327.81,0,327.81
Saturday,07 Dec 2024 8:00,311.88,0,311.88
Saturday,07 Dec 2024 9:00,312.86,0,312.86
Saturday,07 Dec 2024 10:00,232.91,0,232.91
Saturday,07 Dec 2024 11:00,313.39,0,313.39
Saturday,07 Dec 2024 12:00,314.34,0,314.34
Saturday,07 Dec 2024 13:00,311.63,0,311.63
Saturday,07 Dec 2024 14:00,308,0,308
Saturday,07 Dec 2024 15:00,314.76,0,314.76
Saturday,07 Dec 2024 16:00,321.15,0,321.15
Saturday,07 Dec 2024 17:00,321.57,0,321.57
Saturday,07 Dec 2024 18:00,243.22,0,326.65
Saturday,07 Dec 2024 19:00,314.43,0,314.43
Saturday,07 Dec 2024 20:00,320.33,0,320.33
Saturday,07 Dec 2024 21:00,312.93,0,312.93
Saturday,07 Dec 2024 22:00,313.27,0,313.27
Saturday,07 Dec 2024 23:00,232.11,0,396.29
Sunday,08 Dec 2024 0:00,406.96,0,324.87
Sunday,08 Dec 2024 1:00,334.65,0,334.65
Sunday,08 Dec 2024 2:00,325.61,0,325.61
Sunday,08 Dec 2024 3:00,718.54,0,320.05
Sunday,08 Dec 2024 4:00,323.9,0,323.9
Sunday,08 Dec 2024 5:00,321.3,0,321.3
Sunday,08 Dec 2024 6:00,324.63,0,324.63
Sunday,08 Dec 2024 7:00,322.03,0,322.03
Sunday,08 Dec 2024 8:00,318.14,0,318.14
Sunday,08 Dec 2024 9:00,312.39,0,312.39
Sunday,08 Dec 2024 10:00,315.49,0,315.49
Sunday,08 Dec 2024 11:00,308.8,0,308.8
Sunday,08 Dec 2024 12:00,311.45,0,311.45
Sunday,08 Dec 2024 13:00,304.31,0,304.31
Sunday,08 Dec 2024 14:00,312.61,0,312.61
Sunday,08 Dec 2024 15:00,242.85,0,321.79
Sunday,08 Dec 2024 16:00,393.43,0,314.49
Sunday,08 Dec 2024 17:00,316.27,0,316.27
Sunday,08 Dec 2024 18:00,327.32,0,327.32
Sunday,08 Dec 2024 19:00,321.74,0,321.74
Sunday,08 Dec 2024 20:00,325.87,0,325.87
Sunday,08 Dec 2024 21:00,320.69,0,320.69
Sunday,08 Dec 2024 22:00,315.56,0,315.56
Sunday,08 Dec 2024 23:00,234.24,0,396.9
Monday,09 Dec 2024 0:00,320.47,0,239.14
Monday,09 Dec 2024 1:00,318.11,0,318.11
Monday,09 Dec 2024 2:00,316.39,0,316.39
Monday,09 Dec 2024 3:00,742.92,0,324.18
Monday,09 Dec 2024 4:00,326.08,0,326.08
Monday,09 Dec 2024 5:00,327.31,0,327.31
Monday,09 Dec 2024 6:00,324.41,0,324.41
Monday,09 Dec 2024 7:00,319.2,0,319.2
Monday,09 Dec 2024 8:00,315.99,0,315.99
Monday,09 Dec 2024 9:00,314.79,0,314.79
Monday,09 Dec 2024 10:00,342.56,152.07,190.49
Monday,09 Dec 2024 11:00,307.55,307.55,0
Monday,09 Dec 2024 12:00,301.84,301.84,0
Monday,09 Dec 2024 13:00,637.08,637.08,0
Monday,09 Dec 2024 14:00,339.4,339.4,0
Monday,09 Dec 2024 15:00,485.72,485.72,0
Monday,09 Dec 2024 16:00,316.81,316.81,0
Monday,09 Dec 2024 17:00,233.62,312.96,0
Monday,09 Dec 2024 18:00,323.46,323.01,0
Monday,09 Dec 2024 19:00,390.68,311.79,0
Monday,09 Dec 2024 20:00,312.32,312.32,0
Monday,09 Dec 2024 21:00,240.12,240.12,0
Monday,09 Dec 2024 22:00,309.8,309.8,0
Monday,09 Dec 2024 23:00,311.28,388.66,0
Tuesday,10 Dec 2024 0:00,315.37,315.37,0
Tuesday,10 Dec 2024 1:00,322.92,322.92,0
Tuesday,10 Dec 2024 2:00,315.22,315.22,0
Tuesday,10 Dec 2024 3:00,709.11,314.91,0
Tuesday,10 Dec 2024 4:00,326.53,326.53,0
Tuesday,10 Dec 2024 5:00,321.18,321.18,0
Tuesday,10 Dec 2024 6:00,247.49,247.49,0
Tuesday,10 Dec 2024 7:00,327.72,327.72,0
Tuesday,10 Dec 2024 8:00,329.08,329.08,0
Tuesday,10 Dec 2024 9:00,319.98,319.98,0
Tuesday,10 Dec 2024 10:00,322.09,322.09,0
Tuesday,10 Dec 2024 11:00,305.73,305.73,0
Tuesday,10 Dec 2024 12:00,306.83,306.83,0
Tuesday,10 Dec 2024 13:00,330.19,330.19,0
Tuesday,10 Dec 2024 14:00,230.72,230.72,0
Tuesday,10 Dec 2024 15:00,314.87,314.87,0
Tuesday,10 Dec 2024 16:00,310.19,310.19,0
Tuesday,10 Dec 2024 17:00,308.85,308.85,0
Tuesday,10 Dec 2024 18:00,312.59,312.59,0
Tuesday,10 Dec 2024 19:00,310.66,310.66,0
Tuesday,10 Dec 2024 20:00,317.5,317.5,0
Tuesday,10 Dec 2024 21:00,321.63,321.63,0
Tuesday,10 Dec 2024 22:00,312.67,312.67,0
Tuesday,10 Dec 2024 23:00,235.58,394.17,0
Wednesday,11 Dec 2024 0:00,395.16,315.86,0
Wednesday,11 Dec 2024 1:00,321.44,321.44,0
Wednesday,11 Dec 2024 2:00,316.94,316.94,0
Wednesday,11 Dec 2024 3:00,733.01,316.67,0
Wednesday,11 Dec 2024 4:00,309.6,309.6,0
Wednesday,11 Dec 2024 5:00,319.87,319.87,0
Wednesday,11 Dec 2024 6:00,319.14,319.14,0
Wednesday,11 Dec 2024 7:00,432.83,432.83,0
Wednesday,11 Dec 2024 8:00,348.96,348.96,0
Wednesday,11 Dec 2024 9:00,315.39,315.39,0
Wednesday,11 Dec 2024 10:00,319.64,319.64,0
Wednesday,11 Dec 2024 11:00,330.23,330.23,0
Wednesday,11 Dec 2024 12:00,316.04,316.04,0
Wednesday,11 Dec 2024 13:00,333.74,333.74,0
Wednesday,11 Dec 2024 14:00,488.88,488.88,0
Wednesday,11 Dec 2024 15:00,471.23,471.23,0
Wednesday,11 Dec 2024 16:00,582.94,582.94,0
Wednesday,11 Dec 2024 17:00,375.82,375.82,0
Wednesday,11 Dec 2024 18:00,319.84,319.84,0
Wednesday,11 Dec 2024 19:00,318.39,318.39,0
Wednesday,11 Dec 2024 20:00,311.91,311.91,0
Wednesday,11 Dec 2024 21:00,311.5,311.5,0
Wednesday,11 Dec 2024 22:00,310,310,0
Wednesday,11 Dec 2024 23:00,226.41,380.63,0
Thursday,12 Dec 2024 0:00,397.45,320.34,0
Thursday,12 Dec 2024 1:00,317.02,317.02,0
Thursday,12 Dec 2024 2:00,313.91,313.91,0
Thursday,12 Dec 2024 3:00,729.21,320.2,0
Thursday,12 Dec 2024 4:00,322.75,322.75,0
Thursday,12 Dec 2024 5:00,316.8,316.8,0
Thursday,12 Dec 2024 6:00,319.56,319.56,0
Thursday,12 Dec 2024 7:00,321.38,321.38,0
Thursday,12 Dec 2024 8:00,310.96,310.96,0
Thursday,12 Dec 2024 9:00,306.31,306.31,0
Thursday,12 Dec 2024 10:00,310.33,310.33,0
Thursday,12 Dec 2024 11:00,312.42,312.42,0
Thursday,12 Dec 2024 12:00,309.82,309.82,0
Thursday,12 Dec 2024 13:00,233.96,233.96,0
Thursday,12 Dec 2024 14:00,305.11,305.11,0
Thursday,12 Dec 2024 15:00,296.16,296.16,0
Thursday,12 Dec 2024 16:00,301.51,301.51,0
Thursday,12 Dec 2024 17:00,307.33,307.33,0
Thursday,12 Dec 2024 18:00,318.28,318.28,0
Thursday,12 Dec 2024 19:00,323.33,323.33,0
Thursday,12 Dec 2024 20:00,319.82,319.82,0
Thursday,12 Dec 2024 21:00,329.42,329.42,0
Thursday,12 Dec 2024 22:00,331.2,331.2,0
Thursday,12 Dec 2024 23:00,249.46,405.33,0
Friday,13 Dec 2024 0:00,395.11,317.18,0
Friday,13 Dec 2024 1:00,310.74,310.74,0
Friday,13 Dec 2024 2:00,318.65,318.65,0
Friday,13 Dec 2024 3:00,712.54,312.53,0
Friday,13 Dec 2024 4:00,315.5,315.5,0
Friday,13 Dec 2024 5:00,317.35,317.35,0
Friday,13 Dec 2024 6:00,326.49,326.49,0
Friday,13 Dec 2024 7:00,331.88,331.88,0
Friday,13 Dec 2024 8:00,312.17,312.17,0
Friday,13 Dec 2024 9:00,309.05,309.05,0
Friday,13 Dec 2024 10:00,303.11,303.11,0
Friday,13 Dec 2024 11:00,316.18,316.18,0
Friday,13 Dec 2024 12:00,297.23,297.23,0
Friday,13 Dec 2024 13:00,306.88,306.88,0
Friday,13 Dec 2024 14:00,314.92,314.92,0
Friday,13 Dec 2024 15:00,315.53,315.53,0
Friday,13 Dec 2024 16:00,317.81,317.81,0
Friday,13 Dec 2024 17:00,305.47,305.47,0
Friday,13 Dec 2024 18:00,319.94,319.94,0
Friday,13 Dec 2024 19:00,315.73,315.73,0
Friday,13 Dec 2024 20:00,323.73,323.73,0
Friday,13 Dec 2024 21:00,322.6,322.6,0
Friday,13 Dec 2024 22:00,317.97,317.97,0
Friday,13 Dec 2024 23:00,233.69,394.15,0
Saturday,14 Dec 2024 0:00,407.89,327.67,0
Saturday,14 Dec 2024 1:00,320.12,320.12,0
Saturday,14 Dec 2024 2:00,318.31,318.31,0
Saturday,14 Dec 2024 3:00,719.75,313.02,0
Saturday,14 Dec 2024 4:00,310.15,310.15,0
Saturday,14 Dec 2024 5:00,308.89,308.89,0
Saturday,14 Dec 2024 6:00,313.3,313.3,0
Saturday,14 Dec 2024 7:00,315.65,315.65,0
Saturday,14 Dec 2024 8:00,317.21,317.21,0
Saturday,14 Dec 2024 9:00,316.87,316.87,0
Saturday,14 Dec 2024 10:00,310.5,310.5,0
Saturday,14 Dec 2024 11:00,314.29,314.29,0
Saturday,14 Dec 2024 12:00,312.63,312.63,0
Saturday,14 Dec 2024 13:00,300.99,300.99,0
Saturday,14 Dec 2024 14:00,300.2,300.2,0
Saturday,14 Dec 2024 15:00,312.08,312.08,0
Saturday,14 Dec 2024 16:00,305.98,305.98,0
Saturday,14 Dec 2024 17:00,308.01,308.01,0
Saturday,14 Dec 2024 18:00,317.38,317.38,0
Saturday,14 Dec 2024 19:00,315.47,315.47,0
Saturday,14 Dec 2024 20:00,319.61,319.61,0
Saturday,14 Dec 2024 21:00,314.82,314.82,0
Saturday,14 Dec 2024 22:00,313.94,313.94,0
Saturday,14 Dec 2024 23:00,234.21,398.9,0
Sunday,15 Dec 2024 0:00,406.83,324.49,0
Sunday,15 Dec 2024 1:00,324.43,324.43,0
Sunday,15 Dec 2024 2:00,322.32,322.32,0
Sunday,15 Dec 2024 3:00,639.69,318.13,0
Sunday,15 Dec 2024 4:00,397.57,317.18,0
Sunday,15 Dec 2024 5:00,234.4,234.4,0
Sunday,15 Dec 2024 6:00,317.2,317.2,0
Sunday,15 Dec 2024 7:00,322.25,322.25,0
Sunday,15 Dec 2024 8:00,324.69,324.69,0
Sunday,15 Dec 2024 9:00,309.04,309.04,0
Sunday,15 Dec 2024 10:00,315.12,315.12,0
Sunday,15 Dec 2024 11:00,320.02,320.02,0
Sunday,15 Dec 2024 12:00,316.33,316.33,0
Sunday,15 Dec 2024 13:00,306.5,306.5,0
Sunday,15 Dec 2024 14:00,301.07,301.07,0
Sunday,15 Dec 2024 15:00,306.45,306.45,0
Sunday,15 Dec 2024 16:00,305.07,305.07,0
Sunday,15 Dec 2024 17:00,303.45,303.45,0
Sunday,15 Dec 2024 18:00,305.72,305.72,0
Sunday,15 Dec 2024 19:00,318.1,318.1,0
Sunday,15 Dec 2024 20:00,319.35,319.35,0
Sunday,15 Dec 2024 21:00,322.97,322.97,0
Sunday,15 Dec 2024 22:00,319.36,319.36,0
Sunday,15 Dec 2024 23:00,234.83,394.7,0
Monday,16 Dec 2024 0:00,411.69,331.76,0
Monday,16 Dec 2024 1:00,318.02,318.02,0
Monday,16 Dec 2024 2:00,314.86,314.86,0
Monday,16 Dec 2024 3:00,700.33,310.98,0
Monday,16 Dec 2024 4:00,319.56,319.56,0
Monday,16 Dec 2024 5:00,319.06,319.06,0
Monday,16 Dec 2024 6:00,318.25,318.25,0
Monday,16 Dec 2024 7:00,315.83,315.83,0
Monday,16 Dec 2024 8:00,316.5,316.5,0
Monday,16 Dec 2024 9:00,321.11,321.11,0
Monday,16 Dec 2024 10:00,321.94,321.94,0
Monday,16 Dec 2024 11:00,323.17,323.17,0
Monday,16 Dec 2024 12:00,303.03,303.03,0
Monday,16 Dec 2024 13:00,304.18,304.18,0
Monday,16 Dec 2024 14:00,313.92,313.92,0
Monday,16 Dec 2024 15:00,313.28,313.28,0
Monday,16 Dec 2024 16:00,310.28,310.28,0
Monday,16 Dec 2024 17:00,314.96,314.96,0
Monday,16 Dec 2024 18:00,311.98,311.98,0
Monday,16 Dec 2024 19:00,314.55,314.55,0
Monday,16 Dec 2024 20:00,315.97,315.97,0
Monday,16 Dec 2024 21:00,311.65,311.65,0
Monday,16 Dec 2024 22:00,316.58,316.58,0
Monday,16 Dec 2024 23:00,241.66,413,0
Tuesday,17 Dec 2024 0:00,417.08,331.41,0
Tuesday,17 Dec 2024 1:00,325.34,325.34,0
Tuesday,17 Dec 2024 2:00,316.67,316.67,0
Tuesday,17 Dec 2024 3:00,625.01,315.97,0
Tuesday,17 Dec 2024 4:00,394.97,317.71,0
Tuesday,17 Dec 2024 5:00,317.72,317.72,0
Tuesday,17 Dec 2024 6:00,352.85,352.85,0
Tuesday,17 Dec 2024 7:00,320.43,320.43,0
Tuesday,17 Dec 2024 8:00,334.74,334.74,0
Tuesday,17 Dec 2024 9:00,322.16,322.16,0
Tuesday,17 Dec 2024 10:00,316.7,316.7,0
Tuesday,17 Dec 2024 11:00,316.68,316.68,0
Tuesday,17 Dec 2024 12:00,233.59,313.82,0
Tuesday,17 Dec 2024 13:00,302.75,302.75,0
Tuesday,17 Dec 2024 14:00,302.65,302.65,0
Tuesday,17 Dec 2024 15:00,306.41,306.41,0
Tuesday,17 Dec 2024 16:00,301.04,301.04,0
Tuesday,17 Dec 2024 17:00,311.06,311.06,0
Tuesday,17 Dec 2024 18:00,234.5,234.5,0
Tuesday,17 Dec 2024 19:00,323.88,323.88,0
Tuesday,17 Dec 2024 20:00,320.43,320.43,0
Tuesday,17 Dec 2024 21:00,312.53,312.53,0
Tuesday,17 Dec 2024 22:00,323.31,323.31,0
Tuesday,17 Dec 2024 23:00,319.05,399.7,0
Wednesday,18 Dec 2024 0:00,326.08,326.08,0
Wednesday,18 Dec 2024 1:00,325.16,325.16,0
Wednesday,18 Dec 2024 2:00,320.44,320.44,0
Wednesday,18 Dec 2024 3:00,740.09,324,0
Wednesday,18 Dec 2024 4:00,323.11,323.11,0
Wednesday,18 Dec 2024 5:00,321.06,321.06,0
Wednesday,18 Dec 2024 6:00,315.18,315.18,0
Wednesday,18 Dec 2024 7:00,315.34,315.34,0
Wednesday,18 Dec 2024 8:00,320.38,320.38,0
Wednesday,18 Dec 2024 9:00,319.54,319.54,0
Wednesday,18 Dec 2024 10:00,322.96,322.96,0
Wednesday,18 Dec 2024 11:00,472.52,472.52,0
Wednesday,18 Dec 2024 12:00,322.35,322.35,0
Wednesday,18 Dec 2024 13:00,327.05,327.05,0
Wednesday,18 Dec 2024 14:00,316.68,316.68,0
Wednesday,18 Dec 2024 15:00,315.77,315.77,0
Wednesday,18 Dec 2024 16:00,321.6,321.6,0
Wednesday,18 Dec 2024 17:00,325.01,325.01,0
Wednesday,18 Dec 2024 18:00,325.99,325.99,0
Wednesday,18 Dec 2024 19:00,324.09,324.09,0
Wednesday,18 Dec 2024 20:00,322.76,322.76,0
Wednesday,18 Dec 2024 21:00,321.8,321.8,0
Wednesday,18 Dec 2024 22:00,323.14,323.14,0
Wednesday,18 Dec 2024 23:00,238.32,402.76,0
Thursday,19 Dec 2024 0:00,410.02,327.8,0
Thursday,19 Dec 2024 1:00,324.08,324.08,0
Thursday,19 Dec 2024 2:00,319.93,319.93,0
Thursday,19 Dec 2024 3:00,715.68,319.23,0
Thursday,19 Dec 2024 4:00,316.23,316.23,0
Thursday,19 Dec 2024 5:00,322.06,322.06,0
Thursday,19 Dec 2024 6:00,320.08,320.08,0
Thursday,19 Dec 2024 7:00,331.68,331.68,0
Thursday,19 Dec 2024 8:00,322.79,322.79,0
Thursday,19 Dec 2024 9:00,319.05,319.05,0
Thursday,19 Dec 2024 10:00,325.16,325.16,0
Thursday,19 Dec 2024 11:00,322.37,322.37,0
Thursday,19 Dec 2024 12:00,311.88,311.88,0
Thursday,19 Dec 2024 13:00,312.54,312.54,0
Thursday,19 Dec 2024 14:00,317.49,317.49,0
Thursday,19 Dec 2024 15:00,326.5,326.5,0
Thursday,19 Dec 2024 16:00,326.63,326.63,0
Thursday,19 Dec 2024 17:00,323.99,323.99,0
Thursday,19 Dec 2024 18:00,313.94,313.94,0
Thursday,19 Dec 2024 19:00,319.34,319.34,0
Thursday,19 Dec 2024 20:00,320.3,320.3,0
Thursday,19 Dec 2024 21:00,320.56,320.56,0
Thursday,19 Dec 2024 22:00,320.98,320.98,0
Thursday,19 Dec 2024 23:00,237.51,396.71,0
Friday,20 Dec 2024 0:00,405.65,326.05,0
Friday,20 Dec 2024 1:00,325.36,325.36,0
Friday,20 Dec 2024 2:00,320.39,320.39,0
Friday,20 Dec 2024 3:00,634.25,322.04,0
Friday,20 Dec 2024 4:00,396.33,318.28,0
Friday,20 Dec 2024 5:00,322.54,322.54,0
Friday,20 Dec 2024 6:00,321.16,321.16,0
Friday,20 Dec 2024 7:00,451.2,451.2,0
Friday,20 Dec 2024 8:00,338.29,338.29,0
Friday,20 Dec 2024 9:00,320.24,320.24,0
Friday,20 Dec 2024 10:00,324.69,324.69,0
Friday,20 Dec 2024 11:00,326.77,326.77,0
Friday,20 Dec 2024 12:00,315.61,315.61,0
Friday,20 Dec 2024 13:00,319.51,319.51,0
Friday,20 Dec 2024 14:00,316.39,316.39,0
Friday,20 Dec 2024 15:00,312.13,312.13,0
Friday,20 Dec 2024 16:00,319.9,319.9,0
Friday,20 Dec 2024 17:00,319.09,319.09,0
Friday,20 Dec 2024 18:00,326.66,326.66,0
Friday,20 Dec 2024 19:00,319.19,319.19,0
Friday,20 Dec 2024 20:00,319.01,319.01,0
Friday,20 Dec 2024 21:00,322.52,322.52,0
Friday,20 Dec 2024 22:00,317.32,317.32,0
Friday,20 Dec 2024 23:00,240.24,399.75,0
Saturday,21 Dec 2024 0:00,316.76,316.57,0
Saturday,21 Dec 2024 1:00,321.25,321.25,0
Saturday,21 Dec 2024 2:00,319.55,319.55,0
Saturday,21 Dec 2024 3:00,238.51,238.51,0
Saturday,21 Dec 2024 4:00,554.73,236.42,0
Saturday,21 Dec 2024 5:00,313.81,313.81,0
Saturday,21 Dec 2024 6:00,314.24,314.24,0
Saturday,21 Dec 2024 7:00,316.41,316.41,0
Saturday,21 Dec 2024 8:00,322.44,322.44,0
Saturday,21 Dec 2024 9:00,321.15,321.15,0
Saturday,21 Dec 2024 10:00,314.01,314.01,0
Saturday,21 Dec 2024 11:00,318.54,318.54,0
Saturday,21 Dec 2024 12:00,317.48,317.48,0
Saturday,21 Dec 2024 13:00,316.45,316.45,0
Saturday,21 Dec 2024 14:00,318.66,318.66,0
Saturday,21 Dec 2024 15:00,320.41,320.41,0
Saturday,21 Dec 2024 16:00,326.96,326.96,0
Saturday,21 Dec 2024 17:00,327.22,327.22,0
Saturday,21 Dec 2024 18:00,321.86,321.86,0
Saturday,21 Dec 2024 19:00,321.75,321.75,0
Saturday,21 Dec 2024 20:00,315.69,315.69,0
Saturday,21 Dec 2024 21:00,319.27,319.27,0
Saturday,21 Dec 2024 22:00,322.4,322.4,0
Saturday,21 Dec 2024 23:00,238.81,402.86,0
Sunday,22 Dec 2024 0:00,405.98,323.95,0
Sunday,22 Dec 2024 1:00,320.3,320.3,0
Sunday,22 Dec 2024 2:00,329.07,329.07,0
Sunday,22 Dec 2024 3:00,729.18,319.84,0
Sunday,22 Dec 2024 4:00,320.11,320.11,0
Sunday,22 Dec 2024 5:00,315.96,315.96,0
Sunday,22 Dec 2024 6:00,321.63,321.63,0
Sunday,22 Dec 2024 7:00,312.7,312.7,0
Sunday,22 Dec 2024 8:00,325.67,325.67,0
Sunday,22 Dec 2024 9:00,325.08,325.08,0
Sunday,22 Dec 2024 10:00,315.23,315.23,0
Sunday,22 Dec 2024 11:00,319.16,319.16,0
Sunday,22 Dec 2024 12:00,322.93,322.93,0
Sunday,22 Dec 2024 13:00,314,314,0
Sunday,22 Dec 2024 14:00,322.5,322.5,0
Sunday,22 Dec 2024 15:00,320.94,320.94,0
Sunday,22 Dec 2024 16:00,323.02,323.02,0
Sunday,22 Dec 2024 17:00,245.64,326.16,0
Sunday,22 Dec 2024 18:00,318.21,318.21,0
Sunday,22 Dec 2024 19:00,318.07,318.07,0
Sunday,22 Dec 2024 20:00,319.83,319.83,0
Sunday,22 Dec 2024 21:00,321.67,321.67,0
Sunday,22 Dec 2024 22:00,315.46,315.46,0
Sunday,22 Dec 2024 23:00,238.22,401.18,0
Monday,23 Dec 2024 0:00,399.42,317.94,0
Monday,23 Dec 2024 1:00,320.64,320.64,0
Monday,23 Dec 2024 2:00,316.66,316.66,0
Monday,23 Dec 2024 3:00,711.61,317.24,0
Monday,23 Dec 2024 4:00,325.94,325.94,0
Monday,23 Dec 2024 5:00,315.59,315.59,0
Monday,23 Dec 2024 6:00,323.42,323.42,0
Monday,23 Dec 2024 7:00,322.92,322.92,0
Monday,23 Dec 2024 8:00,318.21,318.21,0
Monday,23 Dec 2024 9:00,327.03,327.03,0
Monday,23 Dec 2024 10:00,328,328,0
Monday,23 Dec 2024 11:00,328.03,328.03,0
Monday,23 Dec 2024 12:00,315.66,315.66,0
Monday,23 Dec 2024 13:00,312.59,312.59,0
Monday,23 Dec 2024 14:00,319.75,319.75,0
Monday,23 Dec 2024 15:00,322.65,322.65,0
Monday,23 Dec 2024 16:00,323.18,323.18,0
Monday,23 Dec 2024 17:00,327.47,327.47,0
Monday,23 Dec 2024 18:00,314.71,314.71,0
Monday,23 Dec 2024 19:00,319.93,319.93,0
Monday,23 Dec 2024 20:00,240.86,240.86,0
Monday,23 Dec 2024 21:00,324.28,324.28,0
Monday,23 Dec 2024 22:00,323.61,323.61,0
Monday,23 Dec 2024 23:00,323.58,405.04,0
Tuesday,24 Dec 2024 0:00,324.59,324.59,0
Tuesday,24 Dec 2024 1:00,328.39,328.39,0
Tuesday,24 Dec 2024 2:00,317.09,317.09,0
Tuesday,24 Dec 2024 3:00,742.99,320.74,0
Tuesday,24 Dec 2024 4:00,327.84,327.84,0
Tuesday,24 Dec 2024 5:00,317.13,317.13,0
Tuesday,24 Dec 2024 6:00,318.54,318.54,0
Tuesday,24 Dec 2024 7:00,351.19,351.19,0
Tuesday,24 Dec 2024 8:00,323.17,323.17,0
Tuesday,24 Dec 2024 9:00,350.87,350.87,0
Tuesday,24 Dec 2024 10:00,315.82,315.82,0
Tuesday,24 Dec 2024 11:00,332.58,332.58,0
Tuesday,24 Dec 2024 12:00,321.15,321.15,0
Tuesday,24 Dec 2024 13:00,316.66,316.66,0
Tuesday,24 Dec 2024 14:00,318.34,318.34,0
Tuesday,24 Dec 2024 15:00,322.76,322.76,0
Tuesday,24 Dec 2024 16:00,321.34,321.34,0
Tuesday,24 Dec 2024 17:00,334.32,334.32,0
Tuesday,24 Dec 2024 18:00,325.75,325.75,0
Tuesday,24 Dec 2024 19:00,323.35,323.35,0
Tuesday,24 Dec 2024 20:00,320.8,320.8,0
Tuesday,24 Dec 2024 21:00,324.03,324.03,0
Tuesday,24 Dec 2024 22:00,327.06,327.06,0
Tuesday,24 Dec 2024 23:00,237.34,405.97,0
Wednesday,25 Dec 2024 0:00,326.71,321.75,0
Wednesday,25 Dec 2024 1:00,324.36,324.36,0
Wednesday,25 Dec 2024 2:00,246.71,325.04,0
Wednesday,25 Dec 2024 3:00,794.77,321.13,0
Wednesday,25 Dec 2024 4:00,316.13,316.13,0
Wednesday,25 Dec 2024 5:00,321.86,321.86,0
Wednesday,25 Dec 2024 6:00,321.53,321.53,0
Wednesday,25 Dec 2024 7:00,315.17,315.17,0
Wednesday,25 Dec 2024 8:00,324.19,324.19,0
Wednesday,25 Dec 2024 9:00,324.67,324.67,0
Wednesday,25 Dec 2024 10:00,322.16,322.16,0
Wednesday,25 Dec 2024 11:00,322.07,322.07,0
Wednesday,25 Dec 2024 12:00,324.18,324.18,0
Wednesday,25 Dec 2024 13:00,317.43,317.43,0
Wednesday,25 Dec 2024 14:00,324.41,324.41,0
Wednesday,25 Dec 2024 15:00,321.26,321.26,0
Wednesday,25 Dec 2024 16:00,315.47,315.47,0
Wednesday,25 Dec 2024 17:00,321.48,321.48,0
Wednesday,25 Dec 2024 18:00,320.63,320.63,0
Wednesday,25 Dec 2024 19:00,329.58,329.58,0
Wednesday,25 Dec 2024 20:00,318.24,318.24,0
Wednesday,25 Dec 2024 21:00,322.35,322.35,0
Wednesday,25 Dec 2024 22:00,323.92,323.92,0
Wednesday,25 Dec 2024 23:00,244.89,405.81,0
Thursday,26 Dec 2024 0:00,407.46,326.99,0
Thursday,26 Dec 2024 1:00,329.7,329.7,0
Thursday,26 Dec 2024 2:00,246.13,246.13,0
Thursday,26 Dec 2024 3:00,717.9,322.28,0
Thursday,26 Dec 2024 4:00,318.88,318.88,0
Thursday,26 Dec 2024 5:00,324.15,324.15,0
Thursday,26 Dec 2024 6:00,329.46,329.46,0
Thursday,26 Dec 2024 7:00,323.91,323.91,0
Thursday,26 Dec 2024 8:00,316.25,316.25,0
Thursday,26 Dec 2024 9:00,320.07,320.07,0
Thursday,26 Dec 2024 10:00,315.65,315.65,0
Thursday,26 Dec 2024 11:00,246.32,246.32,0
Thursday,26 Dec 2024 12:00,322.5,322.5,0
Thursday,26 Dec 2024 13:00,319.23,319.23,0
Thursday,26 Dec 2024 14:00,316.24,316.24,0
Thursday,26 Dec 2024 15:00,325.55,325.55,0
Thursday,26 Dec 2024 16:00,336.2,336.2,0
Thursday,26 Dec 2024 17:00,316.07,316.07,0
Thursday,26 Dec 2024 18:00,325.1,325.1,0
Thursday,26 Dec 2024 19:00,320.37,320.37,0
Thursday,26 Dec 2024 20:00,327.5,327.5,0
Thursday,26 Dec 2024 21:00,328.52,328.52,0
Thursday,26 Dec 2024 22:00,327.11,327.11,0
Thursday,26 Dec 2024 23:00,237.62,398.22,0
Friday,27 Dec 2024 0:00,407.53,327.23,0
Friday,27 Dec 2024 1:00,331.95,331.95,0
Friday,27 Dec 2024 2:00,317.38,317.38,0
Friday,27 Dec 2024 3:00,715,317.34,0
Friday,27 Dec 2024 4:00,311.97,311.97,0
Friday,27 Dec 2024 5:00,314.71,314.71,0
Friday,27 Dec 2024 6:00,320.85,320.85,0
Friday,27 Dec 2024 7:00,326.84,326.84,0
Friday,27 Dec 2024 8:00,242.28,242.28,0
Friday,27 Dec 2024 9:00,316.2,316.2,0
Friday,27 Dec 2024 10:00,319.6,319.6,0
Friday,27 Dec 2024 11:00,319.45,319.45,0
Friday,27 Dec 2024 12:00,325.53,325.53,0
Friday,27 Dec 2024 13:00,312.02,312.02,0
Friday,27 Dec 2024 14:00,314.91,314.91,0
Friday,27 Dec 2024 15:00,322.72,322.72,0
Friday,27 Dec 2024 16:00,322.6,322.6,0
Friday,27 Dec 2024 17:00,321.3,321.3,0
Friday,27 Dec 2024 18:00,328.03,328.03,0
Friday,27 Dec 2024 19:00,323.16,323.16,0
Friday,27 Dec 2024 20:00,325.64,325.64,0
Friday,27 Dec 2024 21:00,322.31,322.31,0
Friday,27 Dec 2024 22:00,317.49,317.49,0
Friday,27 Dec 2024 23:00,232.88,384.91,0
Saturday,28 Dec 2024 0:00,391.79,315.78,0
Saturday,28 Dec 2024 1:00,321.06,321.06,0
Saturday,28 Dec 2024 2:00,326.72,326.72,0
Saturday,28 Dec 2024 3:00,706.19,315.89,0
Saturday,28 Dec 2024 4:00,320.34,320.34,0
Saturday,28 Dec 2024 5:00,320.6,320.6,0
Saturday,28 Dec 2024 6:00,319,319,0
Saturday,28 Dec 2024 7:00,314.98,314.98,0
Saturday,28 Dec 2024 8:00,317.87,317.87,0
Saturday,28 Dec 2024 9:00,319.42,319.42,0
Saturday,28 Dec 2024 10:00,319.53,319.53,0
Saturday,28 Dec 2024 11:00,320.48,320.48,0
Saturday,28 Dec 2024 12:00,315.12,315.12,0
Saturday,28 Dec 2024 13:00,318.73,318.73,0
Saturday,28 Dec 2024 14:00,314.61,314.61,0
Saturday,28 Dec 2024 15:00,329.39,329.39,0
Saturday,28 Dec 2024 16:00,324.66,324.66,0
Saturday,28 Dec 2024 17:00,316.39,316.39,0
Saturday,28 Dec 2024 18:00,317.61,317.61,0
Saturday,28 Dec 2024 19:00,316.28,316.28,0
Saturday,28 Dec 2024 20:00,319.48,319.48,0
Saturday,28 Dec 2024 21:00,319.3,319.3,0
Saturday,28 Dec 2024 22:00,318.32,318.32,0
Saturday,28 Dec 2024 23:00,244.11,406.06,0
Sunday,29 Dec 2024 0:00,403.98,323,0
Sunday,29 Dec 2024 1:00,324.09,324.09,0
Sunday,29 Dec 2024 2:00,317.57,317.57,0
Sunday,29 Dec 2024 3:00,639.37,240.95,0
Sunday,29 Dec 2024 4:00,321.45,321.45,0
Sunday,29 Dec 2024 5:00,318.52,318.52,0
Sunday,29 Dec 2024 6:00,312.01,312.01,0
Sunday,29 Dec 2024 7:00,315.06,315.06,0
Sunday,29 Dec 2024 8:00,323.86,323.86,0
Sunday,29 Dec 2024 9:00,314.52,314.52,0
Sunday,29 Dec 2024 10:00,311.02,311.02,0
Sunday,29 Dec 2024 11:00,323.91,323.91,0
Sunday,29 Dec 2024 12:00,321.15,321.15,0
Sunday,29 Dec 2024 13:00,313.58,313.58,0
Sunday,29 Dec 2024 14:00,322.71,322.71,0
Sunday,29 Dec 2024 15:00,318.92,318.92,0
Sunday,29 Dec 2024 16:00,323.46,323.46,0
Sunday,29 Dec 2024 17:00,321.13,321.13,0
Sunday,29 Dec 2024 18:00,320.75,320.75,0
Sunday,29 Dec 2024 19:00,320.35,320.35,0
Sunday,29 Dec 2024 20:00,316.89,316.89,0
Sunday,29 Dec 2024 21:00,328.64,328.64,0
Sunday,29 Dec 2024 22:00,322.8,322.8,0
Sunday,29 Dec 2024 23:00,244.05,398.68,0
Monday,30 Dec 2024 0:00,394.51,317.2,0
Monday,30 Dec 2024 1:00,316.04,316.04,0
Monday,30 Dec 2024 2:00,314.59,314.59,0
Monday,30 Dec 2024 3:00,705.29,310.73,0
Monday,30 Dec 2024 4:00,319.71,319.71,0
Monday,30 Dec 2024 5:00,316.64,316.64,0
Monday,30 Dec 2024 6:00,318.09,318.09,0
Monday,30 Dec 2024 7:00,309.88,309.88,0
Monday,30 Dec 2024 8:00,318.42,318.42,0
Monday,30 Dec 2024 9:00,321,321,0
Monday,30 Dec 2024 10:00,318.14,318.14,0
Monday,30 Dec 2024 11:00,321.5,321.5,0
Monday,30 Dec 2024 12:00,324.31,324.31,0
Monday,30 Dec 2024 13:00,309.9,309.9,0
Monday,30 Dec 2024 14:00,328.06,328.06,0
Monday,30 Dec 2024 15:00,314.9,314.9,0
Monday,30 Dec 2024 16:00,320.55,320.55,0
Monday,30 Dec 2024 17:00,318.81,318.81,0
Monday,30 Dec 2024 18:00,315.94,315.94,0
Monday,30 Dec 2024 19:00,318.48,318.48,0
Monday,30 Dec 2024 20:00,318.69,318.69,0
Monday,30 Dec 2024 21:00,324.67,324.67,0
Monday,30 Dec 2024 22:00,317.25,317.25,0
Monday,30 Dec 2024 23:00,245.32,408.19,0
Tuesday,31 Dec 2024 0:00,409.72,328.28,0
Tuesday,31 Dec 2024 1:00,315.13,315.13,0
Tuesday,31 Dec 2024 2:00,319.37,319.37,0
Tuesday,31 Dec 2024 3:00,726.51,321.77,0
Tuesday,31 Dec 2024 4:00,324.55,324.55,0
Tuesday,31 Dec 2024 5:00,315.5,315.5,0
Tuesday,31 Dec 2024 6:00,320.55,320.55,0
Tuesday,31 Dec 2024 7:00,316.46,316.46,0
Tuesday,31 Dec 2024 8:00,320.18,320.18,0
Tuesday,31 Dec 2024 9:00,318.73,318.73,0
Tuesday,31 Dec 2024 10:00,317.81,317.81,0
Tuesday,31 Dec 2024 11:00,319.74,319.74,0
Tuesday,31 Dec 2024 12:00,314.32,314.32,0
Tuesday,31 Dec 2024 13:00,148.01,148.01,0
Tuesday,31 Dec 2024 14:00,230.68,230.68,0
Tuesday,31 Dec 2024 15:00,321.6,321.6,0
Tuesday,31 Dec 2024 16:00,321.14,321.14,0
Tuesday,31 Dec 2024 17:00,317.46,317.46,0
Tuesday,31 Dec 2024 18:00,319.1,319.1,0
Tuesday,31 Dec 2024 19:00,315.9,315.9,0
Tuesday,31 Dec 2024 20:00,319.08,319.08,0
Tuesday,31 Dec 2024 21:00,322.07,322.07,0
Tuesday,31 Dec 2024 22:00,237.86,315.92,0
Tuesday,31 Dec 2024 23:00,319.3,401.65,0
Wednesday,01 Jan 2025 0:00,321.43,321.43,0
Wednesday,01 Jan 2025 1:00,319.63,319.63,0
Wednesday,01 Jan 2025 2:00,317.1,317.1,0
Wednesday,01 Jan 2025 3:00,727.11,322.76,0
Wednesday,01 Jan 2025 4:00,325.78,325.78,0
Wednesday,01 Jan 2025 5:00,319.1,319.1,0
Wednesday,01 Jan 2025 6:00,326.15,326.15,0
Wednesday,01 Jan 2025 7:00,317.95,317.95,0
Wednesday,01 Jan 2025 8:00,320.36,320.36,0
Wednesday,01 Jan 2025 9:00,320.91,320.91,0
Wednesday,01 Jan 2025 10:00,321.04,321.04,0
Wednesday,01 Jan 2025 11:00,319.55,319.55,0
Wednesday,01 Jan 2025 12:00,326.19,326.19,0
Wednesday,01 Jan 2025 13:00,327.36,327.36,0
Wednesday,01 Jan 2025 14:00,319.9,319.9,0
Wednesday,01 Jan 2025 15:00,320.01,320.01,0
Wednesday,01 Jan 2025 16:00,323.25,323.25,0
Wednesday,01 Jan 2025 17:00,321.25,321.25,0
Wednesday,01 Jan 2025 18:00,316.35,316.35,0
Wednesday,01 Jan 2025 19:00,323.7,323.7,0
Wednesday,01 Jan 2025 20:00,320.3,320.3,0
Wednesday,01 Jan 2025 21:00,319.48,319.48,0
Wednesday,01 Jan 2025 22:00,321.14,321.14,0
Wednesday,01 Jan 2025 23:00,238.12,400.69,0
Thursday,02 Jan 2025 0:00,400.57,319.28,0
Thursday,02 Jan 2025 1:00,321.74,321.74,0
Thursday,02 Jan 2025 2:00,322.02,322.02,0
Thursday,02 Jan 2025 3:00,725.43,324.39,0
Thursday,02 Jan 2025 4:00,324.68,324.68,0
Thursday,02 Jan 2025 5:00,317.03,317.03,0
Thursday,02 Jan 2025 6:00,312.18,312.18,0
Thursday,02 Jan 2025 7:00,317.99,317.99,0
Thursday,02 Jan 2025 8:00,323.08,323.08,0
Thursday,02 Jan 2025 9:00,312.9,312.9,0
Thursday,02 Jan 2025 10:00,320.78,320.78,0
Thursday,02 Jan 2025 11:00,323.19,323.19,0
Thursday,02 Jan 2025 12:00,319.66,319.66,0
Thursday,02 Jan 2025 13:00,313.68,313.68,0
Thursday,02 Jan 2025 14:00,317.71,317.71,0
Thursday,02 Jan 2025 15:00,323.97,323.97,0
Thursday,02 Jan 2025 16:00,316.51,316.51,0
Thursday,02 Jan 2025 17:00,319.99,319.99,0
Thursday,02 Jan 2025 18:00,326.1,326.1,0
Thursday,02 Jan 2025 19:00,323.75,323.75,0
Thursday,02 Jan 2025 20:00,318.43,318.43,0
Thursday,02 Jan 2025 21:00,316.68,316.68,0
Thursday,02 Jan 2025 22:00,242.06,318.83,0
Thursday,02 Jan 2025 23:00,317.87,397.46,0
Friday,03 Jan 2025 0:00,394.84,316.67,0
Friday,03 Jan 2025 1:00,321.4,321.4,0
Friday,03 Jan 2025 2:00,241.01,321.85,0
Friday,03 Jan 2025 3:00,712.28,314.96,0
Friday,03 Jan 2025 4:00,393.48,314.36,0
Friday,03 Jan 2025 5:00,319.87,319.87,0
Friday,03 Jan 2025 6:00,316.38,316.38,0
Friday,03 Jan 2025 7:00,320.15,320.15,0
Friday,03 Jan 2025 8:00,316.78,316.78,0
Friday,03 Jan 2025 9:00,320.39,320.39,0
Friday,03 Jan 2025 10:00,320.67,320.67,0
Friday,03 Jan 2025 11:00,315.97,315.97,0
Friday,03 Jan 2025 12:00,234.79,313.1,0
Friday,03 Jan 2025 13:00,316.95,316.95,0
Friday,03 Jan 2025 14:00,325.97,325.97,0
Friday,03 Jan 2025 15:00,320.15,320.15,0
Friday,03 Jan 2025 16:00,320.58,320.58,0
Friday,03 Jan 2025 17:00,320.07,320.07,0
Friday,03 Jan 2025 18:00,320.55,320.55,0
Friday,03 Jan 2025 19:00,321.08,321.08,0
Friday,03 Jan 2025 20:00,319.74,319.74,0
Friday,03 Jan 2025 21:00,321.04,321.04,0
Friday,03 Jan 2025 22:00,321.35,321.35,0
Friday,03 Jan 2025 23:00,244.72,404.29,0
Saturday,04 Jan 2025 0:00,399.69,319.9,0
Saturday,04 Jan 2025 1:00,309,309,0
Saturday,04 Jan 2025 2:00,313.8,313.8,0
Saturday,04 Jan 2025 3:00,728.58,321.1,0
Saturday,04 Jan 2025 4:00,320.84,320.84,0
Saturday,04 Jan 2025 5:00,318.42,318.42,0
Saturday,04 Jan 2025 6:00,255.84,255.84,0
Saturday,04 Jan 2025 7:00,173.93,173.93,0
Saturday,04 Jan 2025 8:00,316.42,316.42,0
Saturday,04 Jan 2025 9:00,314.46,314.46,0
Saturday,04 Jan 2025 10:00,324.57,324.57,0
Saturday,04 Jan 2025 11:00,309.84,309.84,0
Saturday,04 Jan 2025 12:00,320.48,320.48,0
Saturday,04 Jan 2025 13:00,312.98,312.98,0
Saturday,04 Jan 2025 14:00,315.7,315.7,0
Saturday,04 Jan 2025 15:00,319.43,319.43,0
Saturday,04 Jan 2025 16:00,324.07,324.07,0
Saturday,04 Jan 2025 17:00,316.39,316.39,0
Saturday,04 Jan 2025 18:00,316.68,316.68,0
Saturday,04 Jan 2025 19:00,317.33,317.33,0
Saturday,04 Jan 2025 20:00,317.45,317.45,0
Saturday,04 Jan 2025 21:00,323.5,323.5,0
Saturday,04 Jan 2025 22:00,315.74,315.74,0
Saturday,04 Jan 2025 23:00,234.83,395.26,0
Sunday,05 Jan 2025 0:00,402.75,322.54,0
Sunday,05 Jan 2025 1:00,321.25,321.25,0
Sunday,05 Jan 2025 2:00,321.09,321.09,0
Sunday,05 Jan 2025 3:00,722.85,323,0
Sunday,05 Jan 2025 4:00,319.02,319.02,0
Sunday,05 Jan 2025 5:00,318.48,318.48,0
Sunday,05 Jan 2025 6:00,319.83,319.83,0
Sunday,05 Jan 2025 7:00,319.45,319.45,0
Sunday,05 Jan 2025 8:00,314.72,314.72,0
Sunday,05 Jan 2025 9:00,313.73,313.73,0
Sunday,05 Jan 2025 10:00,325.85,325.85,0
Sunday,05 Jan 2025 11:00,314.59,314.59,0
Sunday,05 Jan 2025 12:00,318.4,318.4,0
Sunday,05 Jan 2025 13:00,316.69,316.69,0
Sunday,05 Jan 2025 14:00,321.11,321.11,0
Sunday,05 Jan 2025 15:00,318.8,318.8,0
Sunday,05 Jan 2025 16:00,324.16,324.16,0
Sunday,05 Jan 2025 17:00,317.64,317.64,0
Sunday,05 Jan 2025 18:00,316.26,316.26,0
Sunday,05 Jan 2025 19:00,321.29,321.29,0
Sunday,05 Jan 2025 20:00,323.34,323.34,0
Sunday,05 Jan 2025 21:00,315.64,315.64,0
Sunday,05 Jan 2025 22:00,311.89,311.89,0
Sunday,05 Jan 2025 23:00,239.91,396.15,0
Monday,06 Jan 2025 0:00,314.53,236.41,0
Monday,06 Jan 2025 1:00,315.48,315.48,0
Monday,06 Jan 2025 2:00,318.69,318.69,0
Monday,06 Jan 2025 3:00,729.18,320.85,0
Monday,06 Jan 2025 4:00,313.71,313.71,0
Monday,06 Jan 2025 5:00,312.08,312.08,0
Monday,06 Jan 2025 6:00,322.4,322.4,0
Monday,06 Jan 2025 7:00,321.45,321.45,0
Monday,06 Jan 2025 8:00,318.93,318.93,0
Monday,06 Jan 2025 9:00,317.86,317.86,0
Monday,06 Jan 2025 10:00,311.24,311.24,0
Monday,06 Jan 2025 11:00,317.96,317.96,0
Monday,06 Jan 2025 12:00,316.14,316.14,0
Monday,06 Jan 2025 13:00,317.14,317.14,0
Monday,06 Jan 2025 14:00,319.96,319.96,0
Monday,06 Jan 2025 15:00,320.2,320.2,0
Monday,06 Jan 2025 16:00,320.2,320.2,0
Monday,06 Jan 2025 17:00,318.4,318.4,0
Monday,06 Jan 2025 18:00,233.43,233.43,0
Monday,06 Jan 2025 19:00,312.28,312.28,0
Monday,06 Jan 2025 20:00,314.79,314.79,0
Monday,06 Jan 2025 21:00,317.32,317.32,0
Monday,06 Jan 2025 22:00,314.99,314.99,0
Monday,06 Jan 2025 23:00,242.39,402.57,0
Tuesday,07 Jan 2025 0:00,403.04,322.95,0
Tuesday,07 Jan 2025 1:00,332.27,332.27,0
Tuesday,07 Jan 2025 2:00,323.82,323.82,0
Tuesday,07 Jan 2025 3:00,688.06,310.87,0
Tuesday,07 Jan 2025 4:00,317.19,317.19,0
Tuesday,07 Jan 2025 5:00,321.15,321.15,0
Tuesday,07 Jan 2025 6:00,309.53,309.53,0
Tuesday,07 Jan 2025 7:00,313.29,313.29,0
Tuesday,07 Jan 2025 8:00,320.09,320.09,0
Tuesday,07 Jan 2025 9:00,323.76,323.76,0
Tuesday,07 Jan 2025 10:00,316.56,316.56,0
Tuesday,07 Jan 2025 11:00,317.92,317.92,0
Tuesday,07 Jan 2025 12:00,327.55,327.55,0
Tuesday,07 Jan 2025 13:00,318.85,318.85,0
Tuesday,07 Jan 2025 14:00,311.04,311.04,0
Tuesday,07 Jan 2025 15:00,89.15,89.15,0
Tuesday,07 Jan 2025 16:00,319.88,319.88,0
Tuesday,07 Jan 2025 17:00,318.44,318.44,0
Tuesday,07 Jan 2025 18:00,315.29,315.29,0
Tuesday,07 Jan 2025 19:00,317.1,317.1,0
Tuesday,07 Jan 2025 20:00,330.17,330.17,0
Tuesday,07 Jan 2025 21:00,324.38,324.38,0
Tuesday,07 Jan 2025 22:00,328.13,328.13,0
Tuesday,07 Jan 2025 23:00,235.82,398.86,0
Wednesday,08 Jan 2025 0:00,404.72,323.2,0
Wednesday,08 Jan 2025 1:00,317.34,317.34,0
Wednesday,08 Jan 2025 2:00,321.51,321.51,0
Wednesday,08 Jan 2025 3:00,714.46,319.85,0
Wednesday,08 Jan 2025 4:00,317.35,317.35,0
Wednesday,08 Jan 2025 5:00,312.09,312.09,0
Wednesday,08 Jan 2025 6:00,317.35,317.35,0
Wednesday,08 Jan 2025 7:00,307.35,307.35,0
Wednesday,08 Jan 2025 8:00,313.59,313.59,0
Wednesday,08 Jan 2025 9:00,322.47,322.47,0
Wednesday,08 Jan 2025 10:00,324.67,324.67,0
Wednesday,08 Jan 2025 11:00,323.15,323.15,0
Wednesday,08 Jan 2025 12:00,322.9,322.9,0
Wednesday,08 Jan 2025 13:00,311.24,311.24,0
Wednesday,08 Jan 2025 14:00,319.94,319.94,0
Wednesday,08 Jan 2025 15:00,322.52,322.52,0
Wednesday,08 Jan 2025 16:00,312.18,312.18,0
Wednesday,08 Jan 2025 17:00,318.08,318.08,0
Wednesday,08 Jan 2025 18:00,323.62,323.62,0
Wednesday,08 Jan 2025 19:00,323.33,323.33,0
Wednesday,08 Jan 2025 20:00,315.18,315.18,0
Wednesday,08 Jan 2025 21:00,312,312,0
Wednesday,08 Jan 2025 22:00,321.71,321.71,0
Wednesday,08 Jan 2025 23:00,311.68,388.41,0
Thursday,09 Jan 2025 0:00,315,315,0
Thursday,09 Jan 2025 1:00,326.32,326.32,0
Thursday,09 Jan 2025 2:00,320.3,320.3,0
Thursday,09 Jan 2025 3:00,721.81,318.63,0
Thursday,09 Jan 2025 4:00,319.45,319.45,0
Thursday,09 Jan 2025 5:00,318.38,318.38,0
Thursday,09 Jan 2025 6:00,319.02,319.02,0
Thursday,09 Jan 2025 7:00,321.6,321.6,0
Thursday,09 Jan 2025 8:00,317.01,317.01,0
Thursday,09 Jan 2025 9:00,314.16,314.16,0
Thursday,09 Jan 2025 10:00,322.09,322.09,0
Thursday,09 Jan 2025 11:00,313.76,313.76,0
Thursday,09 Jan 2025 12:00,319.93,319.93,0
Thursday,09 Jan 2025 13:00,313.05,313.05,0
Thursday,09 Jan 2025 14:00,317.05,317.05,0
Thursday,09 Jan 2025 15:00,309.56,309.56,0
Thursday,09 Jan 2025 16:00,320.9,320.9,0
Thursday,09 Jan 2025 17:00,322.33,322.33,0
Thursday,09 Jan 2025 18:00,321.67,321.67,0
Thursday,09 Jan 2025 19:00,314.8,314.8,0
Thursday,09 Jan 2025 20:00,312.19,312.19,0
Thursday,09 Jan 2025 21:00,321.25,321.25,0
Thursday,09 Jan 2025 22:00,320.96,320.96,0
Thursday,09 Jan 2025 23:00,234.42,394.93,0
Friday,10 Jan 2025 0:00,402.56,322.3,0
Friday,10 Jan 2025 1:00,314.89,314.89,0
Friday,10 Jan 2025 2:00,317.76,317.76,0
Friday,10 Jan 2025 3:00,720.66,321.84,0
Friday,10 Jan 2025 4:00,319.85,319.85,0
Friday,10 Jan 2025 5:00,314.74,314.74,0
Friday,10 Jan 2025 6:00,318.33,318.33,0
Friday,10 Jan 2025 7:00,307.3,307.3,0
Friday,10 Jan 2025 8:00,309.62,309.62,0
Friday,10 Jan 2025 9:00,313.83,313.83,0
Friday,10 Jan 2025 10:00,309.62,309.62,0
Friday,10 Jan 2025 11:00,312.48,312.48,0
Friday,10 Jan 2025 12:00,319.9,319.9,0
Friday,10 Jan 2025 13:00,323.75,323.75,0
Friday,10 Jan 2025 14:00,323.7,323.7,0
Friday,10 Jan 2025 15:00,315.61,315.61,0
Friday,10 Jan 2025 16:00,309.38,309.38,0
Friday,10 Jan 2025 17:00,316.24,316.24,0
Friday,10 Jan 2025 18:00,315.87,315.87,0
Friday,10 Jan 2025 19:00,323.45,323.45,0
Friday,10 Jan 2025 20:00,324.74,324.74,0
Friday,10 Jan 2025 21:00,322.04,322.04,0
Friday,10 Jan 2025 22:00,318.59,318.59,0
Friday,10 Jan 2025 23:00,241.59,403.54,0
Saturday,11 Jan 2025 0:00,403.88,322.9,0
Saturday,11 Jan 2025 1:00,326.14,326.14,0
Saturday,11 Jan 2025 2:00,315.69,315.69,0
Saturday,11 Jan 2025 3:00,635.27,317.14,0
Saturday,11 Jan 2025 4:00,396.19,316.66,0
Saturday,11 Jan 2025 5:00,317.14,317.14,0
Saturday,11 Jan 2025 6:00,313.4,313.4,0
Saturday,11 Jan 2025 7:00,320.79,320.79,0
Saturday,11 Jan 2025 8:00,241.65,241.65,0
Saturday,11 Jan 2025 9:00,312.72,312.72,0
Saturday,11 Jan 2025 10:00,322.1,322.1,0
Saturday,11 Jan 2025 11:00,312.95,312.95,0
Saturday,11 Jan 2025 12:00,323.88,323.88,0
Saturday,11 Jan 2025 13:00,318.77,318.77,0
Saturday,11 Jan 2025 14:00,319.73,319.73,0
Saturday,11 Jan 2025 15:00,325.02,325.02,0
Saturday,11 Jan 2025 16:00,319.11,319.11,0
Saturday,11 Jan 2025 17:00,318.49,318.49,0
Saturday,11 Jan 2025 18:00,317.31,317.31,0
Saturday,11 Jan 2025 19:00,233.72,313.83,0
Saturday,11 Jan 2025 20:00,317.48,317.48,0
Saturday,11 Jan 2025 21:00,321.49,321.49,0
Saturday,11 Jan 2025 22:00,324.98,324.98,0
Saturday,11 Jan 2025 23:00,238.28,400.17,0
Sunday,12 Jan 2025 0:00,390.95,310,0
Sunday,12 Jan 2025 1:00,316.49,316.49,0
Sunday,12 Jan 2025 2:00,313.45,313.45,0
Sunday,12 Jan 2025 3:00,710.38,320.16,0
Sunday,12 Jan 2025 4:00,315.35,315.35,0
Sunday,12 Jan 2025 5:00,311.4,311.4,0
Sunday,12 Jan 2025 6:00,315.46,315.46,0
Sunday,12 Jan 2025 7:00,314.57,314.57,0
Sunday,12 Jan 2025 8:00,315.1,315.1,0
Sunday,12 Jan 2025 9:00,319.01,319.01,0
Sunday,12 Jan 2025 10:00,315.22,315.22,0
Sunday,12 Jan 2025 11:00,311.84,311.84,0
Sunday,12 Jan 2025 12:00,315,315,0
Sunday,12 Jan 2025 13:00,315.69,315.69,0
Sunday,12 Jan 2025 14:00,317.51,317.51,0
Sunday,12 Jan 2025 15:00,316.79,316.79,0
Sunday,12 Jan 2025 16:00,323.99,323.99,0
Sunday,12 Jan 2025 17:00,315.21,315.21,0
Sunday,12 Jan 2025 18:00,326.27,326.27,0
Sunday,12 Jan 2025 19:00,310.09,310.09,0
Sunday,12 Jan 2025 20:00,317.89,317.89,0
Sunday,12 Jan 2025 21:00,314.67,314.67,0
Sunday,12 Jan 2025 22:00,322.99,322.99,0
Sunday,12 Jan 2025 23:00,237.93,400.16,0
Monday,13 Jan 2025 0:00,321.57,240.45,0
Monday,13 Jan 2025 1:00,320.56,320.56,0
Monday,13 Jan 2025 2:00,320.63,320.63,0
Monday,13 Jan 2025 3:00,727.47,325.5,0
Monday,13 Jan 2025 4:00,317.69,317.69,0
Monday,13 Jan 2025 5:00,317.43,317.43,0
Monday,13 Jan 2025 6:00,320.99,320.99,0
Monday,13 Jan 2025 7:00,321.67,321.67,0
Monday,13 Jan 2025 8:00,327.34,327.34,0
Monday,13 Jan 2025 9:00,318.86,318.86,0
Monday,13 Jan 2025 10:00,324.81,324.81,0
Monday,13 Jan 2025 11:00,322.81,322.81,0
Monday,13 Jan 2025 12:00,322.09,322.09,0
Monday,13 Jan 2025 13:00,322.16,322.16,0
Monday,13 Jan 2025 14:00,321.93,321.93,0
Monday,13 Jan 2025 15:00,319.35,319.35,0
Monday,13 Jan 2025 16:00,327.67,327.67,0
Monday,13 Jan 2025 17:00,320.51,320.51,0
Monday,13 Jan 2025 18:00,318.7,318.7,0
Monday,13 Jan 2025 19:00,323.34,323.34,0
Monday,13 Jan 2025 20:00,314.72,314.72,0
Monday,13 Jan 2025 21:00,326.33,326.33,0
Monday,13 Jan 2025 22:00,327.05,327.05,0
Monday,13 Jan 2025 23:00,246.04,410.94,0
Tuesday,14 Jan 2025 0:00,406.45,324,0
Tuesday,14 Jan 2025 1:00,248.05,248.05,0
Tuesday,14 Jan 2025 2:00,322.79,322.79,0
Tuesday,14 Jan 2025 3:00,733.41,328.43,0
Tuesday,14 Jan 2025 4:00,322.29,322.29,0
Tuesday,14 Jan 2025 5:00,319.52,319.52,0
Tuesday,14 Jan 2025 6:00,315.76,315.76,0
Tuesday,14 Jan 2025 7:00,318.76,318.76,0
Tuesday,14 Jan 2025 8:00,319.2,319.2,0
Tuesday,14 Jan 2025 9:00,"1,807","1,807",0
Tuesday,14 Jan 2025 10:00,336.98,336.98,0
Tuesday,14 Jan 2025 11:00,326.16,326.16,0
Tuesday,14 Jan 2025 12:00,320.95,320.95,0
Tuesday,14 Jan 2025 13:00,314.19,314.19,0
Tuesday,14 Jan 2025 14:00,318.64,318.64,0
Tuesday,14 Jan 2025 15:00,320.82,320.82,0
Tuesday,14 Jan 2025 16:00,323.06,323.06,0
Tuesday,14 Jan 2025 17:00,323.95,323.95,0
Tuesday,14 Jan 2025 18:00,322.58,322.58,0
Tuesday,14 Jan 2025 19:00,327,327,0
Tuesday,14 Jan 2025 20:00,320.7,320.7,0
Tuesday,14 Jan 2025 21:00,317.56,317.56,0
Tuesday,14 Jan 2025 22:00,326.42,326.42,0
Tuesday,14 Jan 2025 23:00,240.93,404.05,0
Wednesday,15 Jan 2025 0:00,400.78,319.22,0
Wednesday,15 Jan 2025 1:00,315.91,315.91,0
Wednesday,15 Jan 2025 2:00,317.41,317.41,0
Wednesday,15 Jan 2025 3:00,647.35,320.88,0
Wednesday,15 Jan 2025 4:00,402.89,321.27,0
Wednesday,15 Jan 2025 5:00,321.41,321.41,0
Wednesday,15 Jan 2025 6:00,318.8,318.8,0
Wednesday,15 Jan 2025 7:00,233.37,312.35,0
Wednesday,15 Jan 2025 8:00,316.48,316.48,0
Wednesday,15 Jan 2025 9:00,310.56,310.56,0
Wednesday,15 Jan 2025 10:00,326.97,326.97,0
Wednesday,15 Jan 2025 11:00,318.98,318.98,0
Wednesday,15 Jan 2025 12:00,314.61,314.61,0
Wednesday,15 Jan 2025 13:00,318.85,318.85,0
Wednesday,15 Jan 2025 14:00,319.77,319.77,0
Wednesday,15 Jan 2025 15:00,310.35,310.35,0
Wednesday,15 Jan 2025 16:00,238.86,238.86,0
Wednesday,15 Jan 2025 17:00,314.23,314.23,0
Wednesday,15 Jan 2025 18:00,329.4,329.4,0
Wednesday,15 Jan 2025 19:00,329.37,329.37,0
Wednesday,15 Jan 2025 20:00,325.78,325.78,0
Wednesday,15 Jan 2025 21:00,329.09,329.09,0
Wednesday,15 Jan 2025 22:00,324.45,324.45,0
Wednesday,15 Jan 2025 23:00,245.57,407.26,0
Thursday,16 Jan 2025 0:00,398.6,317.76,0
Thursday,16 Jan 2025 1:00,327.5,327.5,0
Thursday,16 Jan 2025 2:00,323.36,323.36,0
Thursday,16 Jan 2025 3:00,742.24,333.13,0
Thursday,16 Jan 2025 4:00,325.86,325.86,0
Thursday,16 Jan 2025 5:00,321.18,321.18,0
Thursday,16 Jan 2025 6:00,314.73,314.73,0
Thursday,16 Jan 2025 7:00,315.36,315.36,0
Thursday,16 Jan 2025 8:00,334.4,334.4,0
Thursday,16 Jan 2025 9:00,316.06,316.06,0
Thursday,16 Jan 2025 10:00,320.02,320.02,0
Thursday,16 Jan 2025 11:00,329.4,329.4,0
Thursday,16 Jan 2025 12:00,337.35,337.35,0
Thursday,16 Jan 2025 13:00,335.64,335.64,0
Thursday,16 Jan 2025 14:00,325.04,325.04,0
Thursday,16 Jan 2025 15:00,239.46,239.46,0
Thursday,16 Jan 2025 16:00,232.74,309.62,0
Thursday,16 Jan 2025 17:00,313.28,313.28,0
Thursday,16 Jan 2025 18:00,322.38,322.38,0
Thursday,16 Jan 2025 19:00,328.82,328.82,0
Thursday,16 Jan 2025 20:00,316.99,316.99,0
Thursday,16 Jan 2025 21:00,323.21,323.21,0
Thursday,16 Jan 2025 22:00,321.34,321.34,0
Thursday,16 Jan 2025 23:00,321.62,403.29,0
Friday,17 Jan 2025 0:00,328.43,328.43,0
Friday,17 Jan 2025 1:00,331.48,331.48,0
Friday,17 Jan 2025 2:00,318.07,318.07,0
Friday,17 Jan 2025 3:00,656.6,243.43,0
Friday,17 Jan 2025 4:00,329.34,329.34,0
Friday,17 Jan 2025 5:00,322.49,322.49,0
Friday,17 Jan 2025 6:00,322.78,322.78,0
Friday,17 Jan 2025 7:00,319.91,319.91,0
Friday,17 Jan 2025 8:00,322.64,322.64,0
Friday,17 Jan 2025 9:00,330.79,330.79,0
Friday,17 Jan 2025 10:00,317.67,317.67,0
Friday,17 Jan 2025 11:00,317.64,317.64,0
Friday,17 Jan 2025 12:00,317.04,317.04,0
Friday,17 Jan 2025 13:00,316.91,316.91,0
Friday,17 Jan 2025 14:00,316.68,316.68,0
Friday,17 Jan 2025 15:00,309.68,309.68,0
Friday,17 Jan 2025 16:00,321.03,321.03,0
Friday,17 Jan 2025 17:00,321.53,321.53,0
Friday,17 Jan 2025 18:00,319.06,319.06,0
Friday,17 Jan 2025 19:00,327.9,327.9,0
Friday,17 Jan 2025 20:00,331.91,331.91,0
Friday,17 Jan 2025 21:00,326,326,0
Friday,17 Jan 2025 22:00,322.47,322.47,0
Friday,17 Jan 2025 23:00,245.46,408.34,0
Saturday,18 Jan 2025 0:00,413.1,331.66,0
Saturday,18 Jan 2025 1:00,327.84,327.84,0
Saturday,18 Jan 2025 2:00,320.54,320.54,0
Saturday,18 Jan 2025 3:00,619.79,313.33,0
Saturday,18 Jan 2025 4:00,319.59,319.59,0
Saturday,18 Jan 2025 5:00,314.7,314.7,0
Saturday,18 Jan 2025 6:00,315.17,315.17,0
Saturday,18 Jan 2025 7:00,317.31,317.31,0
Saturday,18 Jan 2025 8:00,325.11,325.11,0
Saturday,18 Jan 2025 9:00,322.06,322.06,0
Saturday,18 Jan 2025 10:00,326.27,326.27,0
Saturday,18 Jan 2025 11:00,318.6,318.6,0
Saturday,18 Jan 2025 12:00,317.84,317.84,0
Saturday,18 Jan 2025 13:00,310.38,310.38,0
Saturday,18 Jan 2025 14:00,322.36,322.36,0
Saturday,18 Jan 2025 15:00,319.88,319.88,0
Saturday,18 Jan 2025 16:00,317.77,317.77,0
Saturday,18 Jan 2025 17:00,315.77,315.77,0
Saturday,18 Jan 2025 18:00,327.39,327.39,0
Saturday,18 Jan 2025 19:00,321.03,321.03,0
Saturday,18 Jan 2025 20:00,320.15,320.15,0
Saturday,18 Jan 2025 21:00,318.86,318.86,0
Saturday,18 Jan 2025 22:00,316.94,316.94,0
Saturday,18 Jan 2025 23:00,239.43,398.58,0
Sunday,19 Jan 2025 0:00,401.74,322.16,0
Sunday,19 Jan 2025 1:00,320.33,320.33,0
Sunday,19 Jan 2025 2:00,324.96,324.96,0
Sunday,19 Jan 2025 3:00,647.99,321.11,0
Sunday,19 Jan 2025 4:00,407.44,325.72,0
Sunday,19 Jan 2025 5:00,323.44,323.44,0
Sunday,19 Jan 2025 6:00,236.21,236.21,0
Sunday,19 Jan 2025 7:00,318.74,318.74,0
Sunday,19 Jan 2025 8:00,320.53,320.53,0
Sunday,19 Jan 2025 9:00,313.33,313.33,0
Sunday,19 Jan 2025 10:00,315.52,315.52,0
Sunday,19 Jan 2025 11:00,314.5,314.5,0
Sunday,19 Jan 2025 12:00,323.22,323.22,0
Sunday,19 Jan 2025 13:00,325.33,325.33,0
Sunday,19 Jan 2025 14:00,318.77,318.77,0
Sunday,19 Jan 2025 15:00,305.49,305.49,0
Sunday,19 Jan 2025 16:00,316.55,316.55,0
Sunday,19 Jan 2025 17:00,317.67,317.67,0
Sunday,19 Jan 2025 18:00,316.34,316.34,0
Sunday,19 Jan 2025 19:00,322.77,322.77,0
Sunday,19 Jan 2025 20:00,320.8,320.8,0
Sunday,19 Jan 2025 21:00,323.63,323.63,0
Sunday,19 Jan 2025 22:00,331.69,331.69,0
Sunday,19 Jan 2025 23:00,245.91,411.06,0
Monday,20 Jan 2025 0:00,401.77,319.2,0
Monday,20 Jan 2025 1:00,316.53,316.53,0
Monday,20 Jan 2025 2:00,313.58,313.58,0
Monday,20 Jan 2025 3:00,713.77,320.31,0
Monday,20 Jan 2025 4:00,315.79,315.79,0
Monday,20 Jan 2025 5:00,321.41,321.41,0
Monday,20 Jan 2025 6:00,750.77,750.77,0
Monday,20 Jan 2025 7:00,"1,054","1,054",0
Monday,20 Jan 2025 8:00,331.88,331.88,0
Monday,20 Jan 2025 9:00,318.1,318.1,0
Monday,20 Jan 2025 10:00,315.77,315.77,0
Monday,20 Jan 2025 11:00,315.64,315.64,0
Monday,20 Jan 2025 12:00,321.82,321.82,0
Monday,20 Jan 2025 13:00,319.33,319.33,0
Monday,20 Jan 2025 14:00,949.97,949.97,0
Monday,20 Jan 2025 15:00,758.49,758.49,0
Monday,20 Jan 2025 16:00,332.41,332.41,0
Monday,20 Jan 2025 17:00,"1,360","1,360",0
Monday,20 Jan 2025 18:00,317.77,317.77,0
Monday,20 Jan 2025 19:00,309.35,309.35,0
Monday,20 Jan 2025 20:00,320.84,320.84,0
Monday,20 Jan 2025 21:00,327.64,327.64,0
Monday,20 Jan 2025 22:00,328.06,328.06,0
Monday,20 Jan 2025 23:00,237.58,401.94,0
Tuesday,21 Jan 2025 0:00,407.77,325.59,0
Tuesday,21 Jan 2025 1:00,326.19,326.19,0
Tuesday,21 Jan 2025 2:00,241.51,321.58,0
Tuesday,21 Jan 2025 3:00,768.57,314.44,0
Tuesday,21 Jan 2025 4:00,319.02,319.02,0
Tuesday,21 Jan 2025 5:00,322.48,322.48,0
Tuesday,21 Jan 2025 6:00,320.01,320.01,0
Tuesday,21 Jan 2025 7:00,318.32,318.32,0
Tuesday,21 Jan 2025 8:00,323.23,323.23,0
Tuesday,21 Jan 2025 9:00,321.64,321.64,0
Tuesday,21 Jan 2025 10:00,350.2,350.2,0
Tuesday,21 Jan 2025 11:00,330.54,330.54,0
Tuesday,21 Jan 2025 12:00,344.01,344.01,0
Tuesday,21 Jan 2025 13:00,"2,509","2,509",0
Tuesday,21 Jan 2025 14:00,"3,402","3,402",0
Tuesday,21 Jan 2025 15:00,"1,061","1,061",0
Tuesday,21 Jan 2025 16:00,"1,426","1,426",0
Tuesday,21 Jan 2025 17:00,432.53,432.53,0
Tuesday,21 Jan 2025 18:00,326.23,326.23,0
Tuesday,21 Jan 2025 19:00,327.91,327.91,0
Tuesday,21 Jan 2025 20:00,"2,385","2,385",0
Tuesday,21 Jan 2025 21:00,437.31,437.31,0
Tuesday,21 Jan 2025 22:00,318.12,318.12,0
Tuesday,21 Jan 2025 23:00,241.64,404.74,0
Wednesday,22 Jan 2025 0:00,396.59,315.03,0
Wednesday,22 Jan 2025 1:00,318.64,318.64,0
Wednesday,22 Jan 2025 2:00,322.47,322.47,0
Wednesday,22 Jan 2025 3:00,743.42,330.31,0
Wednesday,22 Jan 2025 4:00,333.8,333.8,0
Wednesday,22 Jan 2025 5:00,326.78,326.78,0
Wednesday,22 Jan 2025 6:00,323.78,323.78,0
Wednesday,22 Jan 2025 7:00,335.51,335.51,0
Wednesday,22 Jan 2025 8:00,390.4,390.4,0
Wednesday,22 Jan 2025 9:00,322.09,322.09,0
Wednesday,22 Jan 2025 10:00,321.49,321.49,0
Wednesday,22 Jan 2025 11:00,318.49,318.49,0
Wednesday,22 Jan 2025 12:00,346.01,346.01,0
Wednesday,22 Jan 2025 13:00,317.41,317.41,0
Wednesday,22 Jan 2025 14:00,"2,500","2,500",0
Wednesday,22 Jan 2025 15:00,"2,479","2,479",0
Wednesday,22 Jan 2025 16:00,314.9,314.9,0
Wednesday,22 Jan 2025 17:00,315.69,315.69,0
Wednesday,22 Jan 2025 18:00,325.44,325.44,0
Wednesday,22 Jan 2025 19:00,324.18,324.18,0
Wednesday,22 Jan 2025 20:00,326.5,326.5,0
Wednesday,22 Jan 2025 21:00,334.97,334.97,0
Wednesday,22 Jan 2025 22:00,330.8,330.8,0
Wednesday,22 Jan 2025 23:00,239.49,399.73,0
Thursday,23 Jan 2025 0:00,399.21,319.09,0
Thursday,23 Jan 2025 1:00,314.6,314.6,0
Thursday,23 Jan 2025 2:00,316.02,316.02,0
Thursday,23 Jan 2025 3:00,715.19,323.26,0
Thursday,23 Jan 2025 4:00,321.24,321.24,0
Thursday,23 Jan 2025 5:00,315.96,315.96,0
Thursday,23 Jan 2025 6:00,317.39,317.39,0
Thursday,23 Jan 2025 7:00,323.77,323.77,0
Thursday,23 Jan 2025 8:00,317.25,317.25,0
Thursday,23 Jan 2025 9:00,310.01,310.01,0
Thursday,23 Jan 2025 10:00,316.53,316.53,0
Thursday,23 Jan 2025 11:00,231.02,231.02,0
Thursday,23 Jan 2025 12:00,315.18,315.18,0
Thursday,23 Jan 2025 13:00,313.88,313.88,0
Thursday,23 Jan 2025 14:00,318.31,318.31,0
Thursday,23 Jan 2025 15:00,321.13,321.13,0
Thursday,23 Jan 2025 16:00,322.54,322.54,0
Thursday,23 Jan 2025 17:00,324.58,324.58,0
Thursday,23 Jan 2025 18:00,326.45,326.45,0
Thursday,23 Jan 2025 19:00,317.94,317.94,0
Thursday,23 Jan 2025 20:00,306.77,306.77,0
Thursday,23 Jan 2025 21:00,308.34,308.34,0
Thursday,23 Jan 2025 22:00,319.3,319.3,0
Thursday,23 Jan 2025 23:00,245.3,407.49,0
Friday,24 Jan 2025 0:00,414.9,333.8,0
Friday,24 Jan 2025 1:00,327.5,327.5,0
Friday,24 Jan 2025 2:00,246.86,328.47,0
Friday,24 Jan 2025 3:00,721.05,321.2,0
Friday,24 Jan 2025 4:00,408.01,328.45,0
Friday,24 Jan 2025 5:00,322.03,322.03,0
Friday,24 Jan 2025 6:00,322.73,322.73,0
Friday,24 Jan 2025 7:00,321.45,321.45,0
Friday,24 Jan 2025 8:00,329.21,329.21,0
Friday,24 Jan 2025 9:00,328.9,328.9,0
Friday,24 Jan 2025 10:00,329.51,329.51,0
Friday,24 Jan 2025 11:00,312.03,312.03,0
Friday,24 Jan 2025 12:00,231.34,231.34,0
Friday,24 Jan 2025 13:00,312.11,312.11,0
Friday,24 Jan 2025 14:00,321.36,321.36,0
Friday,24 Jan 2025 15:00,234.94,234.94,0
Friday,24 Jan 2025 16:00,306.98,306.98,0
Friday,24 Jan 2025 17:00,319.87,319.87,0
Friday,24 Jan 2025 18:00,319.79,319.79,0
Friday,24 Jan 2025 19:00,322.58,322.58,0
Friday,24 Jan 2025 20:00,317.74,317.74,0
Friday,24 Jan 2025 21:00,323.73,323.73,0
Friday,24 Jan 2025 22:00,234.68,234.68,0
Friday,24 Jan 2025 23:00,246.3,407.3,0
Saturday,25 Jan 2025 0:00,401.11,320.61,0
Saturday,25 Jan 2025 1:00,318.73,318.73,0
Saturday,25 Jan 2025 2:00,324.91,324.91,0
Saturday,25 Jan 2025 3:00,710.29,313.95,0
Saturday,25 Jan 2025 4:00,317.69,317.69,0
Saturday,25 Jan 2025 5:00,311.05,311.05,0
Saturday,25 Jan 2025 6:00,295.04,295.04,0
Saturday,25 Jan 2025 7:00,301.68,301.68,0
Saturday,25 Jan 2025 8:00,309.49,309.49,0
Saturday,25 Jan 2025 9:00,317.51,317.51,0
Saturday,25 Jan 2025 10:00,322.14,322.14,0
Saturday,25 Jan 2025 11:00,239.58,320.28,0
Saturday,25 Jan 2025 12:00,324.38,324.38,0
Saturday,25 Jan 2025 13:00,324.94,324.94,0
Saturday,25 Jan 2025 14:00,324.32,324.32,0
Saturday,25 Jan 2025 15:00,319.51,319.51,0
Saturday,25 Jan 2025 16:00,308.43,308.43,0
Saturday,25 Jan 2025 17:00,314.55,314.55,0
Saturday,25 Jan 2025 18:00,314.06,314.06,0
Saturday,25 Jan 2025 19:00,325.53,325.53,0
Saturday,25 Jan 2025 20:00,321.74,321.74,0
Saturday,25 Jan 2025 21:00,330.7,330.7,0
Saturday,25 Jan 2025 22:00,325.74,325.74,0
Saturday,25 Jan 2025 23:00,244.88,403.18,0
Sunday,26 Jan 2025 0:00,392.95,313.79,0
Sunday,26 Jan 2025 1:00,315.75,315.75,0
Sunday,26 Jan 2025 2:00,312.79,312.79,0
Sunday,26 Jan 2025 3:00,702.67,317.78,0
Sunday,26 Jan 2025 4:00,318.31,318.31,0
Sunday,26 Jan 2025 5:00,312.59,312.59,0
Sunday,26 Jan 2025 6:00,310.48,310.48,0
Sunday,26 Jan 2025 7:00,322.85,322.85,0
Sunday,26 Jan 2025 8:00,322.13,322.13,0
Sunday,26 Jan 2025 9:00,309.86,309.86,0
Sunday,26 Jan 2025 10:00,311.51,311.51,0
Sunday,26 Jan 2025 11:00,313.64,313.64,0
Sunday,26 Jan 2025 12:00,317.92,317.92,0
Sunday,26 Jan 2025 13:00,315.73,315.73,0
Sunday,26 Jan 2025 14:00,315.31,315.31,0
Sunday,26 Jan 2025 15:00,318.83,318.83,0
Sunday,26 Jan 2025 16:00,321.37,321.37,0
Sunday,26 Jan 2025 17:00,326.08,326.08,0
Sunday,26 Jan 2025 18:00,325.05,325.05,0
Sunday,26 Jan 2025 19:00,328.24,328.24,0
Sunday,26 Jan 2025 20:00,329.16,329.16,0
Sunday,26 Jan 2025 21:00,313.95,313.95,0
Sunday,26 Jan 2025 22:00,312.84,312.84,0
Sunday,26 Jan 2025 23:00,238.25,397.14,0
Monday,27 Jan 2025 0:00,403.22,323.78,0
Monday,27 Jan 2025 1:00,320.99,320.99,0
Monday,27 Jan 2025 2:00,244.76,328.07,0
Monday,27 Jan 2025 3:00,736.21,325.08,0
Monday,27 Jan 2025 4:00,318.61,236.66,0
Monday,27 Jan 2025 5:00,318.93,318.93,0
Monday,27 Jan 2025 6:00,311.61,311.61,0
Monday,27 Jan 2025 7:00,309.29,309.29,0
Monday,27 Jan 2025 8:00,314.57,314.57,0
Monday,27 Jan 2025 9:00,314.71,314.71,0
Monday,27 Jan 2025 10:00,318.62,318.62,0
Monday,27 Jan 2025 11:00,322.43,322.43,0
Monday,27 Jan 2025 12:00,315.59,315.59,0
Monday,27 Jan 2025 13:00,317.54,317.54,0
Monday,27 Jan 2025 14:00,320.75,320.75,0
Monday,27 Jan 2025 15:00,320.12,320.12,0
Monday,27 Jan 2025 16:00,324.19,324.19,0
Monday,27 Jan 2025 17:00,317.35,317.35,0
Monday,27 Jan 2025 18:00,320.16,320.16,0
Monday,27 Jan 2025 19:00,314.45,314.45,0
Monday,27 Jan 2025 20:00,318.8,318.8,0
Monday,27 Jan 2025 21:00,316.66,316.66,0
Monday,27 Jan 2025 22:00,323.05,323.05,0
Monday,27 Jan 2025 23:00,240.76,399.69,0
Tuesday,28 Jan 2025 0:00,399.76,320.29,0
Tuesday,28 Jan 2025 1:00,322.84,322.84,0
Tuesday,28 Jan 2025 2:00,317.11,317.11,0
Tuesday,28 Jan 2025 3:00,710.95,319.37,0
Tuesday,28 Jan 2025 4:00,321.27,321.27,0
Tuesday,28 Jan 2025 5:00,312.49,312.49,0
Tuesday,28 Jan 2025 6:00,308.94,308.94,0
Tuesday,28 Jan 2025 7:00,309.53,309.53,0
Tuesday,28 Jan 2025 8:00,328.9,328.9,0
Tuesday,28 Jan 2025 9:00,322.09,322.09,0
Tuesday,28 Jan 2025 10:00,322.52,322.52,0
Tuesday,28 Jan 2025 11:00,319,319,0
Tuesday,28 Jan 2025 12:00,318.01,318.01,0
Tuesday,28 Jan 2025 13:00,321.47,321.47,0
Tuesday,28 Jan 2025 14:00,238.06,313.37,0
Tuesday,28 Jan 2025 15:00,324.8,324.8,0
Tuesday,28 Jan 2025 16:00,314.4,314.4,0
Tuesday,28 Jan 2025 17:00,321.78,321.78,0
Tuesday,28 Jan 2025 18:00,321.66,321.66,0
Tuesday,28 Jan 2025 19:00,315.53,315.53,0
Tuesday,28 Jan 2025 20:00,322.57,322.57,0
Tuesday,28 Jan 2025 21:00,330.01,330.01,0
Tuesday,28 Jan 2025 22:00,320.93,320.93,0
Tuesday,28 Jan 2025 23:00,236.02,394.67,0
Wednesday,29 Jan 2025 0:00,402.77,323.44,0
Wednesday,29 Jan 2025 1:00,323.24,323.24,0
Wednesday,29 Jan 2025 2:00,326.24,326.24,0
Wednesday,29 Jan 2025 3:00,712.26,321.33,0
Wednesday,29 Jan 2025 4:00,323.28,323.28,0
Wednesday,29 Jan 2025 5:00,322.32,322.32,0
Wednesday,29 Jan 2025 6:00,319.41,319.41,0
Wednesday,29 Jan 2025 7:00,307.34,307.34,0
Wednesday,29 Jan 2025 8:00,299.22,299.22,0
Wednesday,29 Jan 2025 9:00,303.48,303.48,0
Wednesday,29 Jan 2025 10:00,310.49,310.49,0
Wednesday,29 Jan 2025 11:00,318.82,318.82,0
Wednesday,29 Jan 2025 12:00,322.59,322.59,0
Wednesday,29 Jan 2025 13:00,236.78,236.78,0
Wednesday,29 Jan 2025 14:00,328.6,328.6,0
Wednesday,29 Jan 2025 15:00,321.03,321.03,0
Wednesday,29 Jan 2025 16:00,315.58,315.58,0
Wednesday,29 Jan 2025 17:00,306.58,306.58,0
Wednesday,29 Jan 2025 18:00,304.15,304.15,0
Wednesday,29 Jan 2025 19:00,316.46,316.46,0
Wednesday,29 Jan 2025 20:00,234.07,234.07,0
Wednesday,29 Jan 2025 21:00,320.16,320.16,0
Wednesday,29 Jan 2025 22:00,236.53,315.07,0
Wednesday,29 Jan 2025 23:00,322.24,404.39,0
Thursday,30 Jan 2025 0:00,314.94,314.94,0
Thursday,30 Jan 2025 1:00,316.18,316.18,0
Thursday,30 Jan 2025 2:00,316.35,316.35,0
Thursday,30 Jan 2025 3:00,714.84,318,0
Thursday,30 Jan 2025 4:00,316.67,316.67,0
Thursday,30 Jan 2025 5:00,323.34,323.34,0
Thursday,30 Jan 2025 6:00,305.55,305.55,0
Thursday,30 Jan 2025 7:00,300.65,300.65,0
Thursday,30 Jan 2025 8:00,302,302,0
Thursday,30 Jan 2025 9:00,233.42,233.42,0
Thursday,30 Jan 2025 10:00,321.43,321.43,0
Thursday,30 Jan 2025 11:00,317.47,317.47,0
Thursday,30 Jan 2025 12:00,308.27,308.27,0
Thursday,30 Jan 2025 13:00,320.97,320.97,0
Thursday,30 Jan 2025 14:00,314.76,314.76,0
Thursday,30 Jan 2025 15:00,323.3,323.3,0
Thursday,30 Jan 2025 16:00,331.23,331.23,0
Thursday,30 Jan 2025 17:00,322.62,322.62,0
Thursday,30 Jan 2025 18:00,316.31,316.31,0
Thursday,30 Jan 2025 19:00,322.05,322.05,0
Thursday,30 Jan 2025 20:00,317.67,317.67,0
Thursday,30 Jan 2025 21:00,318.48,318.48,0
Thursday,30 Jan 2025 22:00,322.98,322.98,0
Thursday,30 Jan 2025 23:00,245.82,408.05,0
Friday,31 Jan 2025 0:00,405.82,324.71,0
Friday,31 Jan 2025 1:00,326.82,326.82,0
Friday,31 Jan 2025 2:00,241.26,321.65,0
Friday,31 Jan 2025 3:00,785.87,318.17,0
Friday,31 Jan 2025 4:00,318.62,318.62,0
Friday,31 Jan 2025 5:00,317.5,317.5,0
Friday,31 Jan 2025 6:00,314.93,314.93,0
Friday,31 Jan 2025 7:00,326.02,326.02,0
Friday,31 Jan 2025 8:00,354.58,354.58,0
Friday,31 Jan 2025 9:00,322.11,322.11,0
Friday,31 Jan 2025 10:00,318.9,318.9,0
Friday,31 Jan 2025 11:00,321.19,321.19,0
Friday,31 Jan 2025 12:00,240,240,0
Friday,31 Jan 2025 13:00,320.75,320.75,0
Friday,31 Jan 2025 14:00,327.49,327.49,0
Friday,31 Jan 2025 15:00,328.51,328.51,0
Friday,31 Jan 2025 16:00,327.48,327.48,0
Friday,31 Jan 2025 17:00,321.06,321.06,0
Friday,31 Jan 2025 18:00,330.25,330.25,0
Friday,31 Jan 2025 19:00,246.92,246.92,0
Friday,31 Jan 2025 20:00,322.1,322.1,0
Friday,31 Jan 2025 21:00,337.2,337.2,0
Friday,31 Jan 2025 22:00,324.13,324.13,0
Friday,31 Jan 2025 23:00,236.8,391.1,0
Saturday,01 Feb 2025 0:00,396.48,319.33,0
Saturday,01 Feb 2025 1:00,322.48,322.48,0
Saturday,01 Feb 2025 2:00,319.86,319.86,0
Saturday,01 Feb 2025 3:00,709.96,319.97,0
Saturday,01 Feb 2025 4:00,316.3,316.3,0
Saturday,01 Feb 2025 5:00,320.78,320.78,0
Saturday,01 Feb 2025 6:00,315.8,315.8,0
Saturday,01 Feb 2025 7:00,314.47,314.47,0
Saturday,01 Feb 2025 8:00,316.16,316.16,0
Saturday,01 Feb 2025 9:00,323.41,323.41,0
Saturday,01 Feb 2025 10:00,319.5,319.5,0
Saturday,01 Feb 2025 11:00,319.18,319.18,0
Saturday,01 Feb 2025 12:00,326.33,326.33,0
Saturday,01 Feb 2025 13:00,321.19,321.19,0
Saturday,01 Feb 2025 14:00,323.24,323.24,0
Saturday,01 Feb 2025 15:00,315.47,315.47,0
Saturday,01 Feb 2025 16:00,317.93,317.93,0
Saturday,01 Feb 2025 17:00,322.4,322.4,0
Saturday,01 Feb 2025 18:00,320.39,320.39,0
Saturday,01 Feb 2025 19:00,321.96,321.96,0
Saturday,01 Feb 2025 20:00,325.1,325.1,0
Saturday,01 Feb 2025 21:00,327.7,327.7,0
Saturday,01 Feb 2025 22:00,323.63,323.63,0
Saturday,01 Feb 2025 23:00,244.11,405.32,0
Sunday,02 Feb 2025 0:00,405.52,324.91,0
Sunday,02 Feb 2025 1:00,321.46,321.46,0
Sunday,02 Feb 2025 2:00,326.13,326.13,0
Sunday,02 Feb 2025 3:00,726.15,323.51,0
Sunday,02 Feb 2025 4:00,318.66,318.66,0
Sunday,02 Feb 2025 5:00,318.26,318.26,0
Sunday,02 Feb 2025 6:00,319.95,319.95,0
Sunday,02 Feb 2025 7:00,326.72,326.72,0
Sunday,02 Feb 2025 8:00,324.44,324.44,0
Sunday,02 Feb 2025 9:00,321.99,321.99,0
Sunday,02 Feb 2025 10:00,315.9,315.9,0
Sunday,02 Feb 2025 11:00,316.45,316.45,0
Sunday,02 Feb 2025 12:00,315.18,315.18,0
Sunday,02 Feb 2025 13:00,326.84,326.84,0
Sunday,02 Feb 2025 14:00,329.5,329.5,0
Sunday,02 Feb 2025 15:00,323.37,323.37,0
Sunday,02 Feb 2025 16:00,321.07,321.07,0
Sunday,02 Feb 2025 17:00,316.03,316.03,0
Sunday,02 Feb 2025 18:00,321.16,321.16,0
Sunday,02 Feb 2025 19:00,327.76,327.76,0
Sunday,02 Feb 2025 20:00,322.41,322.41,0
Sunday,02 Feb 2025 21:00,326.5,326.5,0
Sunday,02 Feb 2025 22:00,252.45,334.35,0
Sunday,02 Feb 2025 23:00,321.6,400.45,0
Monday,03 Feb 2025 0:00,401.24,320.87,0
Monday,03 Feb 2025 1:00,324.76,324.76,0
Monday,03 Feb 2025 2:00,322.99,322.99,0
Monday,03 Feb 2025 3:00,713.43,317.43,0
Monday,03 Feb 2025 4:00,314.55,314.55,0
Monday,03 Feb 2025 5:00,315.71,315.71,0
Monday,03 Feb 2025 6:00,317.18,317.18,0
Monday,03 Feb 2025 7:00,315.5,315.5,0
Monday,03 Feb 2025 8:00,321.28,321.28,0
Monday,03 Feb 2025 9:00,318.84,318.84,0
Monday,03 Feb 2025 10:00,327.39,327.39,0
Monday,03 Feb 2025 11:00,324.56,324.56,0
Monday,03 Feb 2025 12:00,312.99,312.99,0
Monday,03 Feb 2025 13:00,317.69,317.69,0
Monday,03 Feb 2025 14:00,316.83,316.83,0
Monday,03 Feb 2025 15:00,246.25,329.39,0
Monday,03 Feb 2025 16:00,319.75,319.75,0
Monday,03 Feb 2025 17:00,320.68,320.68,0
Monday,03 Feb 2025 18:00,321.48,321.48,0
Monday,03 Feb 2025 19:00,236.1,236.1,0
Monday,03 Feb 2025 20:00,316.59,316.59,0
Monday,03 Feb 2025 21:00,322.79,322.79,0
Monday,03 Feb 2025 22:00,328.87,328.87,0
Monday,03 Feb 2025 23:00,244.21,403.36,0
Tuesday,04 Feb 2025 0:00,402.35,322.78,0
Tuesday,04 Feb 2025 1:00,320.88,320.88,0
Tuesday,04 Feb 2025 2:00,239.68,239.68,0
Tuesday,04 Feb 2025 3:00,717.31,316.89,0
Tuesday,04 Feb 2025 4:00,316.91,316.91,0
Tuesday,04 Feb 2025 5:00,323.29,323.29,0
Tuesday,04 Feb 2025 6:00,318.48,318.48,0
Tuesday,04 Feb 2025 7:00,247.69,247.69,0
Tuesday,04 Feb 2025 8:00,317.66,317.66,0
Tuesday,04 Feb 2025 9:00,317.43,317.43,0
Tuesday,04 Feb 2025 10:00,317.21,317.21,0
Tuesday,04 Feb 2025 11:00,320.99,320.99,0
Tuesday,04 Feb 2025 12:00,321.68,321.68,0
Tuesday,04 Feb 2025 13:00,312.85,312.85,0
Tuesday,04 Feb 2025 14:00,309.28,309.28,0
Tuesday,04 Feb 2025 15:00,328.3,328.3,0
Tuesday,04 Feb 2025 16:00,322.14,322.14,0
Tuesday,04 Feb 2025 17:00,322.53,322.53,0
Tuesday,04 Feb 2025 18:00,316.42,316.42,0
Tuesday,04 Feb 2025 19:00,320.13,320.13,0
Tuesday,04 Feb 2025 20:00,316.94,316.94,0
Tuesday,04 Feb 2025 21:00,327.34,327.34,0
Tuesday,04 Feb 2025 22:00,328.66,328.66,0
Tuesday,04 Feb 2025 23:00,243.11,408.65,0
Wednesday,05 Feb 2025 0:00,397.97,315.2,0
Wednesday,05 Feb 2025 1:00,313.22,313.22,0
Wednesday,05 Feb 2025 2:00,312.49,312.49,0
Wednesday,05 Feb 2025 3:00,733.25,320.7,0
Wednesday,05 Feb 2025 4:00,316.13,316.13,0
Wednesday,05 Feb 2025 5:00,318.53,318.53,0
Wednesday,05 Feb 2025 6:00,316.59,316.59,0
Wednesday,05 Feb 2025 7:00,311.35,311.35,0
Wednesday,05 Feb 2025 8:00,331.64,331.64,0
Wednesday,05 Feb 2025 9:00,234.09,234.09,0
Wednesday,05 Feb 2025 10:00,359.38,359.38,0
Wednesday,05 Feb 2025 11:00,339.73,339.73,0
Wednesday,05 Feb 2025 12:00,318.9,318.9,0
Wednesday,05 Feb 2025 13:00,314.03,314.03,0
Wednesday,05 Feb 2025 14:00,310.02,310.02,0
Wednesday,05 Feb 2025 15:00,318.31,318.31,0
Wednesday,05 Feb 2025 16:00,314.76,314.76,0
Wednesday,05 Feb 2025 17:00,318.65,318.65,0
Wednesday,05 Feb 2025 18:00,319.51,319.51,0
Wednesday,05 Feb 2025 19:00,318.95,318.95,0
Wednesday,05 Feb 2025 20:00,317.66,317.66,0
Wednesday,05 Feb 2025 21:00,318.48,318.48,0
Wednesday,05 Feb 2025 22:00,320.44,320.44,0
Wednesday,05 Feb 2025 23:00,243.8,407.13,0
Thursday,06 Feb 2025 0:00,402.98,321.31,0
Thursday,06 Feb 2025 1:00,324.89,324.89,0
Thursday,06 Feb 2025 2:00,316.92,316.92,0
Thursday,06 Feb 2025 3:00,723.44,319.69,0
Thursday,06 Feb 2025 4:00,323.94,323.94,0
Thursday,06 Feb 2025 5:00,317.67,317.67,0
Thursday,06 Feb 2025 6:00,318.3,318.3,0
Thursday,06 Feb 2025 7:00,321.93,321.93,0
Thursday,06 Feb 2025 8:00,320.99,320.99,0
Thursday,06 Feb 2025 9:00,340.09,340.09,0
Thursday,06 Feb 2025 10:00,329.91,329.91,0
Thursday,06 Feb 2025 11:00,239.88,320.38,0
Thursday,06 Feb 2025 12:00,316.67,316.67,0
Thursday,06 Feb 2025 13:00,318.5,318.5,0
Thursday,06 Feb 2025 14:00,325.59,325.59,0
Thursday,06 Feb 2025 15:00,327.14,327.14,0
Thursday,06 Feb 2025 16:00,319.27,319.27,0
Thursday,06 Feb 2025 17:00,317.05,317.05,0
Thursday,06 Feb 2025 18:00,235.55,235.55,0
Thursday,06 Feb 2025 19:00,313.79,313.79,0
Thursday,06 Feb 2025 20:00,327.15,327.15,0
Thursday,06 Feb 2025 21:00,327.07,327.07,0
Thursday,06 Feb 2025 22:00,315.87,315.87,0
Thursday,06 Feb 2025 23:00,318.24,398.26,0
Friday,07 Feb 2025 0:00,320.55,320.55,0
Friday,07 Feb 2025 1:00,317.41,317.41,0
Friday,07 Feb 2025 2:00,319.57,319.57,0
Friday,07 Feb 2025 3:00,704.6,310.83,0
Friday,07 Feb 2025 4:00,324.92,324.92,0
Friday,07 Feb 2025 5:00,320.56,320.56,0
Friday,07 Feb 2025 6:00,307.4,307.4,0
Friday,07 Feb 2025 7:00,320.48,320.48,0
Friday,07 Feb 2025 8:00,316.38,316.38,0
Friday,07 Feb 2025 9:00,328.11,328.11,0
Friday,07 Feb 2025 10:00,325.39,325.39,0
Friday,07 Feb 2025 11:00,333.1,333.1,0
Friday,07 Feb 2025 12:00,322.69,322.69,0
Friday,07 Feb 2025 13:00,318.55,318.55,0
Friday,07 Feb 2025 14:00,313.94,313.94,0
Friday,07 Feb 2025 15:00,315.73,315.73,0
Friday,07 Feb 2025 16:00,310.04,310.04,0
Friday,07 Feb 2025 17:00,316.28,316.28,0
Friday,07 Feb 2025 18:00,316.74,316.74,0
Friday,07 Feb 2025 19:00,323.6,323.6,0
Friday,07 Feb 2025 20:00,315.32,315.32,0
Friday,07 Feb 2025 21:00,330.44,330.44,0
Friday,07 Feb 2025 22:00,"2,675","2,675",0
Friday,07 Feb 2025 23:00,"2,145","3,518",0
Saturday,08 Feb 2025 0:00,"3,559","2,872",0
Saturday,08 Feb 2025 1:00,"2,743","2,743",0
Saturday,08 Feb 2025 2:00,"2,909","2,909",0
Saturday,08 Feb 2025 3:00,"6,096","2,871",0
Saturday,08 Feb 2025 4:00,"2,663","2,663",0
Saturday,08 Feb 2025 5:00,"2,954","2,954",0
Saturday,08 Feb 2025 6:00,"3,087","3,087",0
Saturday,08 Feb 2025 7:00,"2,716","2,716",0
Saturday,08 Feb 2025 8:00,"2,948","2,948",0
Saturday,08 Feb 2025 9:00,"2,844","2,844",0
Saturday,08 Feb 2025 10:00,"2,965","2,965",0
Saturday,08 Feb 2025 11:00,"2,924","2,924",0
Saturday,08 Feb 2025 12:00,"2,869","2,869",0
Saturday,08 Feb 2025 13:00,"1,434","1,434",0
Saturday,08 Feb 2025 14:00,313.86,313.86,0
Saturday,08 Feb 2025 15:00,322.51,322.51,0
Saturday,08 Feb 2025 16:00,317.31,317.31,0
Saturday,08 Feb 2025 17:00,320.75,320.75,0
Saturday,08 Feb 2025 18:00,314.48,314.48,0
Saturday,08 Feb 2025 19:00,318.08,318.08,0
Saturday,08 Feb 2025 20:00,313.06,313.06,0
Saturday,08 Feb 2025 21:00,317.73,317.73,0
Saturday,08 Feb 2025 22:00,321.19,321.19,0
Saturday,08 Feb 2025 23:00,239.59,401.6,0
Sunday,09 Feb 2025 0:00,405.61,324.6,0
Sunday,09 Feb 2025 1:00,322.32,322.32,0
Sunday,09 Feb 2025 2:00,321.61,321.61,0
Sunday,09 Feb 2025 3:00,644.62,321.49,0
Sunday,09 Feb 2025 4:00,396.12,315.33,0
Sunday,09 Feb 2025 5:00,318.96,318.96,0
Sunday,09 Feb 2025 6:00,314.56,314.56,0
Sunday,09 Feb 2025 7:00,316.3,316.3,0
Sunday,09 Feb 2025 8:00,238.25,238.25,0
Sunday,09 Feb 2025 9:00,247.7,247.7,0
Sunday,09 Feb 2025 10:00,320.27,320.27,0
Sunday,09 Feb 2025 11:00,318.43,318.43,0
Sunday,09 Feb 2025 12:00,318.09,318.09,0
Sunday,09 Feb 2025 13:00,325.01,325.01,0
Sunday,09 Feb 2025 14:00,324.03,324.03,0
Sunday,09 Feb 2025 15:00,323.37,323.37,0
Sunday,09 Feb 2025 16:00,317.1,317.1,0
Sunday,09 Feb 2025 17:00,231.32,310.8,0
Sunday,09 Feb 2025 18:00,318.72,318.72,0
Sunday,09 Feb 2025 19:00,312.5,312.5,0
Sunday,09 Feb 2025 20:00,322.23,322.23,0
Sunday,09 Feb 2025 21:00,318.95,318.95,0
Sunday,09 Feb 2025 22:00,312.95,312.95,0
Sunday,09 Feb 2025 23:00,240.71,405.58,0
Monday,10 Feb 2025 0:00,404.46,322.02,0
Monday,10 Feb 2025 1:00,321.52,321.52,0
Monday,10 Feb 2025 2:00,328.88,328.88,0
Monday,10 Feb 2025 3:00,728.15,320.49,0
Monday,10 Feb 2025 4:00,238.02,238.02,0
Monday,10 Feb 2025 5:00,311.03,311.03,0
Monday,10 Feb 2025 6:00,324.36,324.36,0
Monday,10 Feb 2025 7:00,321.91,321.91,0
Monday,10 Feb 2025 8:00,314.37,314.37,0
Monday,10 Feb 2025 9:00,318.07,318.07,0
Monday,10 Feb 2025 10:00,314.79,314.79,0
Monday,10 Feb 2025 11:00,318.15,318.15,0
Monday,10 Feb 2025 12:00,322.27,322.27,0
Monday,10 Feb 2025 13:00,318.27,318.27,0
Monday,10 Feb 2025 14:00,330.67,330.67,0
Monday,10 Feb 2025 15:00,318.45,318.45,0
Monday,10 Feb 2025 16:00,316.21,316.21,0
Monday,10 Feb 2025 17:00,323.58,323.58,0
Monday,10 Feb 2025 18:00,315.45,315.45,0
Monday,10 Feb 2025 19:00,326.53,326.53,0
Monday,10 Feb 2025 20:00,315.83,315.83,0
Monday,10 Feb 2025 21:00,322.52,322.52,0
Monday,10 Feb 2025 22:00,321.6,321.6,0
Monday,10 Feb 2025 23:00,248.9,409.79,0
Tuesday,11 Feb 2025 0:00,400.24,319.79,0
Tuesday,11 Feb 2025 1:00,318.97,318.97,0
Tuesday,11 Feb 2025 2:00,239.34,322.31,0
Tuesday,11 Feb 2025 3:00,807.74,321.3,0
Tuesday,11 Feb 2025 4:00,353.65,353.65,0
Tuesday,11 Feb 2025 5:00,317.78,317.78,0
Tuesday,11 Feb 2025 6:00,316.49,316.49,0
Tuesday,11 Feb 2025 7:00,314.94,314.94,0
Tuesday,11 Feb 2025 8:00,308.62,308.62,0
Tuesday,11 Feb 2025 9:00,322.29,322.29,0
Tuesday,11 Feb 2025 10:00,315.53,315.53,0
Tuesday,11 Feb 2025 11:00,323.74,323.74,0
Tuesday,11 Feb 2025 12:00,319.64,319.64,0
Tuesday,11 Feb 2025 13:00,321.48,321.48,0
Tuesday,11 Feb 2025 14:00,325.2,325.2,0
Tuesday,11 Feb 2025 15:00,322.23,322.23,0
Tuesday,11 Feb 2025 16:00,320.97,320.97,0
Tuesday,11 Feb 2025 17:00,313.93,313.93,0
Tuesday,11 Feb 2025 18:00,311,311,0
Tuesday,11 Feb 2025 19:00,311.05,311.05,0
Tuesday,11 Feb 2025 20:00,314.02,314.02,0
Tuesday,11 Feb 2025 21:00,318.69,318.69,0
Tuesday,11 Feb 2025 22:00,322.45,322.45,0
Tuesday,11 Feb 2025 23:00,241.38,399.7,0
Wednesday,12 Feb 2025 0:00,323.71,244.55,0
Wednesday,12 Feb 2025 1:00,320.44,320.44,0
Wednesday,12 Feb 2025 2:00,324.73,324.73,0
Wednesday,12 Feb 2025 3:00,734.82,326.18,0
Wednesday,12 Feb 2025 4:00,323.88,323.88,0
Wednesday,12 Feb 2025 5:00,319.5,319.5,0
Wednesday,12 Feb 2025 6:00,317.12,317.12,0
Wednesday,12 Feb 2025 7:00,245.23,245.23,0
Wednesday,12 Feb 2025 8:00,320.59,320.59,0
Wednesday,12 Feb 2025 9:00,313.21,313.21,0
Wednesday,12 Feb 2025 10:00,312.82,312.82,0
Wednesday,12 Feb 2025 11:00,307.24,307.24,0
Wednesday,12 Feb 2025 12:00,308.59,308.59,0
Wednesday,12 Feb 2025 13:00,302.59,302.59,0
Wednesday,12 Feb 2025 14:00,310.8,310.8,0
Wednesday,12 Feb 2025 15:00,313.43,313.43,0
Wednesday,12 Feb 2025 16:00,318.11,318.11,0
Wednesday,12 Feb 2025 17:00,322.02,322.02,0
Wednesday,12 Feb 2025 18:00,327.53,327.53,0
Wednesday,12 Feb 2025 19:00,322.62,322.62,0
Wednesday,12 Feb 2025 20:00,160.57,160.57,0
Wednesday,12 Feb 2025 21:00,311.53,311.53,0
Wednesday,12 Feb 2025 22:00,320.89,320.89,0
Wednesday,12 Feb 2025 23:00,162.45,397.57,0
Thursday,13 Feb 2025 0:00,391.4,313.62,0
Thursday,13 Feb 2025 1:00,318.01,318.01,0
Thursday,13 Feb 2025 2:00,320.09,320.09,0
Thursday,13 Feb 2025 3:00,644.08,318.91,0
Thursday,13 Feb 2025 4:00,315.08,315.08,0
Thursday,13 Feb 2025 5:00,317.07,317.07,0
Thursday,13 Feb 2025 6:00,314.68,314.68,0
Thursday,13 Feb 2025 7:00,307.96,307.96,0
Thursday,13 Feb 2025 8:00,317.82,317.82,0
Thursday,13 Feb 2025 9:00,309.52,309.52,0
Thursday,13 Feb 2025 10:00,319.25,319.25,0
Thursday,13 Feb 2025 11:00,315.31,315.31,0
Thursday,13 Feb 2025 12:00,319.39,319.39,0
Thursday,13 Feb 2025 13:00,310.04,310.04,0
Thursday,13 Feb 2025 14:00,236.43,236.43,0
Thursday,13 Feb 2025 15:00,301.28,301.28,0
Thursday,13 Feb 2025 16:00,313.06,313.06,0
Thursday,13 Feb 2025 17:00,241.42,241.42,0
Thursday,13 Feb 2025 18:00,315.36,315.36,0
Thursday,13 Feb 2025 19:00,315.72,315.72,0
Thursday,13 Feb 2025 20:00,321.99,321.99,0
Thursday,13 Feb 2025 21:00,314.43,314.43,0
Thursday,13 Feb 2025 22:00,323.17,323.17,0
Thursday,13 Feb 2025 23:00,242.54,400.24,0
Friday,14 Feb 2025 0:00,397.85,319,0
Friday,14 Feb 2025 1:00,320.49,320.49,0
Friday,14 Feb 2025 2:00,237.3,319.17,0
Friday,14 Feb 2025 3:00,808.21,318.45,0
Friday,14 Feb 2025 4:00,315.72,315.72,0
Friday,14 Feb 2025 5:00,314.34,314.34,0
Friday,14 Feb 2025 6:00,312.07,312.07,0
Friday,14 Feb 2025 7:00,307.55,307.55,0
Friday,14 Feb 2025 8:00,311.51,311.51,0
Friday,14 Feb 2025 9:00,309.6,309.6,0
Friday,14 Feb 2025 10:00,315.72,315.72,0
Friday,14 Feb 2025 11:00,316.49,316.49,0
Friday,14 Feb 2025 12:00,322.38,322.38,0
Friday,14 Feb 2025 13:00,313.08,313.08,0
Friday,14 Feb 2025 14:00,238.76,318.24,0
Friday,14 Feb 2025 15:00,307.32,307.32,0
Friday,14 Feb 2025 16:00,323.03,323.03,0
Friday,14 Feb 2025 17:00,310.84,310.84,0
Friday,14 Feb 2025 18:00,319.86,319.86,0
Friday,14 Feb 2025 19:00,321.97,321.97,0
Friday,14 Feb 2025 20:00,323.13,323.13,0
Friday,14 Feb 2025 21:00,314.01,314.01,0
Friday,14 Feb 2025 22:00,311.95,311.95,0
Friday,14 Feb 2025 23:00,239.96,406.19,0
Saturday,15 Feb 2025 0:00,403.65,320.54,0
Saturday,15 Feb 2025 1:00,240.91,321.67,0
Saturday,15 Feb 2025 2:00,317.76,317.76,0
Saturday,15 Feb 2025 3:00,715.79,319.02,0
Saturday,15 Feb 2025 4:00,322.66,322.66,0
Saturday,15 Feb 2025 5:00,319.99,319.99,0
Saturday,15 Feb 2025 6:00,310.61,310.61,0
Saturday,15 Feb 2025 7:00,311.52,311.52,0
Saturday,15 Feb 2025 8:00,312.43,312.43,0
Saturday,15 Feb 2025 9:00,315.41,315.41,0
Saturday,15 Feb 2025 10:00,318.13,318.13,0
Saturday,15 Feb 2025 11:00,306.74,306.74,0
Saturday,15 Feb 2025 12:00,316.5,316.5,0
Saturday,15 Feb 2025 13:00,318.02,318.02,0
Saturday,15 Feb 2025 14:00,318.43,318.43,0
Saturday,15 Feb 2025 15:00,321.97,321.97,0
Saturday,15 Feb 2025 16:00,320.34,320.34,0
Saturday,15 Feb 2025 17:00,321.54,321.54,0
Saturday,15 Feb 2025 18:00,320.5,320.5,0
Saturday,15 Feb 2025 19:00,309.59,309.59,0
Saturday,15 Feb 2025 20:00,327.11,327.11,0
Saturday,15 Feb 2025 21:00,323.85,323.85,0
Saturday,15 Feb 2025 22:00,315.95,315.95,0
Saturday,15 Feb 2025 23:00,239.82,398.37,0
Sunday,16 Feb 2025 0:00,399.24,319.96,0
Sunday,16 Feb 2025 1:00,318.29,318.29,0
Sunday,16 Feb 2025 2:00,320.77,320.77,0
Sunday,16 Feb 2025 3:00,714.52,314.59,0
Sunday,16 Feb 2025 4:00,322.7,322.7,0
Sunday,16 Feb 2025 5:00,316.2,316.2,0
Sunday,16 Feb 2025 6:00,314.75,314.75,0
Sunday,16 Feb 2025 7:00,313.41,313.41,0
Sunday,16 Feb 2025 8:00,318.35,318.35,0
Sunday,16 Feb 2025 9:00,321.18,321.18,0
Sunday,16 Feb 2025 10:00,320.01,320.01,0
Sunday,16 Feb 2025 11:00,324.96,324.96,0
Sunday,16 Feb 2025 12:00,318.35,318.35,0
Sunday,16 Feb 2025 13:00,321.79,321.79,0
Sunday,16 Feb 2025 14:00,318.98,318.98,0
Sunday,16 Feb 2025 15:00,324.94,324.94,0
Sunday,16 Feb 2025 16:00,319.64,319.64,0
Sunday,16 Feb 2025 17:00,313.63,313.63,0
Sunday,16 Feb 2025 18:00,319.32,319.32,0
Sunday,16 Feb 2025 19:00,319.49,319.49,0
Sunday,16 Feb 2025 20:00,318.2,318.2,0
Sunday,16 Feb 2025 21:00,329.12,329.12,0
Sunday,16 Feb 2025 22:00,323.2,323.2,0
Sunday,16 Feb 2025 23:00,236.79,392.63,0
Monday,17 Feb 2025 0:00,401.78,323.86,0
Monday,17 Feb 2025 1:00,322.67,322.67,0
Monday,17 Feb 2025 2:00,242.85,321.54,0
Monday,17 Feb 2025 3:00,707.08,317.71,0
Monday,17 Feb 2025 4:00,395.59,317.92,0
Monday,17 Feb 2025 5:00,314.84,314.84,0
Monday,17 Feb 2025 6:00,309.6,309.6,0
Monday,17 Feb 2025 7:00,312.43,312.43,0
Monday,17 Feb 2025 8:00,229.69,229.69,0
Monday,17 Feb 2025 9:00,302.09,302.09,0
Monday,17 Feb 2025 10:00,300.86,300.86,0
Monday,17 Feb 2025 11:00,300.25,300.25,0
Monday,17 Feb 2025 12:00,298.96,298.96,0
Monday,17 Feb 2025 13:00,313,313,0
Monday,17 Feb 2025 14:00,309.79,309.79,0
Monday,17 Feb 2025 15:00,307.31,307.31,0
Monday,17 Feb 2025 16:00,311.19,311.19,0
Monday,17 Feb 2025 17:00,313.67,313.67,0
Monday,17 Feb 2025 18:00,306.53,306.53,0
Monday,17 Feb 2025 19:00,312.6,312.6,0
Monday,17 Feb 2025 20:00,312.61,312.61,0
Monday,17 Feb 2025 21:00,320.49,320.49,0
Monday,17 Feb 2025 22:00,313.51,313.51,0
Monday,17 Feb 2025 23:00,237.96,386.43,0
Tuesday,18 Feb 2025 0:00,381.31,307.08,0
Tuesday,18 Feb 2025 1:00,311.09,311.09,0
Tuesday,18 Feb 2025 2:00,299.95,299.95,0
Tuesday,18 Feb 2025 3:00,724.55,317.11,0
Tuesday,18 Feb 2025 4:00,306.68,306.68,0
Tuesday,18 Feb 2025 5:00,222.18,299.26,0
Tuesday,18 Feb 2025 6:00,377.54,300.47,0
Tuesday,18 Feb 2025 7:00,295.09,295.09,0
Tuesday,18 Feb 2025 8:00,309.66,309.66,0
Tuesday,18 Feb 2025 9:00,298.33,298.33,0
Tuesday,18 Feb 2025 10:00,308.44,308.44,0
Tuesday,18 Feb 2025 11:00,316.78,316.78,0
Tuesday,18 Feb 2025 12:00,308.54,308.54,0
Tuesday,18 Feb 2025 13:00,318.88,318.88,0
Tuesday,18 Feb 2025 14:00,307.17,307.17,0
Tuesday,18 Feb 2025 15:00,314.75,314.75,0
Tuesday,18 Feb 2025 16:00,316.59,316.59,0
Tuesday,18 Feb 2025 17:00,316.55,316.55,0
Tuesday,18 Feb 2025 18:00,326.94,326.94,0
Tuesday,18 Feb 2025 19:00,323.95,323.95,0
Tuesday,18 Feb 2025 20:00,318.26,318.26,0
Tuesday,18 Feb 2025 21:00,238.87,319.02,0
Tuesday,18 Feb 2025 22:00,390.23,310.08,0
Tuesday,18 Feb 2025 23:00,228.11,385.28,0
Wednesday,19 Feb 2025 0:00,403.58,324.99,0
Wednesday,19 Feb 2025 1:00,241.51,241.51,0
Wednesday,19 Feb 2025 2:00,326.06,326.06,0
Wednesday,19 Feb 2025 3:00,731.4,322.64,0
Wednesday,19 Feb 2025 4:00,324.84,324.84,0
Wednesday,19 Feb 2025 5:00,317.1,317.1,0
Wednesday,19 Feb 2025 6:00,314.26,314.26,0
Wednesday,19 Feb 2025 7:00,230.85,230.85,0
Wednesday,19 Feb 2025 8:00,311.4,311.4,0
Wednesday,19 Feb 2025 9:00,310.1,310.1,0
Wednesday,19 Feb 2025 10:00,326.93,326.93,0
Wednesday,19 Feb 2025 11:00,344.43,344.43,0
Wednesday,19 Feb 2025 12:00,328.32,328.32,0
Wednesday,19 Feb 2025 13:00,319.36,319.36,0
Wednesday,19 Feb 2025 14:00,311.79,311.79,0
Wednesday,19 Feb 2025 15:00,314.68,314.68,0
Wednesday,19 Feb 2025 16:00,234.78,234.78,0
Wednesday,19 Feb 2025 17:00,315.13,315.13,0
Wednesday,19 Feb 2025 18:00,308.27,308.27,0
Wednesday,19 Feb 2025 19:00,318.06,318.06,0
Wednesday,19 Feb 2025 20:00,323.37,323.37,0
Wednesday,19 Feb 2025 21:00,321.19,321.19,0
Wednesday,19 Feb 2025 22:00,323.89,323.89,0
Wednesday,19 Feb 2025 23:00,244.87,402.15,0
Thursday,20 Feb 2025 0:00,397.12,318.48,0
Thursday,20 Feb 2025 1:00,314.62,314.62,0
Thursday,20 Feb 2025 2:00,322.92,322.92,0
Thursday,20 Feb 2025 3:00,710.94,318.15,0
Thursday,20 Feb 2025 4:00,321.75,321.75,0
Thursday,20 Feb 2025 5:00,242.17,326.01,0
Thursday,20 Feb 2025 6:00,324.7,324.7,0
Thursday,20 Feb 2025 7:00,325.87,325.87,0
Thursday,20 Feb 2025 8:00,328.34,328.34,0
Thursday,20 Feb 2025 9:00,317.41,317.41,0
Thursday,20 Feb 2025 10:00,317.72,317.72,0
Thursday,20 Feb 2025 11:00,320.23,320.23,0
Thursday,20 Feb 2025 12:00,321.43,321.43,0
Thursday,20 Feb 2025 13:00,322.8,322.8,0
Thursday,20 Feb 2025 14:00,318.72,318.72,0
Thursday,20 Feb 2025 15:00,319.37,319.37,0
Thursday,20 Feb 2025 16:00,319.14,319.14,0
Thursday,20 Feb 2025 17:00,232.87,309.67,0
Thursday,20 Feb 2025 18:00,312.24,312.24,0
Thursday,20 Feb 2025 19:00,311.89,311.89,0
Thursday,20 Feb 2025 20:00,320.13,320.13,0
Thursday,20 Feb 2025 21:00,317.15,317.15,0
Thursday,20 Feb 2025 22:00,320.99,320.99,0
Thursday,20 Feb 2025 23:00,244.49,244.49,0
Friday,21 Feb 2025 0:00,244.7,328.37,0
Friday,21 Feb 2025 1:00,249.88,249.88,0
Friday,21 Feb 2025 2:00,319.13,319.13,0
Friday,21 Feb 2025 3:00,702.61,309.91,0
Friday,21 Feb 2025 4:00,321.05,321.05,0
Friday,21 Feb 2025 5:00,321.13,321.13,0
Friday,21 Feb 2025 6:00,304.14,304.14,0
Friday,21 Feb 2025 7:00,310.98,310.98,0
Friday,21 Feb 2025 8:00,310.62,310.62,0
Friday,21 Feb 2025 9:00,313,313,0
Friday,21 Feb 2025 10:00,308.34,308.34,0
Friday,21 Feb 2025 11:00,325.62,325.62,0
Friday,21 Feb 2025 12:00,322.3,322.3,0
Friday,21 Feb 2025 13:00,324.11,324.11,0
Friday,21 Feb 2025 14:00,318.42,318.42,0
Friday,21 Feb 2025 15:00,320.53,320.53,0
Friday,21 Feb 2025 16:00,315.88,315.88,0
Friday,21 Feb 2025 17:00,314.32,314.32,0
Friday,21 Feb 2025 18:00,318.99,318.99,0
Friday,21 Feb 2025 19:00,330.39,330.39,0
Friday,21 Feb 2025 20:00,326.05,326.05,0
Friday,21 Feb 2025 21:00,335.9,335.9,0
Friday,21 Feb 2025 22:00,330.03,330.03,0
Friday,21 Feb 2025 23:00,242.83,400.04,0
Saturday,22 Feb 2025 0:00,400.32,321.71,0
Saturday,22 Feb 2025 1:00,320.48,320.48,0
Saturday,22 Feb 2025 2:00,325.04,325.04,0
Saturday,22 Feb 2025 3:00,643.43,321.63,0
Saturday,22 Feb 2025 4:00,388,307.55,0
Saturday,22 Feb 2025 5:00,322.89,322.89,0
Saturday,22 Feb 2025 6:00,329.35,329.35,0
Saturday,22 Feb 2025 7:00,324.82,324.82,0
Saturday,22 Feb 2025 8:00,318.4,318.4,0
Saturday,22 Feb 2025 9:00,243.73,323.3,0
Saturday,22 Feb 2025 10:00,324.51,324.51,0
Saturday,22 Feb 2025 11:00,328.01,328.01,0
Saturday,22 Feb 2025 12:00,324.76,324.76,0
Saturday,22 Feb 2025 13:00,321.66,321.66,0
Saturday,22 Feb 2025 14:00,326.76,326.76,0
Saturday,22 Feb 2025 15:00,327.66,327.66,0
Saturday,22 Feb 2025 16:00,329.66,329.66,0
Saturday,22 Feb 2025 17:00,329.84,329.84,0
Saturday,22 Feb 2025 18:00,320.28,320.28,0
Saturday,22 Feb 2025 19:00,317.25,317.25,0
Saturday,22 Feb 2025 20:00,329.51,329.51,0
Saturday,22 Feb 2025 21:00,325.21,325.21,0
Saturday,22 Feb 2025 22:00,327.08,327.08,0
Saturday,22 Feb 2025 23:00,248.85,409.09,0
Sunday,23 Feb 2025 0:00,408.06,327.94,0
Sunday,23 Feb 2025 1:00,253.22,338.56,0
Sunday,23 Feb 2025 2:00,331.45,331.45,0
Sunday,23 Feb 2025 3:00,743.56,328.34,0
Sunday,23 Feb 2025 4:00,331.5,331.5,0
Sunday,23 Feb 2025 5:00,327.96,327.96,0
Sunday,23 Feb 2025 6:00,322.3,322.3,0
Sunday,23 Feb 2025 7:00,316.7,316.7,0
Sunday,23 Feb 2025 8:00,322.45,322.45,0
Sunday,23 Feb 2025 9:00,327.17,327.17,0
Sunday,23 Feb 2025 10:00,328.25,328.25,0
Sunday,23 Feb 2025 11:00,328.88,328.88,0
Sunday,23 Feb 2025 12:00,321.87,321.87,0
Sunday,23 Feb 2025 13:00,325.68,325.68,0
Sunday,23 Feb 2025 14:00,331.29,331.29,0
Sunday,23 Feb 2025 15:00,325.32,325.32,0
Sunday,23 Feb 2025 16:00,330.37,330.37,0
Sunday,23 Feb 2025 17:00,331.34,331.34,0
Sunday,23 Feb 2025 18:00,329.35,329.35,0
Sunday,23 Feb 2025 19:00,316.5,316.5,0
Sunday,23 Feb 2025 20:00,323.43,323.43,0
Sunday,23 Feb 2025 21:00,326.31,326.31,0
Sunday,23 Feb 2025 22:00,330.22,330.22,0
Sunday,23 Feb 2025 23:00,244.96,405.77,0
Monday,24 Feb 2025 0:00,411.98,331.58,0
Monday,24 Feb 2025 1:00,332.83,332.83,0
Monday,24 Feb 2025 2:00,323.25,323.25,0
Monday,24 Feb 2025 3:00,731.28,333.63,0
Monday,24 Feb 2025 4:00,244.69,329.08,0
Monday,24 Feb 2025 5:00,242.03,321.04,0
Monday,24 Feb 2025 6:00,327.55,327.55,0
Monday,24 Feb 2025 7:00,321.24,321.24,0
Monday,24 Feb 2025 8:00,325.08,325.08,0
Monday,24 Feb 2025 9:00,326.19,326.19,0
Monday,24 Feb 2025 10:00,327.49,327.49,0
Monday,24 Feb 2025 11:00,328.42,328.42,0
Monday,24 Feb 2025 12:00,322.02,322.02,0
Monday,24 Feb 2025 13:00,244.79,244.79,0
Monday,24 Feb 2025 14:00,321.71,321.71,0
Monday,24 Feb 2025 15:00,326.45,326.45,0
Monday,24 Feb 2025 16:00,240.98,240.98,0
Monday,24 Feb 2025 17:00,319.32,319.32,0
Monday,24 Feb 2025 18:00,329.76,329.76,0
Monday,24 Feb 2025 19:00,331.64,331.64,0
Monday,24 Feb 2025 20:00,329.24,329.24,0
Monday,24 Feb 2025 21:00,324.31,324.31,0
Monday,24 Feb 2025 22:00,336.95,336.95,0
Monday,24 Feb 2025 23:00,243.87,407.16,0
Tuesday,25 Feb 2025 0:00,412.16,330.52,0
Tuesday,25 Feb 2025 1:00,324.53,324.53,0
Tuesday,25 Feb 2025 2:00,319.25,319.25,0
Tuesday,25 Feb 2025 3:00,650.22,319.86,0
Tuesday,25 Feb 2025 4:00,408.82,326.23,0
Tuesday,25 Feb 2025 5:00,322.92,322.92,0
Tuesday,25 Feb 2025 6:00,245.88,245.88,0
Tuesday,25 Feb 2025 7:00,247.14,247.14,0
Tuesday,25 Feb 2025 8:00,241.41,321.25,0
Tuesday,25 Feb 2025 9:00,315.02,315.02,0
Tuesday,25 Feb 2025 10:00,310.31,310.31,0
Tuesday,25 Feb 2025 11:00,314.74,314.74,0
Tuesday,25 Feb 2025 12:00,326.07,326.07,0
Tuesday,25 Feb 2025 13:00,328.75,328.75,0
Tuesday,25 Feb 2025 14:00,245.3,325.24,0
Tuesday,25 Feb 2025 15:00,323.75,323.75,0
Tuesday,25 Feb 2025 16:00,336.21,336.21,0
Tuesday,25 Feb 2025 17:00,325.05,325.05,0
Tuesday,25 Feb 2025 18:00,325.2,325.2,0
Tuesday,25 Feb 2025 19:00,317.04,317.04,0
Tuesday,25 Feb 2025 20:00,324.45,324.45,0
Tuesday,25 Feb 2025 21:00,260.51,260.51,0
Tuesday,25 Feb 2025 22:00,325.82,325.82,0
Tuesday,25 Feb 2025 23:00,263.63,434.11,0
Wednesday,26 Feb 2025 0:00,400.18,314.95,0
Wednesday,26 Feb 2025 1:00,324.65,324.65,0
Wednesday,26 Feb 2025 2:00,318.25,318.25,0
Wednesday,26 Feb 2025 3:00,724.99,328.52,0
Wednesday,26 Feb 2025 4:00,319.06,319.06,0
Wednesday,26 Feb 2025 5:00,319.14,319.14,0
Wednesday,26 Feb 2025 6:00,323.33,323.33,0
Wednesday,26 Feb 2025 7:00,317.38,317.38,0
Wednesday,26 Feb 2025 8:00,322.58,322.58,0
Wednesday,26 Feb 2025 9:00,321.65,321.65,0
Wednesday,26 Feb 2025 10:00,334.73,334.73,0
Wednesday,26 Feb 2025 11:00,249.51,249.51,0
Wednesday,26 Feb 2025 12:00,339.43,339.43,0
Wednesday,26 Feb 2025 13:00,335.42,335.42,0
Wednesday,26 Feb 2025 14:00,316.42,316.42,0
Wednesday,26 Feb 2025 15:00,333.92,333.92,0
Wednesday,26 Feb 2025 16:00,249.32,331.81,0
Wednesday,26 Feb 2025 17:00,249.67,249.67,0
Wednesday,26 Feb 2025 18:00,331.13,331.13,0
Wednesday,26 Feb 2025 19:00,324.55,324.55,0
Wednesday,26 Feb 2025 20:00,335.16,335.16,0
Wednesday,26 Feb 2025 21:00,326.25,326.25,0
Wednesday,26 Feb 2025 22:00,321.34,321.34,0
Wednesday,26 Feb 2025 23:00,254.8,419.57,0
Thursday,27 Feb 2025 0:00,412.6,330.21,0
Thursday,27 Feb 2025 1:00,329.74,329.74,0
Thursday,27 Feb 2025 2:00,325.07,325.07,0
Thursday,27 Feb 2025 3:00,655.01,243.84,0
Thursday,27 Feb 2025 4:00,319.09,319.09,0
Thursday,27 Feb 2025 5:00,317.33,317.33,0
Thursday,27 Feb 2025 6:00,318.5,318.5,0
Thursday,27 Feb 2025 7:00,318.46,318.46,0
Thursday,27 Feb 2025 8:00,244.4,244.4,0
Thursday,27 Feb 2025 9:00,335.13,335.13,0
Thursday,27 Feb 2025 10:00,330.24,330.24,0
Thursday,27 Feb 2025 11:00,330.94,330.94,0
Thursday,27 Feb 2025 12:00,322.04,322.04,0
Thursday,27 Feb 2025 13:00,322.84,322.84,0
Thursday,27 Feb 2025 14:00,256.05,340.91,0
Thursday,27 Feb 2025 15:00,322.21,322.21,0
Thursday,27 Feb 2025 16:00,341.7,341.7,0
Thursday,27 Feb 2025 17:00,330.39,330.39,0
Thursday,27 Feb 2025 18:00,321.14,321.14,0
Thursday,27 Feb 2025 19:00,313.65,313.65,0
Thursday,27 Feb 2025 20:00,329.45,329.45,0
Thursday,27 Feb 2025 21:00,330.38,330.38,0
Thursday,27 Feb 2025 22:00,327.04,327.04,0
Thursday,27 Feb 2025 23:00,241.91,401.23,0
Friday,28 Feb 2025 0:00,392.14,312.48,0
Friday,28 Feb 2025 1:00,321.36,321.36,0
Friday,28 Feb 2025 2:00,336.44,336.44,0
Friday,28 Feb 2025 3:00,724.31,326.25,0
Friday,28 Feb 2025 4:00,326.85,326.85,0
Friday,28 Feb 2025 5:00,323.09,323.09,0
Friday,28 Feb 2025 6:00,326.29,326.29,0
Friday,28 Feb 2025 7:00,248.99,248.99,0
Friday,28 Feb 2025 8:00,329.84,329.84,0
Friday,28 Feb 2025 9:00,333.3,333.3,0
Friday,28 Feb 2025 10:00,247.7,332.04,0
Friday,28 Feb 2025 11:00,244.98,244.98,0
Friday,28 Feb 2025 12:00,337.7,337.7,0
Friday,28 Feb 2025 13:00,348.13,348.13,0
Friday,28 Feb 2025 14:00,318.49,318.49,0
Friday,28 Feb 2025 15:00,326.52,326.52,0
Friday,28 Feb 2025 16:00,315.45,315.45,0
Friday,28 Feb 2025 17:00,248.61,331.31,0
Friday,28 Feb 2025 18:00,336.27,336.27,0
Friday,28 Feb 2025 19:00,331.06,331.06,0
Friday,28 Feb 2025 20:00,259.74,338.41,0
Friday,28 Feb 2025 21:00,325.42,325.42,0
Friday,28 Feb 2025 22:00,321.46,321.46,0
Friday,28 Feb 2025 23:00,241.58,406.28,0
Saturday,01 Mar 2025 0:00,427.66,345.3,0
Saturday,01 Mar 2025 1:00,339.31,339.31,0
Saturday,01 Mar 2025 2:00,337.36,337.36,0
Saturday,01 Mar 2025 3:00,721.17,325.33,0
Saturday,01 Mar 2025 4:00,323.65,323.65,0
Saturday,01 Mar 2025 5:00,320.2,320.2,0
Saturday,01 Mar 2025 6:00,320.55,320.55,0
Saturday,01 Mar 2025 7:00,322.26,322.26,0
Saturday,01 Mar 2025 8:00,321.98,321.98,0
Saturday,01 Mar 2025 9:00,321.01,321.01,0
Saturday,01 Mar 2025 10:00,321.99,321.99,0
Saturday,01 Mar 2025 11:00,324.46,324.46,0
Saturday,01 Mar 2025 12:00,333.94,333.94,0
Saturday,01 Mar 2025 13:00,320.81,320.81,0
Saturday,01 Mar 2025 14:00,317.44,317.44,0
Saturday,01 Mar 2025 15:00,322.71,322.71,0
Saturday,01 Mar 2025 16:00,320.83,320.83,0
Saturday,01 Mar 2025 17:00,321.32,321.32,0
Saturday,01 Mar 2025 18:00,241.96,241.96,0
Saturday,01 Mar 2025 19:00,331.48,331.48,0
Saturday,01 Mar 2025 20:00,334.48,334.48,0
Saturday,01 Mar 2025 21:00,239.63,239.63,0
Saturday,01 Mar 2025 22:00,328.02,328.02,0
Saturday,01 Mar 2025 23:00,242.65,405.89,0
Sunday,02 Mar 2025 0:00,323.14,241.52,0
Sunday,02 Mar 2025 1:00,233.1,311.06,0
Sunday,02 Mar 2025 2:00,310.46,310.46,0
Sunday,02 Mar 2025 3:00,626.87,311.68,0
Sunday,02 Mar 2025 4:00,398.98,320.18,0
Sunday,02 Mar 2025 5:00,314.42,314.42,0
Sunday,02 Mar 2025 6:00,323.03,323.03,0
Sunday,02 Mar 2025 7:00,321.29,321.29,0
Sunday,02 Mar 2025 8:00,324.34,324.34,0
Sunday,02 Mar 2025 9:00,323.49,323.49,0
Sunday,02 Mar 2025 10:00,342.1,342.1,0
Sunday,02 Mar 2025 11:00,256.86,256.86,0
Sunday,02 Mar 2025 12:00,320.89,320.89,0
Sunday,02 Mar 2025 13:00,317.06,317.06,0
Sunday,02 Mar 2025 14:00,324.27,324.27,0
Sunday,02 Mar 2025 15:00,332.37,332.37,0
Sunday,02 Mar 2025 16:00,325.69,325.69,0
Sunday,02 Mar 2025 17:00,320.37,320.37,0
Sunday,02 Mar 2025 18:00,328.38,328.38,0
Sunday,02 Mar 2025 19:00,330.21,330.21,0
Sunday,02 Mar 2025 20:00,331.1,331.1,0
Sunday,02 Mar 2025 21:00,326.3,326.3,0
Sunday,02 Mar 2025 22:00,324.53,324.53,0
Sunday,02 Mar 2025 23:00,246.61,417.6,0
Monday,03 Mar 2025 0:00,405.19,319.69,0
Monday,03 Mar 2025 1:00,334.11,334.11,0
Monday,03 Mar 2025 2:00,325.59,325.59,0
Monday,03 Mar 2025 3:00,646.8,241.49,0
Monday,03 Mar 2025 4:00,315.71,315.71,0
Monday,03 Mar 2025 5:00,321.58,321.58,0
Monday,03 Mar 2025 6:00,317.58,317.58,0
Monday,03 Mar 2025 7:00,246.4,327.21,0
Monday,03 Mar 2025 8:00,323.64,323.64,0
Monday,03 Mar 2025 9:00,326.19,326.19,0
Monday,03 Mar 2025 10:00,236.74,319.57,0
Monday,03 Mar 2025 11:00,323.02,323.02,0
Monday,03 Mar 2025 12:00,329.04,329.04,0
Monday,03 Mar 2025 13:00,323.99,323.99,0
Monday,03 Mar 2025 14:00,316.09,316.09,0
Monday,03 Mar 2025 15:00,328.09,328.09,0
Monday,03 Mar 2025 16:00,316.8,316.8,0
Monday,03 Mar 2025 17:00,317.38,317.38,0
Monday,03 Mar 2025 18:00,317.43,317.43,0
Monday,03 Mar 2025 19:00,321,321,0
Monday,03 Mar 2025 20:00,315.23,315.23,0
Monday,03 Mar 2025 21:00,329.68,329.68,0
Monday,03 Mar 2025 22:00,243.98,324.45,0
Monday,03 Mar 2025 23:00,315.6,395,0
Tuesday,04 Mar 2025 0:00,402.4,322.46,0
Tuesday,04 Mar 2025 1:00,260.93,260.93,0
Tuesday,04 Mar 2025 2:00,323.94,323.94,0
Tuesday,04 Mar 2025 3:00,626.95,317.06,0
Tuesday,04 Mar 2025 4:00,396.12,318.65,0
Tuesday,04 Mar 2025 5:00,320.38,320.38,0
Tuesday,04 Mar 2025 6:00,328.05,328.05,0
Tuesday,04 Mar 2025 7:00,325.99,325.99,0
Tuesday,04 Mar 2025 8:00,323.59,323.59,0
Tuesday,04 Mar 2025 9:00,327.83,327.83,0
Tuesday,04 Mar 2025 10:00,318.98,318.98,0
Tuesday,04 Mar 2025 11:00,307.13,307.13,0
Tuesday,04 Mar 2025 12:00,324.56,324.56,0
Tuesday,04 Mar 2025 13:00,325.69,325.69,0
Tuesday,04 Mar 2025 14:00,324.93,324.93,0
Tuesday,04 Mar 2025 15:00,318.86,318.86,0
Tuesday,04 Mar 2025 16:00,325.89,325.89,0
Tuesday,04 Mar 2025 17:00,336.23,336.23,0
Tuesday,04 Mar 2025 18:00,344.25,344.25,0
Tuesday,04 Mar 2025 19:00,325.63,325.63,0
Tuesday,04 Mar 2025 20:00,329.61,329.61,0
Tuesday,04 Mar 2025 21:00,332.53,332.53,0
Tuesday,04 Mar 2025 22:00,334.67,334.67,0
Tuesday,04 Mar 2025 23:00,251.4,418.52,0
Wednesday,05 Mar 2025 0:00,346.36,345.36,0
Wednesday,05 Mar 2025 1:00,250.37,329.71,0
Wednesday,05 Mar 2025 2:00,239.55,316.56,0
Wednesday,05 Mar 2025 3:00,735.71,324.59,0
Wednesday,05 Mar 2025 4:00,327.95,327.95,0
Wednesday,05 Mar 2025 5:00,318.15,318.15,0
Wednesday,05 Mar 2025 6:00,315.09,315.09,0
Wednesday,05 Mar 2025 7:00,321.48,321.48,0
Wednesday,05 Mar 2025 8:00,317.23,317.23,0
Wednesday,05 Mar 2025 9:00,334.99,334.99,0
Wednesday,05 Mar 2025 10:00,323.8,323.8,0
Wednesday,05 Mar 2025 11:00,319.13,319.13,0
Wednesday,05 Mar 2025 12:00,323.49,323.49,0
Wednesday,05 Mar 2025 13:00,316.51,316.51,0
Wednesday,05 Mar 2025 14:00,316.56,316.56,0
Wednesday,05 Mar 2025 15:00,321.86,321.86,0
Wednesday,05 Mar 2025 16:00,316.12,316.12,0
Wednesday,05 Mar 2025 17:00,245.17,245.17,0
Wednesday,05 Mar 2025 18:00,323.55,323.55,0
Wednesday,05 Mar 2025 19:00,334.22,334.22,0
Wednesday,05 Mar 2025 20:00,246.61,246.61,0
Wednesday,05 Mar 2025 21:00,321.57,321.57,0
Wednesday,05 Mar 2025 22:00,329.19,329.19,0
Wednesday,05 Mar 2025 23:00,240.79,399.66,0
Thursday,06 Mar 2025 0:00,396.34,316.9,0
Thursday,06 Mar 2025 1:00,323.1,323.1,0
Thursday,06 Mar 2025 2:00,324.06,324.06,0
Thursday,06 Mar 2025 3:00,745.68,333.29,0
Thursday,06 Mar 2025 4:00,317.66,317.66,0
Thursday,06 Mar 2025 5:00,322.56,322.56,0
Thursday,06 Mar 2025 6:00,314.84,314.84,0
Thursday,06 Mar 2025 7:00,321.39,321.39,0
Thursday,06 Mar 2025 8:00,336.07,336.07,0
Thursday,06 Mar 2025 9:00,283.22,361.16,0
Thursday,06 Mar 2025 10:00,325.72,325.72,0
Thursday,06 Mar 2025 11:00,319.26,319.26,0
Thursday,06 Mar 2025 12:00,237.92,315.45,0
Thursday,06 Mar 2025 13:00,316.6,316.6,0
Thursday,06 Mar 2025 14:00,530.69,530.69,0
Thursday,06 Mar 2025 15:00,324.24,324.24,0
Thursday,06 Mar 2025 16:00,311.42,311.42,0
Thursday,06 Mar 2025 17:00,333.74,333.74,0
Thursday,06 Mar 2025 18:00,318.95,318.95,0
Thursday,06 Mar 2025 19:00,235.51,315.84,0
Thursday,06 Mar 2025 20:00,321.38,321.38,0
Thursday,06 Mar 2025 21:00,312.23,312.23,0
Thursday,06 Mar 2025 22:00,247.08,247.08,0
Thursday,06 Mar 2025 23:00,246.32,408.83,0
Friday,07 Mar 2025 0:00,397.89,316.64,0
Friday,07 Mar 2025 1:00,316.86,316.86,0
Friday,07 Mar 2025 2:00,316.62,316.62,0
Friday,07 Mar 2025 3:00,641.34,318.68,0
Friday,07 Mar 2025 4:00,400.59,319.92,0
Friday,07 Mar 2025 5:00,245.62,245.62,0
Friday,07 Mar 2025 6:00,324.04,324.04,0
Friday,07 Mar 2025 7:00,330.42,330.42,0
Friday,07 Mar 2025 8:00,242.09,327.71,0
Friday,07 Mar 2025 9:00,314.55,314.55,0
Friday,07 Mar 2025 10:00,315.95,315.95,0
Friday,07 Mar 2025 11:00,317.91,317.91,0
Friday,07 Mar 2025 12:00,312.69,312.69,0
Friday,07 Mar 2025 13:00,242.38,318.76,0
Friday,07 Mar 2025 14:00,323.75,323.75,0
Friday,07 Mar 2025 15:00,334.79,334.79,0
Friday,07 Mar 2025 16:00,330.49,330.49,0
Friday,07 Mar 2025 17:00,328.53,328.53,0
Friday,07 Mar 2025 18:00,244.53,244.53,0
Friday,07 Mar 2025 19:00,327.28,327.28,0
Friday,07 Mar 2025 20:00,320.19,320.19,0
Friday,07 Mar 2025 21:00,326.41,326.41,0
Friday,07 Mar 2025 22:00,320.57,320.57,0
Friday,07 Mar 2025 23:00,248.23,412.69,0
Saturday,08 Mar 2025 0:00,410.09,327.87,0
Saturday,08 Mar 2025 1:00,332.32,332.32,0
Saturday,08 Mar 2025 2:00,339.12,339.12,0
Saturday,08 Mar 2025 3:00,736.74,328.36,0
Saturday,08 Mar 2025 4:00,326.54,326.54,0
Saturday,08 Mar 2025 5:00,315.86,315.86,0
Saturday,08 Mar 2025 6:00,321.89,321.89,0
Saturday,08 Mar 2025 7:00,321.99,321.99,0
Saturday,08 Mar 2025 8:00,240.96,240.96,0
Saturday,08 Mar 2025 9:00,320.12,320.12,0
Saturday,08 Mar 2025 10:00,335.86,335.86,0
Saturday,08 Mar 2025 11:00,327.34,327.34,0
Saturday,08 Mar 2025 12:00,327.47,327.47,0
Saturday,08 Mar 2025 13:00,326.16,326.16,0
Saturday,08 Mar 2025 14:00,320.41,320.41,0
Saturday,08 Mar 2025 15:00,326.46,326.46,0
Saturday,08 Mar 2025 16:00,319.81,319.81,0
Saturday,08 Mar 2025 17:00,326.82,326.82,0
Saturday,08 Mar 2025 18:00,248.14,330.56,0
Saturday,08 Mar 2025 19:00,324.18,324.18,0
Saturday,08 Mar 2025 20:00,324.38,324.38,0
Saturday,08 Mar 2025 21:00,331.06,331.06,0
Saturday,08 Mar 2025 22:00,319.54,319.54,0
Saturday,08 Mar 2025 23:00,242.18,404.11,0
Sunday,09 Mar 2025 0:00,409.86,328.9,0
Sunday,09 Mar 2025 1:00,245.11,245.11,0
Sunday,09 Mar 2025 2:00,38.39,38.39,0
Sunday,09 Mar 2025 3:00,728.75,328.09,0
Sunday,09 Mar 2025 4:00,327.16,327.16,0
Sunday,09 Mar 2025 5:00,337.82,337.82,0
Sunday,09 Mar 2025 6:00,337.71,337.71,0
Sunday,09 Mar 2025 7:00,314.7,314.7,0
Sunday,09 Mar 2025 8:00,313.84,313.84,0
Sunday,09 Mar 2025 9:00,238.47,238.47,0
Sunday,09 Mar 2025 10:00,317.37,317.37,0
Sunday,09 Mar 2025 11:00,313.28,313.28,0
Sunday,09 Mar 2025 12:00,315.91,315.91,0
Sunday,09 Mar 2025 13:00,318.21,318.21,0
Sunday,09 Mar 2025 14:00,319.35,319.35,0
Sunday,09 Mar 2025 15:00,326.3,326.3,0
Sunday,09 Mar 2025 16:00,330.08,330.08,0
Sunday,09 Mar 2025 17:00,315.69,315.69,0
Sunday,09 Mar 2025 18:00,317.85,317.85,0
Sunday,09 Mar 2025 19:00,315.03,315.03,0
Sunday,09 Mar 2025 20:00,314.13,314.13,0
Sunday,09 Mar 2025 21:00,316.96,316.96,0
Sunday,09 Mar 2025 22:00,322.06,322.06,0
Sunday,09 Mar 2025 23:00,246.45,414.48,0
Monday,10 Mar 2025 0:00,327.28,321.16,0
Monday,10 Mar 2025 1:00,323.55,323.55,0
Monday,10 Mar 2025 2:00,236.89,315.57,0
Monday,10 Mar 2025 3:00,724.61,322.25,0
Monday,10 Mar 2025 4:00,399.37,318.45,0
Monday,10 Mar 2025 5:00,316.33,316.33,0
Monday,10 Mar 2025 6:00,314.1,314.1,0
Monday,10 Mar 2025 7:00,319.18,319.18,0
Monday,10 Mar 2025 8:00,322.24,322.24,0
Monday,10 Mar 2025 9:00,241.24,241.24,0
Monday,10 Mar 2025 10:00,227.95,308.82,0
Monday,10 Mar 2025 11:00,232.24,232.24,0
Monday,10 Mar 2025 12:00,310.48,310.48,0
Monday,10 Mar 2025 13:00,314.19,314.19,0
Monday,10 Mar 2025 14:00,307.38,307.38,0
Monday,10 Mar 2025 15:00,319.66,319.66,0
Monday,10 Mar 2025 16:00,328.77,328.77,0
Monday,10 Mar 2025 17:00,327.49,327.49,0
Monday,10 Mar 2025 18:00,248.9,248.9,0
Monday,10 Mar 2025 19:00,330.53,330.53,0
Monday,10 Mar 2025 20:00,323.28,323.28,0
Monday,10 Mar 2025 21:00,322.96,322.96,0
Monday,10 Mar 2025 22:00,326.4,326.4,0
Monday,10 Mar 2025 23:00,237.85,399.44,0
Tuesday,11 Mar 2025 0:00,408.62,327.82,0
Tuesday,11 Mar 2025 1:00,325.74,325.74,0
Tuesday,11 Mar 2025 2:00,335.91,335.91,0
Tuesday,11 Mar 2025 3:00,732.85,324.17,0
Tuesday,11 Mar 2025 4:00,325.59,325.59,0
Tuesday,11 Mar 2025 5:00,239.32,239.32,0
Tuesday,11 Mar 2025 6:00,314.42,314.42,0
Tuesday,11 Mar 2025 7:00,311.48,311.48,0
Tuesday,11 Mar 2025 8:00,313.16,313.16,0
Tuesday,11 Mar 2025 9:00,305.23,305.23,0
Tuesday,11 Mar 2025 10:00,315.21,315.21,0
Tuesday,11 Mar 2025 11:00,317.86,317.86,0
Tuesday,11 Mar 2025 12:00,314.81,314.81,0
Tuesday,11 Mar 2025 13:00,315.25,315.25,0
Tuesday,11 Mar 2025 14:00,311.72,311.72,0
Tuesday,11 Mar 2025 15:00,316.26,316.26,0
Tuesday,11 Mar 2025 16:00,328.37,328.37,0
Tuesday,11 Mar 2025 17:00,304.27,304.27,0
Tuesday,11 Mar 2025 18:00,316.61,316.61,0
Tuesday,11 Mar 2025 19:00,236.78,236.78,0
Tuesday,11 Mar 2025 20:00,325.35,325.35,0
Tuesday,11 Mar 2025 21:00,343.41,343.41,0
Tuesday,11 Mar 2025 22:00,331.81,331.81,0
Tuesday,11 Mar 2025 23:00,245.88,409.89,0
Wednesday,12 Mar 2025 0:00,399.06,317.06,0
Wednesday,12 Mar 2025 1:00,321.36,321.36,0
Wednesday,12 Mar 2025 2:00,316.62,316.62,0
Wednesday,12 Mar 2025 3:00,724.1,325.13,0
Wednesday,12 Mar 2025 4:00,320.24,320.24,0
Wednesday,12 Mar 2025 5:00,327.67,327.67,0
Wednesday,12 Mar 2025 6:00,240.84,320.56,0
Wednesday,12 Mar 2025 7:00,326.76,326.76,0
Wednesday,12 Mar 2025 8:00,316.88,316.88,0
Wednesday,12 Mar 2025 9:00,325.75,325.75,0
Wednesday,12 Mar 2025 10:00,317.34,317.34,0
Wednesday,12 Mar 2025 11:00,233.49,233.49,0
Wednesday,12 Mar 2025 12:00,312.76,312.76,0
Wednesday,12 Mar 2025 13:00,319.28,319.28,0
Wednesday,12 Mar 2025 14:00,336.71,336.71,0
Wednesday,12 Mar 2025 15:00,344.95,344.95,0
Wednesday,12 Mar 2025 16:00,328.08,328.08,0
Wednesday,12 Mar 2025 17:00,239.73,239.73,0
Wednesday,12 Mar 2025 18:00,318.88,318.88,0
Wednesday,12 Mar 2025 19:00,316.14,316.14,0
Wednesday,12 Mar 2025 20:00,314.77,314.77,0
Wednesday,12 Mar 2025 21:00,309.22,309.22,0
Wednesday,12 Mar 2025 22:00,320.45,320.45,0
Wednesday,12 Mar 2025 23:00,242.46,407.95,0
Thursday,13 Mar 2025 0:00,411.56,328.82,0
Thursday,13 Mar 2025 1:00,322.09,322.09,0
Thursday,13 Mar 2025 2:00,317.44,317.44,0
Thursday,13 Mar 2025 3:00,733.26,327.57,0
Thursday,13 Mar 2025 4:00,330.09,330.09,0
Thursday,13 Mar 2025 5:00,323.68,323.68,0
Thursday,13 Mar 2025 6:00,318.93,318.93,0
Thursday,13 Mar 2025 7:00,240.52,240.52,0
Thursday,13 Mar 2025 8:00,331.45,331.45,0
Thursday,13 Mar 2025 9:00,349.87,349.87,0
Thursday,13 Mar 2025 10:00,167.09,336.39,0
Thursday,13 Mar 2025 11:00,324.34,324.34,0
Thursday,13 Mar 2025 12:00,320.78,320.78,0
Thursday,13 Mar 2025 13:00,333.58,333.58,0
Thursday,13 Mar 2025 14:00,323.95,323.95,0
Thursday,13 Mar 2025 15:00,331.01,331.01,0
Thursday,13 Mar 2025 16:00,322.56,322.56,0
Thursday,13 Mar 2025 17:00,351.93,351.93,0
Thursday,13 Mar 2025 18:00,327.91,327.91,0
Thursday,13 Mar 2025 19:00,259.3,339.87,0
Thursday,13 Mar 2025 20:00,324.76,324.76,0
Thursday,13 Mar 2025 21:00,321.79,321.79,0
Thursday,13 Mar 2025 22:00,331.12,331.12,0
Thursday,13 Mar 2025 23:00,248.04,416.44,0
Friday,14 Mar 2025 0:00,411.07,326.87,0
Friday,14 Mar 2025 1:00,334.84,334.84,0
Friday,14 Mar 2025 2:00,337.6,337.6,0
Friday,14 Mar 2025 3:00,769.35,337.68,0
Friday,14 Mar 2025 4:00,253.52,253.52,0
Friday,14 Mar 2025 5:00,320.94,320.94,0
Friday,14 Mar 2025 6:00,309.15,309.15,0
Friday,14 Mar 2025 7:00,318.4,318.4,0
Friday,14 Mar 2025 8:00,326.99,326.99,0
Friday,14 Mar 2025 9:00,336.18,336.18,0
Friday,14 Mar 2025 10:00,322.07,322.07,0
Friday,14 Mar 2025 11:00,322.42,322.42,0
Friday,14 Mar 2025 12:00,246.08,330.01,0
Friday,14 Mar 2025 13:00,327.85,327.85,0
Friday,14 Mar 2025 14:00,323.35,323.35,0
Friday,14 Mar 2025 15:00,230.98,230.98,0
Friday,14 Mar 2025 16:00,322.89,322.89,0
Friday,14 Mar 2025 17:00,318.33,318.33,0
Friday,14 Mar 2025 18:00,326.75,326.75,0
Friday,14 Mar 2025 19:00,325.93,325.93,0
Friday,14 Mar 2025 20:00,330.47,330.47,0
Friday,14 Mar 2025 21:00,339.88,339.88,0
Friday,14 Mar 2025 22:00,347.48,347.48,0
Friday,14 Mar 2025 23:00,253.41,421.81,0
Saturday,15 Mar 2025 0:00,425.85,341.64,0
Saturday,15 Mar 2025 1:00,173.77,334.31,0
Saturday,15 Mar 2025 2:00,317.19,317.19,0
Saturday,15 Mar 2025 3:00,163.03,163.03,0
Saturday,15 Mar 2025 4:00,564.27,245.47,0
Saturday,15 Mar 2025 5:00,330.7,330.7,0
Saturday,15 Mar 2025 6:00,332.22,332.22,0
Saturday,15 Mar 2025 7:00,335.01,335.01,0
Saturday,15 Mar 2025 8:00,321.11,321.11,0
Saturday,15 Mar 2025 9:00,322.08,322.08,0
Saturday,15 Mar 2025 10:00,331.78,331.78,0
Saturday,15 Mar 2025 11:00,313.03,313.03,0
Saturday,15 Mar 2025 12:00,318.96,318.96,0
Saturday,15 Mar 2025 13:00,312.88,312.88,0
Saturday,15 Mar 2025 14:00,317.37,317.37,0
Saturday,15 Mar 2025 15:00,317.58,317.58,0
Saturday,15 Mar 2025 16:00,313.05,313.05,0
Saturday,15 Mar 2025 17:00,318.65,318.65,0
Saturday,15 Mar 2025 18:00,324.67,324.67,0
Saturday,15 Mar 2025 19:00,327.51,327.51,0
Saturday,15 Mar 2025 20:00,320.63,320.63,0
Saturday,15 Mar 2025 21:00,312.19,312.19,0
Saturday,15 Mar 2025 22:00,316.93,316.93,0
Saturday,15 Mar 2025 23:00,247.8,421.77,0
Sunday,16 Mar 2025 0:00,421.65,334.67,0
Sunday,16 Mar 2025 1:00,323.61,323.61,0
Sunday,16 Mar 2025 2:00,324.67,324.67,0
Sunday,16 Mar 2025 3:00,741.26,325.47,0
Sunday,16 Mar 2025 4:00,327.05,327.05,0
Sunday,16 Mar 2025 5:00,321.49,321.49,0
Sunday,16 Mar 2025 6:00,340.11,340.11,0
Sunday,16 Mar 2025 7:00,311.47,311.47,0
Sunday,16 Mar 2025 8:00,333.21,333.21,0
Sunday,16 Mar 2025 9:00,326.96,326.96,0
Sunday,16 Mar 2025 10:00,330.37,330.37,0
Sunday,16 Mar 2025 11:00,331.16,331.16,0
Sunday,16 Mar 2025 12:00,341.82,341.82,0
Sunday,16 Mar 2025 13:00,317.73,317.73,0
Sunday,16 Mar 2025 14:00,310.21,310.21,0
Sunday,16 Mar 2025 15:00,306.33,306.33,0
Sunday,16 Mar 2025 16:00,325.03,325.03,0
Sunday,16 Mar 2025 17:00,323.42,323.42,0
Sunday,16 Mar 2025 18:00,330.39,330.39,0
Sunday,16 Mar 2025 19:00,326.85,326.85,0
Sunday,16 Mar 2025 20:00,334.54,334.54,0
Sunday,16 Mar 2025 21:00,331.89,331.89,0
Sunday,16 Mar 2025 22:00,328.6,328.6,0
Sunday,16 Mar 2025 23:00,245.27,400.05,0
Monday,17 Mar 2025 0:00,404,326.62,0
Monday,17 Mar 2025 1:00,319.33,319.33,0
Monday,17 Mar 2025 2:00,316.88,316.88,0
Monday,17 Mar 2025 3:00,678.21,334.55,0
Monday,17 Mar 2025 4:00,413.7,327.79,0
Monday,17 Mar 2025 5:00,333.78,333.78,0
Monday,17 Mar 2025 6:00,335.85,335.85,0
Monday,17 Mar 2025 7:00,317.04,317.04,0
Monday,17 Mar 2025 8:00,327.23,327.23,0
Monday,17 Mar 2025 9:00,330.6,330.6,0
Monday,17 Mar 2025 10:00,319.32,319.32,0
Monday,17 Mar 2025 11:00,331.07,331.07,0
Monday,17 Mar 2025 12:00,333.41,333.41,0
Monday,17 Mar 2025 13:00,333.29,333.29,0
Monday,17 Mar 2025 14:00,315.14,315.14,0
Monday,17 Mar 2025 15:00,308.1,308.1,0
Monday,17 Mar 2025 16:00,323.44,323.44,0
Monday,17 Mar 2025 17:00,258.96,258.96,0
Monday,17 Mar 2025 18:00,333.51,333.51,0
Monday,17 Mar 2025 19:00,333.3,333.3,0
Monday,17 Mar 2025 20:00,339.88,339.88,0
Monday,17 Mar 2025 21:00,343.29,343.29,0
Monday,17 Mar 2025 22:00,351.71,351.71,0
Monday,17 Mar 2025 23:00,342.28,424.09,0
Tuesday,18 Mar 2025 0:00,319.44,319.44,0
Tuesday,18 Mar 2025 1:00,321.58,321.58,0
Tuesday,18 Mar 2025 2:00,317.41,317.41,0
Tuesday,18 Mar 2025 3:00,706.63,318.82,0
Tuesday,18 Mar 2025 4:00,324.26,324.26,0
Tuesday,18 Mar 2025 5:00,333.23,333.23,0
Tuesday,18 Mar 2025 6:00,325.29,325.29,0
Tuesday,18 Mar 2025 7:00,342.1,342.1,0
Tuesday,18 Mar 2025 8:00,332.08,332.08,0
Tuesday,18 Mar 2025 9:00,343.74,343.74,0
Tuesday,18 Mar 2025 10:00,323.57,323.57,0
Tuesday,18 Mar 2025 11:00,324.17,324.17,0
Tuesday,18 Mar 2025 12:00,332.27,332.27,0
Tuesday,18 Mar 2025 13:00,327.22,327.22,0
Tuesday,18 Mar 2025 14:00,324.51,324.51,0
Tuesday,18 Mar 2025 15:00,329.57,329.57,0
Tuesday,18 Mar 2025 16:00,337.19,337.19,0
Tuesday,18 Mar 2025 17:00,332.92,332.92,0
Tuesday,18 Mar 2025 18:00,324.26,324.26,0
Tuesday,18 Mar 2025 19:00,313.65,313.65,0
Tuesday,18 Mar 2025 20:00,320.57,320.57,0
Tuesday,18 Mar 2025 21:00,321.04,321.04,0
Tuesday,18 Mar 2025 22:00,336.87,336.87,0
Tuesday,18 Mar 2025 23:00,255.49,418.61,0
Wednesday,19 Mar 2025 0:00,416.35,334.79,0
Wednesday,19 Mar 2025 1:00,331.56,331.56,0
Wednesday,19 Mar 2025 2:00,249.67,332.23,0
Wednesday,19 Mar 2025 3:00,813.92,325.98,0
Wednesday,19 Mar 2025 4:00,323.71,323.71,0
Wednesday,19 Mar 2025 5:00,326.19,326.19,0
Wednesday,19 Mar 2025 6:00,325.06,325.06,0
Wednesday,19 Mar 2025 7:00,239.82,239.82,0
Wednesday,19 Mar 2025 8:00,335.93,335.93,0
Wednesday,19 Mar 2025 9:00,327.46,327.46,0
Wednesday,19 Mar 2025 10:00,321.44,321.44,0
Wednesday,19 Mar 2025 11:00,314.91,314.91,0
Wednesday,19 Mar 2025 12:00,320.8,320.8,0
Wednesday,19 Mar 2025 13:00,317.77,317.77,0
Wednesday,19 Mar 2025 14:00,312.06,312.06,0
Wednesday,19 Mar 2025 15:00,310.27,310.27,0
Wednesday,19 Mar 2025 16:00,315.88,315.88,0
Wednesday,19 Mar 2025 17:00,316.91,316.91,0
Wednesday,19 Mar 2025 18:00,328.15,328.15,0
Wednesday,19 Mar 2025 19:00,326.8,326.8,0
Wednesday,19 Mar 2025 20:00,331.3,331.3,0
Wednesday,19 Mar 2025 21:00,315.95,315.95,0
Wednesday,19 Mar 2025 22:00,319.98,319.98,0
Wednesday,19 Mar 2025 23:00,240.78,403.72,0
Thursday,20 Mar 2025 0:00,400.46,318.99,0
Thursday,20 Mar 2025 1:00,313.78,313.78,0
Thursday,20 Mar 2025 2:00,322.52,322.52,0
Thursday,20 Mar 2025 3:00,732.63,325.24,0
Thursday,20 Mar 2025 4:00,326.21,326.21,0
Thursday,20 Mar 2025 5:00,331.73,331.73,0
Thursday,20 Mar 2025 6:00,319.12,319.12,0
Thursday,20 Mar 2025 7:00,307.74,307.74,0
Thursday,20 Mar 2025 8:00,313.08,313.08,0
Thursday,20 Mar 2025 9:00,316.79,316.79,0
Thursday,20 Mar 2025 10:00,313.68,313.68,0
Thursday,20 Mar 2025 11:00,313.46,313.46,0
Thursday,20 Mar 2025 12:00,322.78,322.78,0
Thursday,20 Mar 2025 13:00,319.38,319.38,0
Thursday,20 Mar 2025 14:00,282.29,9.57,272.73
Thursday,20 Mar 2025 15:00,315.23,0,315.23
Thursday,20 Mar 2025 16:00,323.56,0,323.56
Thursday,20 Mar 2025 17:00,318.32,0,318.32
Thursday,20 Mar 2025 18:00,327.11,0,327.11
Thursday,20 Mar 2025 19:00,320.46,0,320.46
Thursday,20 Mar 2025 20:00,320.4,0,320.4
Thursday,20 Mar 2025 21:00,319.06,0,319.06
Thursday,20 Mar 2025 22:00,325.21,0,325.21
Thursday,20 Mar 2025 23:00,241.53,0,402.89
Friday,21 Mar 2025 0:00,405.49,0,324.81
Friday,21 Mar 2025 1:00,320.55,0,320.55
Friday,21 Mar 2025 2:00,324.88,0,324.88
Friday,21 Mar 2025 3:00,657.12,0,326.41
Friday,21 Mar 2025 4:00,401.21,0,318.54
Friday,21 Mar 2025 5:00,318.68,0,318.68
Friday,21 Mar 2025 6:00,319.48,0,319.48
Friday,21 Mar 2025 7:00,316.5,0,316.5
Friday,21 Mar 2025 8:00,244.72,0,244.72
Friday,21 Mar 2025 9:00,307.54,0,307.54
Friday,21 Mar 2025 10:00,324.98,0,324.98
Friday,21 Mar 2025 11:00,324.85,0,324.85
Friday,21 Mar 2025 12:00,"2,177",0,"2,177"
Friday,21 Mar 2025 13:00,"2,953",0,"2,953"
Friday,21 Mar 2025 14:00,"2,828",0,"2,828"
Friday,21 Mar 2025 15:00,"3,580",0,"3,580"
Friday,21 Mar 2025 16:00,"2,915",0,"2,915"
Friday,21 Mar 2025 17:00,"2,755",0,"2,755"
Friday,21 Mar 2025 18:00,"2,548",0,"2,548"
Friday,21 Mar 2025 19:00,"2,370",0,"2,370"
Friday,21 Mar 2025 20:00,"2,018",0,"2,018"
Friday,21 Mar 2025 21:00,"1,991",0,"1,991"
Friday,21 Mar 2025 22:00,"2,048",0,"2,048"
Friday,21 Mar 2025 23:00,"1,514",0,"2,479"
Saturday,22 Mar 2025 0:00,"2,534",0,"2,052"
Saturday,22 Mar 2025 1:00,"1,955",0,"1,955"
Saturday,22 Mar 2025 2:00,"2,311",0,"2,311"
Saturday,22 Mar 2025 3:00,"4,851",0,"2,422"
Saturday,22 Mar 2025 4:00,"1,799",0,"1,799"
Saturday,22 Mar 2025 5:00,"1,840",0,"1,840"
Saturday,22 Mar 2025 6:00,"1,901",0,"1,901"
Saturday,22 Mar 2025 7:00,"1,976",0,"1,976"
Saturday,22 Mar 2025 8:00,"2,293",0,"2,293"
Saturday,22 Mar 2025 9:00,"2,408",0,"2,408"
Saturday,22 Mar 2025 10:00,"2,451",0,"2,451"
Saturday,22 Mar 2025 11:00,"2,741",0,"2,741"
Saturday,22 Mar 2025 12:00,"2,666",0,"2,666"
Saturday,22 Mar 2025 13:00,"3,001",0,"3,001"
Saturday,22 Mar 2025 14:00,"2,807",0,"2,807"
Saturday,22 Mar 2025 15:00,"3,059",0,"3,059"
Saturday,22 Mar 2025 16:00,"3,144",0,"3,144"
Saturday,22 Mar 2025 17:00,"3,054",0,"3,054"
Saturday,22 Mar 2025 18:00,"3,009",0,"3,009"
Saturday,22 Mar 2025 19:00,"2,577",0,"2,577"
Saturday,22 Mar 2025 20:00,"2,520",0,"2,520"
Saturday,22 Mar 2025 21:00,"2,236",0,"2,236"
Saturday,22 Mar 2025 22:00,"2,134",0,"2,134"
Saturday,22 Mar 2025 23:00,"1,723",0,"2,874"
Sunday,23 Mar 2025 0:00,"2,704",0,"2,128"
Sunday,23 Mar 2025 1:00,"2,003",0,"2,003"
Sunday,23 Mar 2025 2:00,"2,032",0,"2,032"
Sunday,23 Mar 2025 3:00,"4,940",0,"2,226"
Sunday,23 Mar 2025 4:00,"2,090",0,"2,090"
Sunday,23 Mar 2025 5:00,"1,920",0,"1,920"
Sunday,23 Mar 2025 6:00,"2,018",0,"2,018"
Sunday,23 Mar 2025 7:00,"1,975",0,"1,975"
Sunday,23 Mar 2025 8:00,"2,187",0,"2,187"
Sunday,23 Mar 2025 9:00,"2,194",0,"2,194"
Sunday,23 Mar 2025 10:00,"2,057",0,"2,057"
Sunday,23 Mar 2025 11:00,"2,062",0,"2,062"
Sunday,23 Mar 2025 12:00,"2,292",0,"2,292"
Sunday,23 Mar 2025 13:00,"2,140",0,"2,140"
Sunday,23 Mar 2025 14:00,"2,227",0,"2,227"
Sunday,23 Mar 2025 15:00,"2,426",0,"2,426"
Sunday,23 Mar 2025 16:00,"2,193",0,"2,193"
Sunday,23 Mar 2025 17:00,"2,320",0,"2,320"
Sunday,23 Mar 2025 18:00,"2,455",0,"2,455"
Sunday,23 Mar 2025 19:00,"2,080",0,"2,080"
Sunday,23 Mar 2025 20:00,"1,986",0,"1,986"
Sunday,23 Mar 2025 21:00,"1,973",0,"1,973"
Sunday,23 Mar 2025 22:00,"1,880",0,"1,880"
Sunday,23 Mar 2025 23:00,"1,962",0,"2,453"
Monday,24 Mar 2025 0:00,"1,798",0,"1,798"
Monday,24 Mar 2025 1:00,"1,894",0,"1,894"
Monday,24 Mar 2025 2:00,"2,035",0,"2,035"
Monday,24 Mar 2025 3:00,"3,997",0,"1,819"
Monday,24 Mar 2025 4:00,"1,689",0,"1,689"
Monday,24 Mar 2025 5:00,"1,979",0,"1,979"
Monday,24 Mar 2025 6:00,"2,216",0,"2,216"
Monday,24 Mar 2025 7:00,"2,212",0,"2,212"
Monday,24 Mar 2025 8:00,"2,537",0,"2,537"
Monday,24 Mar 2025 9:00,"3,265",0,"3,265"
Monday,24 Mar 2025 10:00,"3,277",0,"3,277"
Monday,24 Mar 2025 11:00,"3,075",0,"3,075"
Monday,24 Mar 2025 12:00,"2,865",0,"2,865"
Monday,24 Mar 2025 13:00,"2,630",0,"2,630"
Monday,24 Mar 2025 14:00,"2,628",0,"2,628"
Monday,24 Mar 2025 15:00,"2,829",0,"2,829"
Monday,24 Mar 2025 16:00,"2,914",0,"2,914"
Monday,24 Mar 2025 17:00,"2,806",0,"2,806"
Monday,24 Mar 2025 18:00,"2,457",0,"2,457"
Monday,24 Mar 2025 19:00,"2,344",0,"2,344"
Monday,24 Mar 2025 20:00,"2,080",0,"2,080"
Monday,24 Mar 2025 21:00,"2,078",0,"2,078"
Monday,24 Mar 2025 22:00,"2,108",0,"2,108"
Monday,24 Mar 2025 23:00,"1,580",0,"2,682"
Tuesday,25 Mar 2025 0:00,"2,641",0,"2,090"
Tuesday,25 Mar 2025 1:00,"2,009",0,"2,009"
Tuesday,25 Mar 2025 2:00,"2,154",0,"2,154"
Tuesday,25 Mar 2025 3:00,"4,677",0,"2,023"
Tuesday,25 Mar 2025 4:00,"2,018",0,"2,018"
Tuesday,25 Mar 2025 5:00,"2,112",0,"2,112"
Tuesday,25 Mar 2025 6:00,"2,388",0,"2,388"
Tuesday,25 Mar 2025 7:00,"2,540",0,"2,540"
Tuesday,25 Mar 2025 8:00,"2,693",0,"2,693"
Tuesday,25 Mar 2025 9:00,"2,832",0,"2,832"
Tuesday,25 Mar 2025 10:00,"2,954",0,"2,954"
Tuesday,25 Mar 2025 11:00,"3,008",0,"3,008"
Tuesday,25 Mar 2025 12:00,"3,001",0,"3,001"
Tuesday,25 Mar 2025 13:00,"2,850",0,"2,850"
Tuesday,25 Mar 2025 14:00,"3,089",0,"3,089"
Tuesday,25 Mar 2025 15:00,"2,953",0,"2,953"
Tuesday,25 Mar 2025 16:00,"3,037",0,"3,037"
Tuesday,25 Mar 2025 17:00,"2,983",0,"2,983"
Tuesday,25 Mar 2025 18:00,"2,629",0,"2,629"
Tuesday,25 Mar 2025 19:00,"2,515",0,"2,515"
Tuesday,25 Mar 2025 20:00,"2,356",0,"2,356"
Tuesday,25 Mar 2025 21:00,"2,452",0,"2,452"
Tuesday,25 Mar 2025 22:00,"2,172",0,"2,172"
Tuesday,25 Mar 2025 23:00,"1,561",0,"2,551"
Wednesday,26 Mar 2025 0:00,"2,437",0,"1,942"
Wednesday,26 Mar 2025 1:00,"2,127",0,"2,127"
Wednesday,26 Mar 2025 2:00,"2,102",0,"2,102"
Wednesday,26 Mar 2025 3:00,"3,864",0,"1,944"
Wednesday,26 Mar 2025 4:00,"2,410",0,"1,930"
Wednesday,26 Mar 2025 5:00,"2,041",0,"2,041"
Wednesday,26 Mar 2025 6:00,"2,288",0,"2,288"
Wednesday,26 Mar 2025 7:00,"2,506",0,"2,506"
Wednesday,26 Mar 2025 8:00,"2,676",0,"2,676"
Wednesday,26 Mar 2025 9:00,"2,786",0,"2,786"
Wednesday,26 Mar 2025 10:00,"2,893",0,"2,893"
Wednesday,26 Mar 2025 11:00,"2,766",0,"2,766"
Wednesday,26 Mar 2025 12:00,"2,780",0,"2,780"
Wednesday,26 Mar 2025 13:00,"2,789",0,"2,789"
Wednesday,26 Mar 2025 14:00,"3,310",0,"3,310"
Wednesday,26 Mar 2025 15:00,"2,867",0,"2,867"
Wednesday,26 Mar 2025 16:00,"3,001",0,"3,001"
Wednesday,26 Mar 2025 17:00,"3,150",0,"3,150"
Wednesday,26 Mar 2025 18:00,"2,417",0,"2,417"
Wednesday,26 Mar 2025 19:00,"2,601",0,"2,601"
Wednesday,26 Mar 2025 20:00,"2,138",0,"2,138"
Wednesday,26 Mar 2025 21:00,"2,176",0,"2,176"
Wednesday,26 Mar 2025 22:00,"2,084",0,"2,084"
Wednesday,26 Mar 2025 23:00,"1,562",0,"2,682"
Thursday,27 Mar 2025 0:00,"2,740",0,"2,180"
Thursday,27 Mar 2025 1:00,"2,063",0,"2,063"
Thursday,27 Mar 2025 2:00,"2,072",0,"2,072"
Thursday,27 Mar 2025 3:00,"4,433",0,"1,940"
Thursday,27 Mar 2025 4:00,"1,899",0,"1,899"
Thursday,27 Mar 2025 5:00,"1,950",0,"1,950"
Thursday,27 Mar 2025 6:00,"2,269",0,"2,269"
Thursday,27 Mar 2025 7:00,"2,413",0,"2,413"
Thursday,27 Mar 2025 8:00,"2,720",0,"2,720"
Thursday,27 Mar 2025 9:00,"2,867",0,"2,867"
Thursday,27 Mar 2025 10:00,"2,882",0,"2,882"
Thursday,27 Mar 2025 11:00,"2,743",0,"2,743"
Thursday,27 Mar 2025 12:00,"2,600",0,"2,600"
Thursday,27 Mar 2025 13:00,"2,737",0,"2,737"
Thursday,27 Mar 2025 14:00,"3,136",0,"3,136"
Thursday,27 Mar 2025 15:00,"3,200",0,"3,200"
Thursday,27 Mar 2025 16:00,"3,114",0,"3,114"
Thursday,27 Mar 2025 17:00,"2,817",0,"2,817"
Thursday,27 Mar 2025 18:00,"2,607",0,"2,607"
Thursday,27 Mar 2025 19:00,"2,499",0,"2,499"
Thursday,27 Mar 2025 20:00,"2,284",0,"2,284"
Thursday,27 Mar 2025 21:00,"2,040",0,"2,040"
Thursday,27 Mar 2025 22:00,"2,005",0,"2,005"
Thursday,27 Mar 2025 23:00,"1,563",0,"2,760"
Friday,28 Mar 2025 0:00,"2,864",0,"2,265"
Friday,28 Mar 2025 1:00,"2,104",0,"2,104"
Friday,28 Mar 2025 2:00,"1,479",0,"2,034"
Friday,28 Mar 2025 3:00,"4,758",0,"1,900"
Friday,28 Mar 2025 4:00,"1,973",0,"1,973"
Friday,28 Mar 2025 5:00,"1,930",0,"1,930"
Friday,28 Mar 2025 6:00,"2,243",0,"2,243"
Friday,28 Mar 2025 7:00,"2,405",0,"2,405"
Friday,28 Mar 2025 8:00,"2,112",0,"2,112"
Friday,28 Mar 2025 9:00,"2,662",0,"2,662"
Friday,28 Mar 2025 10:00,"2,961",0,"2,961"
Friday,28 Mar 2025 11:00,"2,919",0,"2,919"
Friday,28 Mar 2025 12:00,"2,718",0,"2,718"
Friday,28 Mar 2025 13:00,330.9,0,330.9
Friday,28 Mar 2025 14:00,323.6,0,323.6
Friday,28 Mar 2025 15:00,"2,976",0,"2,976"
Friday,28 Mar 2025 16:00,"3,052",0,"3,052"
Friday,28 Mar 2025 17:00,"2,683",0,"2,683"
Friday,28 Mar 2025 18:00,"2,248",0,"2,248"
Friday,28 Mar 2025 19:00,"2,148",0,"2,148"
Friday,28 Mar 2025 20:00,"2,158",0,"2,158"
Friday,28 Mar 2025 21:00,"2,066",0,"2,066"
Friday,28 Mar 2025 22:00,"1,994",0,"1,994"
Friday,28 Mar 2025 23:00,"1,510",0,"2,495"
Saturday,29 Mar 2025 0:00,"2,324",0,"1,831"
Saturday,29 Mar 2025 1:00,"1,878",0,"1,878"
Saturday,29 Mar 2025 2:00,"1,911",0,"1,911"
Saturday,29 Mar 2025 3:00,"3,660",0,"1,893"
Saturday,29 Mar 2025 4:00,"2,241",0,"1,800"
Saturday,29 Mar 2025 5:00,"1,922",0,"1,922"
Saturday,29 Mar 2025 6:00,"2,079",0,"2,079"
Saturday,29 Mar 2025 7:00,"2,100",0,"2,100"
Saturday,29 Mar 2025 8:00,"2,295",0,"2,295"
Saturday,29 Mar 2025 9:00,"2,207",0,"2,207"
Saturday,29 Mar 2025 10:00,"2,343",0,"2,343"
Saturday,29 Mar 2025 11:00,"2,428",0,"2,428"
Saturday,29 Mar 2025 12:00,"2,311",0,"2,311"
Saturday,29 Mar 2025 13:00,"2,081",0,"2,081"
Saturday,29 Mar 2025 14:00,"2,158",0,"2,158"
Saturday,29 Mar 2025 15:00,"2,239",0,"2,239"
Saturday,29 Mar 2025 16:00,"2,295",0,"2,295"
Saturday,29 Mar 2025 17:00,"2,212",0,"2,212"
Saturday,29 Mar 2025 18:00,"2,174",0,"2,174"
Saturday,29 Mar 2025 19:00,"2,268",0,"2,268"
Saturday,29 Mar 2025 20:00,"2,151",0,"2,151"
Saturday,29 Mar 2025 21:00,"2,175",0,"2,175"
Saturday,29 Mar 2025 22:00,"2,102",0,"2,102"
Saturday,29 Mar 2025 23:00,"1,589",0,"2,623"
Sunday,30 Mar 2025 0:00,"2,536",0,"2,019"
Sunday,30 Mar 2025 1:00,"2,071",0,"2,071"
Sunday,30 Mar 2025 2:00,"2,615",0,"2,615"
Sunday,30 Mar 2025 3:00,"5,165",0,"2,297"
Sunday,30 Mar 2025 4:00,"2,175",0,"2,175"
Sunday,30 Mar 2025 5:00,"2,198",0,"2,198"
Sunday,30 Mar 2025 6:00,"2,210",0,"2,210"
Sunday,30 Mar 2025 7:00,"2,217",0,"2,217"
Sunday,30 Mar 2025 8:00,"1,825",0,"1,825"
Sunday,30 Mar 2025 9:00,"1,296",0,"1,752"
Sunday,30 Mar 2025 10:00,"3,704",0,"3,248"
Sunday,30 Mar 2025 11:00,"2,630",0,"2,630"
Sunday,30 Mar 2025 12:00,"2,416",0,"2,416"
Sunday,30 Mar 2025 13:00,"2,111",0,"2,111"
Sunday,30 Mar 2025 14:00,"1,933",0,"1,933"
Sunday,30 Mar 2025 15:00,"2,000",0,"2,000"
Sunday,30 Mar 2025 16:00,"2,049",0,"2,049"
Sunday,30 Mar 2025 17:00,"2,036",0,"2,036"
Sunday,30 Mar 2025 18:00,"1,947",0,"1,947"
Sunday,30 Mar 2025 19:00,"2,018",0,"2,018"
Sunday,30 Mar 2025 20:00,"1,962",0,"1,962"
Sunday,30 Mar 2025 21:00,"2,017",0,"2,017"
Sunday,30 Mar 2025 22:00,"1,980",0,"1,980"
Sunday,30 Mar 2025 23:00,"1,416",0,"2,371"
Monday,31 Mar 2025 0:00,"2,468",0,"1,991"
Monday,31 Mar 2025 1:00,"2,251",0,"2,251"
Monday,31 Mar 2025 2:00,"2,264",0,"2,264"
Monday,31 Mar 2025 3:00,"3,749",0,"1,902"
Monday,31 Mar 2025 4:00,"2,288",0,"1,826"
Monday,31 Mar 2025 5:00,"2,021",0,"2,021"
Monday,31 Mar 2025 6:00,"2,172",0,"2,172"
Monday,31 Mar 2025 7:00,"2,238",0,"2,238"
Monday,31 Mar 2025 8:00,"2,415",0,"2,415"
Monday,31 Mar 2025 9:00,"2,539",0,"2,539"
Monday,31 Mar 2025 10:00,"2,587",0,"2,587"
Monday,31 Mar 2025 11:00,"2,094",0,"2,094"
Monday,31 Mar 2025 12:00,"2,680",0,"2,680"
Monday,31 Mar 2025 13:00,"3,196",0,"3,196"
Monday,31 Mar 2025 14:00,"3,198",0,"3,198"
Monday,31 Mar 2025 15:00,"3,313",0,"3,313"
Monday,31 Mar 2025 16:00,"3,207",0,"3,207"
Monday,31 Mar 2025 17:00,"3,417",0,"3,417"
Monday,31 Mar 2025 18:00,"3,058",0,"3,058"
Monday,31 Mar 2025 19:00,"2,805",0,"2,805"
Monday,31 Mar 2025 20:00,"2,669",0,"2,669"
Monday,31 Mar 2025 21:00,"1,169",0,"1,169"
Monday,31 Mar 2025 22:00,"2,185",0,"2,185"
Monday,31 Mar 2025 23:00,"1,727",0,"2,893"
Tuesday,01 Apr 2025 0:00,"3,044",0,"2,461"
Tuesday,01 Apr 2025 1:00,"2,348",0,"2,348"
Tuesday,01 Apr 2025 2:00,"2,427",0,"2,427"
Tuesday,01 Apr 2025 3:00,"4,612",0,"2,355"
Tuesday,01 Apr 2025 4:00,"2,601",0,"2,037"
Tuesday,01 Apr 2025 5:00,"1,812",0,"1,812"
Tuesday,01 Apr 2025 6:00,"2,076",0,"2,076"
Tuesday,01 Apr 2025 7:00,"2,225",0,"2,225"
Tuesday,01 Apr 2025 8:00,"2,515",0,"2,515"
Tuesday,01 Apr 2025 9:00,"2,626",0,"2,626"
Tuesday,01 Apr 2025 10:00,"2,741",0,"2,741"
Tuesday,01 Apr 2025 11:00,"2,832",0,"2,832"
Tuesday,01 Apr 2025 12:00,"2,848",0,"2,848"
Tuesday,01 Apr 2025 13:00,"2,748",0,"2,748"
Tuesday,01 Apr 2025 14:00,"2,687",0,"2,687"
Tuesday,01 Apr 2025 15:00,"2,657",0,"2,657"
Tuesday,01 Apr 2025 16:00,"2,761",0,"2,761"
Tuesday,01 Apr 2025 17:00,"2,655",0,"2,655"
Tuesday,01 Apr 2025 18:00,"2,288",0,"2,288"
Tuesday,01 Apr 2025 19:00,"2,266",0,"2,266"
Tuesday,01 Apr 2025 20:00,"2,009",0,"2,009"
Tuesday,01 Apr 2025 21:00,"1,929",0,"1,929"
Tuesday,01 Apr 2025 22:00,"2,046",0,"2,046"
Tuesday,01 Apr 2025 23:00,"1,486",0,"2,490"
Wednesday,02 Apr 2025 0:00,"2,658",0,"2,156"
Wednesday,02 Apr 2025 1:00,"2,152",0,"2,152"
Wednesday,02 Apr 2025 2:00,"2,079",0,"2,079"
Wednesday,02 Apr 2025 3:00,"4,929",0,"2,206"
Wednesday,02 Apr 2025 4:00,"2,054",0,"2,054"
Wednesday,02 Apr 2025 5:00,"2,031",0,"2,031"
Wednesday,02 Apr 2025 6:00,"2,351",0,"2,351"
Wednesday,02 Apr 2025 7:00,"2,408",0,"2,408"
Wednesday,02 Apr 2025 8:00,"2,590",0,"2,590"
Wednesday,02 Apr 2025 9:00,"2,866",0,"2,866"
Wednesday,02 Apr 2025 10:00,"2,776",0,"2,776"
Wednesday,02 Apr 2025 11:00,"2,740",0,"2,740"
Wednesday,02 Apr 2025 12:00,"2,705",0,"2,705"
Wednesday,02 Apr 2025 13:00,"2,727",0,"2,727"
Wednesday,02 Apr 2025 14:00,"2,773",0,"2,773"
Wednesday,02 Apr 2025 15:00,"2,888",0,"2,888"
Wednesday,02 Apr 2025 16:00,"2,737",0,"2,737"
Wednesday,02 Apr 2025 17:00,"2,618",0,"2,618"
Wednesday,02 Apr 2025 18:00,"2,481",0,"2,481"
Wednesday,02 Apr 2025 19:00,"2,488",0,"2,488"
Wednesday,02 Apr 2025 20:00,"2,317",0,"2,317"
Wednesday,02 Apr 2025 21:00,"2,247",0,"2,247"
Wednesday,02 Apr 2025 22:00,"2,202",0,"2,202"
Wednesday,02 Apr 2025 23:00,"1,509",0,"2,541"
Thursday,03 Apr 2025 0:00,"2,726",0,"2,211"
Thursday,03 Apr 2025 1:00,"2,108",0,"2,108"
Thursday,03 Apr 2025 2:00,"2,224",0,"2,224"
Thursday,03 Apr 2025 3:00,"5,274",0,"2,305"
Thursday,03 Apr 2025 4:00,"2,237",0,"2,237"
Thursday,03 Apr 2025 5:00,"2,093",0,"2,093"
Thursday,03 Apr 2025 6:00,"2,369",0,"2,369"
Thursday,03 Apr 2025 7:00,"2,539",0,"2,539"
Thursday,03 Apr 2025 8:00,"2,588",0,"2,588"
Thursday,03 Apr 2025 9:00,"2,776",0,"2,776"
Thursday,03 Apr 2025 10:00,"2,851",0,"2,851"
Thursday,03 Apr 2025 11:00,"2,874",0,"2,874"
Thursday,03 Apr 2025 12:00,"2,707",0,"2,707"
Thursday,03 Apr 2025 13:00,"3,077",0,"3,077"
Thursday,03 Apr 2025 14:00,"3,033",0,"3,033"
Thursday,03 Apr 2025 15:00,"3,405",0,"3,405"
Thursday,03 Apr 2025 16:00,"3,298",0,"3,298"
Thursday,03 Apr 2025 17:00,"3,344",0,"3,344"
Thursday,03 Apr 2025 18:00,"2,965",0,"2,965"
Thursday,03 Apr 2025 19:00,"3,009",0,"3,009"
Thursday,03 Apr 2025 20:00,"3,040",0,"3,040"
Thursday,03 Apr 2025 21:00,"2,825",0,"2,825"
Thursday,03 Apr 2025 22:00,"2,760",0,"2,760"
Thursday,03 Apr 2025 23:00,"2,079",0,"3,484"
Friday,04 Apr 2025 0:00,"3,739",0,"3,036"
Friday,04 Apr 2025 1:00,"2,939",0,"2,939"
Friday,04 Apr 2025 2:00,"2,404",0,"2,404"
Friday,04 Apr 2025 3:00,"5,241",0,"2,312"
Friday,04 Apr 2025 4:00,"2,358",0,"2,358"
Friday,04 Apr 2025 5:00,"2,330",0,"2,330"
Friday,04 Apr 2025 6:00,"2,611",0,"2,611"
Friday,04 Apr 2025 7:00,"2,802",0,"2,802"
Friday,04 Apr 2025 8:00,"2,919",0,"2,919"
Friday,04 Apr 2025 9:00,"3,057",0,"3,057"
Friday,04 Apr 2025 10:00,"3,069",0,"3,069"
Friday,04 Apr 2025 11:00,"3,045",0,"3,045"
Friday,04 Apr 2025 12:00,"3,136",0,"3,136"
Friday,04 Apr 2025 13:00,"3,132",0,"3,132"
Friday,04 Apr 2025 14:00,"3,292",0,"3,292"
Friday,04 Apr 2025 15:00,"3,123",0,"3,123"
Friday,04 Apr 2025 16:00,"2,960",0,"2,960"
Friday,04 Apr 2025 17:00,"3,051",0,"3,051"
Friday,04 Apr 2025 18:00,"2,828",0,"2,828"
Friday,04 Apr 2025 19:00,"1,735",0,"1,735"
Friday,04 Apr 2025 20:00,"1,919",0,"1,919"
Friday,04 Apr 2025 21:00,"2,043",0,"2,043"
Friday,04 Apr 2025 22:00,"1,840",0,"1,840"
Friday,04 Apr 2025 23:00,"1,277",0,"2,258"
Saturday,05 Apr 2025 0:00,"2,384",0,"1,893"
Saturday,05 Apr 2025 1:00,"1,878",0,"1,878"
Saturday,05 Apr 2025 2:00,"1,868",0,"1,868"
Saturday,05 Apr 2025 3:00,"3,879",0,"1,742"
Saturday,05 Apr 2025 4:00,"1,812",0,"1,812"
Saturday,05 Apr 2025 5:00,"1,858",0,"1,858"
Saturday,05 Apr 2025 6:00,"1,816",0,"1,816"
Saturday,05 Apr 2025 7:00,"1,878",0,"1,878"
Saturday,05 Apr 2025 8:00,"1,983",0,"1,983"
Saturday,05 Apr 2025 9:00,"2,021",0,"2,021"
Saturday,05 Apr 2025 10:00,"2,112",0,"2,112"
Saturday,05 Apr 2025 11:00,"1,938",0,"1,938"
Saturday,05 Apr 2025 12:00,"2,083",0,"2,083"
Saturday,05 Apr 2025 13:00,"1,918",0,"1,918"
Saturday,05 Apr 2025 14:00,"1,973",0,"1,973"
Saturday,05 Apr 2025 15:00,"2,119",0,"2,119"
Saturday,05 Apr 2025 16:00,"2,251",0,"2,251"
Saturday,05 Apr 2025 17:00,"1,988",0,"1,988"
Saturday,05 Apr 2025 18:00,"2,006",0,"2,006"
Saturday,05 Apr 2025 19:00,"1,991",0,"1,991"
Saturday,05 Apr 2025 20:00,"1,850",0,"1,850"
Saturday,05 Apr 2025 21:00,"1,917",0,"1,917"
Saturday,05 Apr 2025 22:00,"1,776",0,"1,776"
Saturday,05 Apr 2025 23:00,"1,433",0,"2,428"
Sunday,06 Apr 2025 0:00,"2,392",0,"1,895"
Sunday,06 Apr 2025 1:00,"1,890",0,"1,890"
Sunday,06 Apr 2025 2:00,"1,822",0,"1,822"
Sunday,06 Apr 2025 3:00,"3,462",0,"1,745"
Sunday,06 Apr 2025 4:00,"2,130",0,"1,701"
Sunday,06 Apr 2025 5:00,"1,753",0,"1,753"
Sunday,06 Apr 2025 6:00,"1,908",0,"1,908"
Sunday,06 Apr 2025 7:00,"1,832",0,"1,832"
Sunday,06 Apr 2025 8:00,"1,979",0,"1,979"
Sunday,06 Apr 2025 9:00,"1,990",0,"1,990"
Sunday,06 Apr 2025 10:00,"1,918",0,"1,918"
Sunday,06 Apr 2025 11:00,"1,892",0,"1,892"
Sunday,06 Apr 2025 12:00,"1,946",0,"1,946"
Sunday,06 Apr 2025 13:00,"1,770",0,"1,770"
Sunday,06 Apr 2025 14:00,"1,746",0,"1,746"
Sunday,06 Apr 2025 15:00,"1,847",0,"1,847"
Sunday,06 Apr 2025 16:00,"2,003",0,"2,003"
Sunday,06 Apr 2025 17:00,"2,033",0,"2,033"
Sunday,06 Apr 2025 18:00,"1,436",0,"1,436"
Sunday,06 Apr 2025 19:00,"1,944",0,"1,944"
Sunday,06 Apr 2025 20:00,"1,793",0,"1,793"
Sunday,06 Apr 2025 21:00,"1,878",0,"1,878"
Sunday,06 Apr 2025 22:00,"1,693",0,"1,693"
Sunday,06 Apr 2025 23:00,"1,685",0,"2,111"
Monday,07 Apr 2025 0:00,"1,730",0,"1,730"
Monday,07 Apr 2025 1:00,"1,731",0,"1,731"
Monday,07 Apr 2025 2:00,"1,760",0,"1,760"
Monday,07 Apr 2025 3:00,"4,092",0,"1,715"
Monday,07 Apr 2025 4:00,"2,200",0,"2,200"
Monday,07 Apr 2025 5:00,"1,992",0,"1,992"
Monday,07 Apr 2025 6:00,"2,016",0,"2,016"
Monday,07 Apr 2025 7:00,"2,087",0,"2,087"
Monday,07 Apr 2025 8:00,"2,114",0,"2,114"
Monday,07 Apr 2025 9:00,"2,099",0,"2,099"
Monday,07 Apr 2025 10:00,"2,540",0,"2,540"
Monday,07 Apr 2025 11:00,"2,373",0,"2,373"
Monday,07 Apr 2025 12:00,"2,310",0,"2,310"
Monday,07 Apr 2025 13:00,"2,584",0,"2,584"
Monday,07 Apr 2025 14:00,"2,581",0,"2,581"
Monday,07 Apr 2025 15:00,"2,616",0,"2,616"
Monday,07 Apr 2025 16:00,"2,634",0,"2,634"
Monday,07 Apr 2025 17:00,"2,515",0,"2,515"
Monday,07 Apr 2025 18:00,"2,209",0,"2,209"
Monday,07 Apr 2025 19:00,"2,084",0,"2,084"
Monday,07 Apr 2025 20:00,"2,051",0,"2,051"
Monday,07 Apr 2025 21:00,"2,057",0,"2,057"
Monday,07 Apr 2025 22:00,"1,869",0,"1,869"
Monday,07 Apr 2025 23:00,"1,372",0,"2,312"
Tuesday,08 Apr 2025 0:00,"2,692",0,"2,222"
Tuesday,08 Apr 2025 1:00,"2,053",0,"2,053"
Tuesday,08 Apr 2025 2:00,"2,062",0,"2,062"
Tuesday,08 Apr 2025 3:00,"3,861",0,"1,951"
Tuesday,08 Apr 2025 4:00,"2,453",0,"1,975"
Tuesday,08 Apr 2025 5:00,"1,918",0,"1,918"
Tuesday,08 Apr 2025 6:00,"2,201",0,"2,201"
Tuesday,08 Apr 2025 7:00,"2,224",0,"2,224"
Tuesday,08 Apr 2025 8:00,"2,432",0,"2,432"
Tuesday,08 Apr 2025 9:00,"3,119",0,"3,119"
Tuesday,08 Apr 2025 10:00,"2,900",0,"2,900"
Tuesday,08 Apr 2025 11:00,"2,592",0,"2,592"
Tuesday,08 Apr 2025 12:00,"2,636",0,"2,636"
Tuesday,08 Apr 2025 13:00,"2,655",0,"2,655"
Tuesday,08 Apr 2025 14:00,"2,620",0,"2,620"
Tuesday,08 Apr 2025 15:00,"1,869",0,"2,509"
Tuesday,08 Apr 2025 16:00,"3,287",0,"2,647"
Tuesday,08 Apr 2025 17:00,"2,017",0,"2,640"
Tuesday,08 Apr 2025 18:00,"3,151",0,"2,528"
Tuesday,08 Apr 2025 19:00,"1,918",0,"2,477"
Tuesday,08 Apr 2025 20:00,"2,212",0,"2,226"
Tuesday,08 Apr 2025 21:00,"2,110",0,"2,029"
Tuesday,08 Apr 2025 22:00,"1,902",0,"1,874"
Tuesday,08 Apr 2025 23:00,"1,919",0,"2,483"
Wednesday,09 Apr 2025 0:00,"2,082",0,"2,114"
Wednesday,09 Apr 2025 1:00,"2,320",0,"2,309"
Wednesday,09 Apr 2025 2:00,"2,170",0,"2,199"
Wednesday,09 Apr 2025 3:00,"3,488",0,"1,957"
Wednesday,09 Apr 2025 4:00,"3,000",0,"2,022"
Wednesday,09 Apr 2025 5:00,"2,098",0,"2,138"
Wednesday,09 Apr 2025 6:00,"2,245",0,"2,203"
Wednesday,09 Apr 2025 7:00,"2,034",0,"2,073"
Wednesday,09 Apr 2025 8:00,"2,230",0,"2,262"
Wednesday,09 Apr 2025 9:00,"2,280",0,"1,709"
Wednesday,09 Apr 2025 10:00,"2,472",0,"2,472"
Wednesday,09 Apr 2025 11:00,"2,415",0,"2,415"
Wednesday,09 Apr 2025 12:00,"2,450",0,"2,450"
Wednesday,09 Apr 2025 13:00,"2,441",0,"2,441"
Wednesday,09 Apr 2025 14:00,"2,367",0,"2,367"
Wednesday,09 Apr 2025 15:00,"2,329",0,"2,329"
Wednesday,09 Apr 2025 16:00,"2,635",0,"2,635"
Wednesday,09 Apr 2025 17:00,"2,840",0,"2,840"
Wednesday,09 Apr 2025 18:00,"2,228",0,"2,228"
Wednesday,09 Apr 2025 19:00,"2,000",0,"2,000"
Wednesday,09 Apr 2025 20:00,"2,037",0,"2,037"
Wednesday,09 Apr 2025 21:00,"1,967",0,"1,967"
Wednesday,09 Apr 2025 22:00,"1,818",0,"1,818"
Wednesday,09 Apr 2025 23:00,"1,527",0,"2,527"
Thursday,10 Apr 2025 0:00,"2,397",0,"1,897"
Thursday,10 Apr 2025 1:00,"1,801",0,"1,801"
Thursday,10 Apr 2025 2:00,"1,963",0,"1,963"
Thursday,10 Apr 2025 3:00,"3,948",0,"1,955"
Thursday,10 Apr 2025 4:00,"2,417",0,"1,918"
Thursday,10 Apr 2025 5:00,"2,029",0,"2,029"
Thursday,10 Apr 2025 6:00,"2,362",0,"2,362"
Thursday,10 Apr 2025 7:00,"2,499",0,"2,499"
Thursday,10 Apr 2025 8:00,"2,699",0,"2,699"
Thursday,10 Apr 2025 9:00,"2,882",0,"2,882"
Thursday,10 Apr 2025 10:00,"3,048",0,"3,048"
Thursday,10 Apr 2025 11:00,"2,897",0,"2,897"
Thursday,10 Apr 2025 12:00,"3,130",0,"3,130"
Thursday,10 Apr 2025 13:00,"2,695",0,"2,695"
Thursday,10 Apr 2025 14:00,"2,596",0,"2,596"
Thursday,10 Apr 2025 15:00,"2,645",0,"2,645"
Thursday,10 Apr 2025 16:00,"2,394",0,"2,394"
Thursday,10 Apr 2025 17:00,"2,550",0,"2,550"
Thursday,10 Apr 2025 18:00,"2,317",0,"2,317"
Thursday,10 Apr 2025 19:00,"2,239",0,"2,239"
Thursday,10 Apr 2025 20:00,"2,101",0,"2,101"
Thursday,10 Apr 2025 21:00,"2,145",0,"2,145"
Thursday,10 Apr 2025 22:00,"1,602",0,"2,069"
Thursday,10 Apr 2025 23:00,"1,969",0,"2,501"
Friday,11 Apr 2025 0:00,"2,545",0,"2,046"
Friday,11 Apr 2025 1:00,"1,535",0,"2,047"
Friday,11 Apr 2025 2:00,"2,449",0,"1,937"
Friday,11 Apr 2025 3:00,"3,135",0,"2,114"
Friday,11 Apr 2025 4:00,"3,619",0,"2,087"
Friday,11 Apr 2025 5:00,"2,068",0,"2,068"
Friday,11 Apr 2025 6:00,"2,202",0,"2,202"
Friday,11 Apr 2025 7:00,"2,512",0,"2,512"
Friday,11 Apr 2025 8:00,"2,978",0,"2,978"
Friday,11 Apr 2025 9:00,"3,050",0,"3,050"
Friday,11 Apr 2025 10:00,"2,731",0,"2,731"
Friday,11 Apr 2025 11:00,"2,054",0,"2,715"
Friday,11 Apr 2025 12:00,"2,488",0,"2,454"
Friday,11 Apr 2025 13:00,"2,572",0,"2,613"
Friday,11 Apr 2025 14:00,"2,623",0,"2,669"
Friday,11 Apr 2025 15:00,"2,789",0,"2,779"
Friday,11 Apr 2025 16:00,"2,718",0,"2,642"
Friday,11 Apr 2025 17:00,"2,637",0,"2,648"
Friday,11 Apr 2025 18:00,"2,365",0,"2,321"
Friday,11 Apr 2025 19:00,"2,259",0,"2,177"
Friday,11 Apr 2025 20:00,"2,274",0,"2,261"
Friday,11 Apr 2025 21:00,"1,995",0,"1,983"
Friday,11 Apr 2025 22:00,"1,947",0,"1,953"
Friday,11 Apr 2025 23:00,"1,959",0,"2,621"
Saturday,12 Apr 2025 0:00,"2,164",0,"2,095"
Saturday,12 Apr 2025 1:00,"2,312",0,"1,803"
Saturday,12 Apr 2025 2:00,"1,922",0,"1,922"
Saturday,12 Apr 2025 3:00,"4,131",0,"2,000"
Saturday,12 Apr 2025 4:00,"2,589",0,"2,056"
Saturday,12 Apr 2025 5:00,"2,136",0,"2,136"
Saturday,12 Apr 2025 6:00,"1,985",0,"1,985"
Saturday,12 Apr 2025 7:00,"1,948",0,"1,948"
Saturday,12 Apr 2025 8:00,"2,238",0,"2,238"
Saturday,12 Apr 2025 9:00,"2,091",0,"2,091"
Saturday,12 Apr 2025 10:00,"2,416",0,"2,416"
Saturday,12 Apr 2025 11:00,"2,325",0,"2,325"
Saturday,12 Apr 2025 12:00,"2,131",0,"2,131"
Saturday,12 Apr 2025 13:00,"2,339",0,"2,339"
Saturday,12 Apr 2025 14:00,"2,337",0,"2,337"
Saturday,12 Apr 2025 15:00,"2,121",0,"2,121"
Saturday,12 Apr 2025 16:00,"2,135",0,"2,135"
Saturday,12 Apr 2025 17:00,"2,428",0,"2,428"
Saturday,12 Apr 2025 18:00,"2,392",0,"2,392"
Saturday,12 Apr 2025 19:00,"2,138",0,"2,138"
Saturday,12 Apr 2025 20:00,"2,220",0,"2,220"
Saturday,12 Apr 2025 21:00,"2,379",0,"2,379"
Saturday,12 Apr 2025 22:00,"2,077",0,"2,077"
Saturday,12 Apr 2025 23:00,"1,522",0,"2,534"
Sunday,13 Apr 2025 0:00,"2,594",0,"2,088"
Sunday,13 Apr 2025 1:00,"1,688",0,"2,211"
Sunday,13 Apr 2025 2:00,"2,060",0,"2,084"
Sunday,13 Apr 2025 3:00,"4,909",0,"2,203"
Sunday,13 Apr 2025 4:00,"2,949",0,"2,410"
Sunday,13 Apr 2025 5:00,"2,095",0,"2,095"
Sunday,13 Apr 2025 6:00,"2,195",0,"2,195"
Sunday,13 Apr 2025 7:00,"2,256",0,"2,256"
Sunday,13 Apr 2025 8:00,"2,323",0,"2,323"
Sunday,13 Apr 2025 9:00,"2,371",0,"2,371"
Sunday,13 Apr 2025 10:00,"2,404",0,"2,404"
Sunday,13 Apr 2025 11:00,"2,060",0,"2,060"
Sunday,13 Apr 2025 12:00,"1,920",0,"1,920"
Sunday,13 Apr 2025 13:00,"1,947",0,"1,947"
Sunday,13 Apr 2025 14:00,"1,807",0,"1,807"
Sunday,13 Apr 2025 15:00,"1,907",0,"1,907"
Sunday,13 Apr 2025 16:00,"2,209",0,"2,209"
Sunday,13 Apr 2025 17:00,"2,302",0,"2,302"
Sunday,13 Apr 2025 18:00,"2,338",0,"2,338"
Sunday,13 Apr 2025 19:00,"2,077",0,"2,077"
Sunday,13 Apr 2025 20:00,"2,127",0,"2,127"
Sunday,13 Apr 2025 21:00,"2,212",0,"2,212"
Sunday,13 Apr 2025 22:00,"2,024",0,"2,024"
Sunday,13 Apr 2025 23:00,"1,372",0,"2,254"
Monday,14 Apr 2025 0:00,"2,310",0,"1,869"
Monday,14 Apr 2025 1:00,"1,569",0,"2,080"
Monday,14 Apr 2025 2:00,"2,727",0,"2,215"
Monday,14 Apr 2025 3:00,"3,440",0,"2,254"
Monday,14 Apr 2025 4:00,"3,379",0,"2,149"
Monday,14 Apr 2025 5:00,"2,178",0,"2,256"
Monday,14 Apr 2025 6:00,"2,338",0,"2,324"
Monday,14 Apr 2025 7:00,"2,305",0,"2,310"
Monday,14 Apr 2025 8:00,"2,681",0,"2,780"
Monday,14 Apr 2025 9:00,"2,838",0,"2,889"
Monday,14 Apr 2025 10:00,"2,941",0,"2,896"
Monday,14 Apr 2025 11:00,"2,874",0,"2,898"
Monday,14 Apr 2025 12:00,"2,872",0,"2,883"
Monday,14 Apr 2025 13:00,"4,312",0,"5,364"
Monday,14 Apr 2025 14:00,"7,606",0,"7,782"
Monday,14 Apr 2025 15:00,"7,816",0,"7,859"
Monday,14 Apr 2025 16:00,"7,913",0,"5,918"
Monday,14 Apr 2025 17:00,"7,778",0,"7,778"
Monday,14 Apr 2025 18:00,"7,474",0,"7,474"
Monday,14 Apr 2025 19:00,"7,273",0,"7,273"
Monday,14 Apr 2025 20:00,"6,998",0,"6,998"
Monday,14 Apr 2025 21:00,"6,953",0,"6,953"
Monday,14 Apr 2025 22:00,"6,844",0,"6,844"
Monday,14 Apr 2025 23:00,"5,124",0,"8,611"
Tuesday,15 Apr 2025 0:00,"8,614",0,"6,870"
Tuesday,15 Apr 2025 1:00,"7,041",0,"7,041"
Tuesday,15 Apr 2025 2:00,"6,816",0,"6,816"
Tuesday,15 Apr 2025 3:00,"13,736",0,"6,850"
Tuesday,15 Apr 2025 4:00,"8,500",0,"6,779"
Tuesday,15 Apr 2025 5:00,"7,392",0,"7,392"
Tuesday,15 Apr 2025 6:00,"7,395",0,"7,395"
Tuesday,15 Apr 2025 7:00,"6,823",0,"6,823"
Tuesday,15 Apr 2025 8:00,"2,852",0,"2,852"
Tuesday,15 Apr 2025 9:00,"3,168",0,"3,168"
Tuesday,15 Apr 2025 10:00,"2,933",0,"2,933"
Tuesday,15 Apr 2025 11:00,"3,118",0,"3,118"
Tuesday,15 Apr 2025 12:00,"3,193",0,"3,193"
Tuesday,15 Apr 2025 13:00,"3,114",0,"3,114"
Tuesday,15 Apr 2025 14:00,"3,205",0,"3,205"
Tuesday,15 Apr 2025 15:00,"3,125",0,"3,125"
Tuesday,15 Apr 2025 16:00,"3,153",0,"3,153"
Tuesday,15 Apr 2025 17:00,"3,166",0,"3,166"
Tuesday,15 Apr 2025 18:00,"2,655",0,"2,655"
Tuesday,15 Apr 2025 19:00,"2,481",0,"2,481"
Tuesday,15 Apr 2025 20:00,"2,458",0,"2,458"
Tuesday,15 Apr 2025 21:00,"2,488",0,"2,488"
Tuesday,15 Apr 2025 22:00,"2,437",0,"2,437"
Tuesday,15 Apr 2025 23:00,"1,761",0,"3,042"
Wednesday,16 Apr 2025 0:00,"2,792",0,"2,152"
Wednesday,16 Apr 2025 1:00,"2,147",0,"2,147"
Wednesday,16 Apr 2025 2:00,"2,354",0,"2,354"
Wednesday,16 Apr 2025 3:00,"4,459",0,"2,223"
Wednesday,16 Apr 2025 4:00,"3,023",0,"2,464"
Wednesday,16 Apr 2025 5:00,"2,136",0,"2,136"
Wednesday,16 Apr 2025 6:00,"2,524",0,"2,524"
Wednesday,16 Apr 2025 7:00,"2,624",0,"2,624"
Wednesday,16 Apr 2025 8:00,"2,755",0,"2,755"
Wednesday,16 Apr 2025 9:00,"3,029",0,"3,029"
Wednesday,16 Apr 2025 10:00,"2,714",0,"2,714"
Wednesday,16 Apr 2025 11:00,"2,650",0,"2,650"
Wednesday,16 Apr 2025 12:00,"2,794",0,"2,794"
Wednesday,16 Apr 2025 13:00,"1,868",0,"2,480"
Wednesday,16 Apr 2025 14:00,"2,685",0,"2,815"
Wednesday,16 Apr 2025 15:00,"3,379",0,"2,638"
Wednesday,16 Apr 2025 16:00,"2,708",0,"2,708"
Wednesday,16 Apr 2025 17:00,"2,060",0,"2,720"
Wednesday,16 Apr 2025 18:00,"3,014",0,"2,354"
Wednesday,16 Apr 2025 19:00,"1,551",0,"2,057"
Wednesday,16 Apr 2025 20:00,"2,719",0,"2,213"
Wednesday,16 Apr 2025 21:00,"1,530",0,"2,069"
Wednesday,16 Apr 2025 22:00,"2,220",0,"2,185"
Wednesday,16 Apr 2025 23:00,"2,065",0,"2,681"
Thursday,17 Apr 2025 0:00,"2,161",0,"2,150"
Thursday,17 Apr 2025 1:00,"2,264",0,"2,293"
Thursday,17 Apr 2025 2:00,"2,249",0,"2,157"
Thursday,17 Apr 2025 3:00,"3,520",0,"2,062"
Thursday,17 Apr 2025 4:00,"2,916",0,"1,991"
Thursday,17 Apr 2025 5:00,"2,027",0,"2,039"
Thursday,17 Apr 2025 6:00,"2,259",0,"2,287"
Thursday,17 Apr 2025 7:00,"2,298",0,"2,290"
Thursday,17 Apr 2025 8:00,"2,540",0,"1,997"
Thursday,17 Apr 2025 9:00,"2,871",0,"2,871"
Thursday,17 Apr 2025 10:00,"2,878",0,"2,878"
Thursday,17 Apr 2025 11:00,"2,905",0,"2,905"
Thursday,17 Apr 2025 12:00,"2,742",0,"2,742"
Thursday,17 Apr 2025 13:00,"3,075",0,"3,075"
Thursday,17 Apr 2025 14:00,"2,753",0,"2,753"
Thursday,17 Apr 2025 15:00,"2,836",0,"2,836"
Thursday,17 Apr 2025 16:00,"2,850",0,"2,850"
Thursday,17 Apr 2025 17:00,"2,677",0,"2,677"
Thursday,17 Apr 2025 18:00,"2,365",0,"2,365"
Thursday,17 Apr 2025 19:00,"2,027",0,"2,027"
Thursday,17 Apr 2025 20:00,"2,056",0,"2,056"
Thursday,17 Apr 2025 21:00,"2,043",0,"2,043"
Thursday,17 Apr 2025 22:00,"2,022",0,"2,022"
Thursday,17 Apr 2025 23:00,"1,439",0,"2,507"
Friday,18 Apr 2025 0:00,"2,619",0,"2,085"
Friday,18 Apr 2025 1:00,"2,273",0,"2,273"
Friday,18 Apr 2025 2:00,"1,612",0,"2,151"
Friday,18 Apr 2025 3:00,"4,134",0,"1,823"
Friday,18 Apr 2025 4:00,"2,212",0,"1,769"
Friday,18 Apr 2025 5:00,"1,902",0,"1,902"
Friday,18 Apr 2025 6:00,"2,215",0,"2,215"
Friday,18 Apr 2025 7:00,"2,230",0,"2,230"
Friday,18 Apr 2025 8:00,"2,399",0,"2,399"
Friday,18 Apr 2025 9:00,"2,766",0,"2,766"
Friday,18 Apr 2025 10:00,"2,676",0,"2,676"
Friday,18 Apr 2025 11:00,"2,901",0,"2,901"
Friday,18 Apr 2025 12:00,"2,876",0,"2,876"
Friday,18 Apr 2025 13:00,"3,216",0,"3,216"
Friday,18 Apr 2025 14:00,"3,082",0,"3,082"
Friday,18 Apr 2025 15:00,"3,181",0,"3,181"
Friday,18 Apr 2025 16:00,"3,009",0,"3,009"
Friday,18 Apr 2025 17:00,"2,798",0,"2,798"
Friday,18 Apr 2025 18:00,"2,506",0,"2,506"
Friday,18 Apr 2025 19:00,"2,276",0,"2,276"
Friday,18 Apr 2025 20:00,"2,279",0,"2,279"
Friday,18 Apr 2025 21:00,"2,079",0,"2,079"
Friday,18 Apr 2025 22:00,"1,937",0,"1,937"
Friday,18 Apr 2025 23:00,"1,520",0,"2,638"
Saturday,19 Apr 2025 0:00,"2,569",0,"2,010"
Saturday,19 Apr 2025 1:00,"2,065",0,"2,065"
Saturday,19 Apr 2025 2:00,"2,046",0,"2,046"
Saturday,19 Apr 2025 3:00,"3,155",0,"2,193"
Saturday,19 Apr 2025 4:00,"3,412",0,"1,968"
Saturday,19 Apr 2025 5:00,"2,010",0,"2,010"
Saturday,19 Apr 2025 6:00,"2,158",0,"2,158"
Saturday,19 Apr 2025 7:00,"2,218",0,"2,218"
Saturday,19 Apr 2025 8:00,"2,345",0,"2,345"
Saturday,19 Apr 2025 9:00,"2,148",0,"2,888"
Saturday,19 Apr 2025 10:00,"3,092",0,"3,045"
Saturday,19 Apr 2025 11:00,"3,088",0,"3,191"
Saturday,19 Apr 2025 12:00,"3,280",0,"3,367"
Saturday,19 Apr 2025 13:00,"3,520",0,"3,515"
Saturday,19 Apr 2025 14:00,"3,563",0,"3,596"
Saturday,19 Apr 2025 15:00,"3,655",0,"3,630"
Saturday,19 Apr 2025 16:00,"3,681",0,"3,752"
Saturday,19 Apr 2025 17:00,"3,857",0,"3,884"
Saturday,19 Apr 2025 18:00,"3,864",0,"3,812"
Saturday,19 Apr 2025 19:00,"3,597",0,"3,499"
Saturday,19 Apr 2025 20:00,"3,399",0,"3,420"
Saturday,19 Apr 2025 21:00,"3,285",0,"3,266"
Saturday,19 Apr 2025 22:00,"3,278",0,"3,258"
Saturday,19 Apr 2025 23:00,"3,355",0,"4,138"
Sunday,20 Apr 2025 0:00,"3,153",0,"2,354"
Sunday,20 Apr 2025 1:00,"2,812",0,"2,812"
Sunday,20 Apr 2025 2:00,"2,662",0,"2,662"
Sunday,20 Apr 2025 3:00,"4,411",0,"2,241"
Sunday,20 Apr 2025 4:00,"2,611",0,"2,069"
Sunday,20 Apr 2025 5:00,"1,998",0,"1,998"
Sunday,20 Apr 2025 6:00,"2,047",0,"2,047"
Sunday,20 Apr 2025 7:00,"2,002",0,"2,002"
Sunday,20 Apr 2025 8:00,"2,184",0,"2,184"
Sunday,20 Apr 2025 9:00,"2,196",0,"2,196"
Sunday,20 Apr 2025 10:00,"2,221",0,"2,221"
Sunday,20 Apr 2025 11:00,"2,068",0,"2,068"
Sunday,20 Apr 2025 12:00,"1,976",0,"1,976"
Sunday,20 Apr 2025 13:00,"2,097",0,"2,097"
Sunday,20 Apr 2025 14:00,"2,175",0,"2,175"
Sunday,20 Apr 2025 15:00,"2,256",0,"2,256"
Sunday,20 Apr 2025 16:00,"2,346",0,"2,346"
Sunday,20 Apr 2025 17:00,"2,339",0,"2,339"
Sunday,20 Apr 2025 18:00,"2,221",0,"2,221"
Sunday,20 Apr 2025 19:00,"2,034",0,"2,034"
Sunday,20 Apr 2025 20:00,"1,908",0,"1,908"
Sunday,20 Apr 2025 21:00,"1,928",0,"1,928"
Sunday,20 Apr 2025 22:00,"1,877",0,"1,877"
Sunday,20 Apr 2025 23:00,"1,466",0,"2,411"
Monday,21 Apr 2025 0:00,"2,339",0,"1,867"
Monday,21 Apr 2025 1:00,"1,462",0,"1,957"
Monday,21 Apr 2025 2:00,"1,895",0,"1,882"
Monday,21 Apr 2025 3:00,"4,207",0,"1,835"
Monday,21 Apr 2025 4:00,"2,364",0,"1,891"
Monday,21 Apr 2025 5:00,"1,877",0,"1,877"
Monday,21 Apr 2025 6:00,"2,237",0,"2,237"
Monday,21 Apr 2025 7:00,"2,282",0,"2,282"
Monday,21 Apr 2025 8:00,"2,331",0,"2,331"
Monday,21 Apr 2025 9:00,"2,626",0,"2,626"
Monday,21 Apr 2025 10:00,"2,589",0,"2,589"
Monday,21 Apr 2025 11:00,"2,653",0,"2,653"
Monday,21 Apr 2025 12:00,"2,485",0,"2,485"
Monday,21 Apr 2025 13:00,"2,548",0,"2,548"
Monday,21 Apr 2025 14:00,"2,655",0,"2,655"
Monday,21 Apr 2025 15:00,"2,567",0,"2,567"
Monday,21 Apr 2025 16:00,"1,283",0,"1,955"
Monday,21 Apr 2025 17:00,"2,428",0,"2,428"
Monday,21 Apr 2025 18:00,"2,243",0,"2,243"
Monday,21 Apr 2025 19:00,"1,926",0,"1,926"
Monday,21 Apr 2025 20:00,"1,879",0,"1,879"
Monday,21 Apr 2025 21:00,"1,874",0,"1,874"
Monday,21 Apr 2025 22:00,"1,994",0,"1,994"
Monday,21 Apr 2025 23:00,"1,498",0,"2,401"
Tuesday,22 Apr 2025 0:00,"2,369",0,"1,918"
Tuesday,22 Apr 2025 1:00,"1,936",0,"1,936"
Tuesday,22 Apr 2025 2:00,"1,989",0,"1,989"
Tuesday,22 Apr 2025 3:00,"3,914",0,"2,069"
Tuesday,22 Apr 2025 4:00,"2,380",0,"1,919"
Tuesday,22 Apr 2025 5:00,"1,928",0,"1,928"
Tuesday,22 Apr 2025 6:00,"2,176",0,"2,176"
Tuesday,22 Apr 2025 7:00,"2,268",0,"2,268"
Tuesday,22 Apr 2025 8:00,"2,400",0,"2,400"
Tuesday,22 Apr 2025 9:00,"2,547",0,"2,547"
Tuesday,22 Apr 2025 10:00,"2,622",0,"2,622"
Tuesday,22 Apr 2025 11:00,"2,611",0,"2,611"
Tuesday,22 Apr 2025 12:00,"2,986",0,"2,986"
Tuesday,22 Apr 2025 13:00,"3,645",0,"3,645"
Tuesday,22 Apr 2025 14:00,"3,682",0,"3,682"
Tuesday,22 Apr 2025 15:00,"3,723",0,"3,723"
Tuesday,22 Apr 2025 16:00,"2,714",0,"3,606"
Tuesday,22 Apr 2025 17:00,"3,502",0,"3,524"
Tuesday,22 Apr 2025 18:00,"3,419",0,"3,248"
Tuesday,22 Apr 2025 19:00,"2,826",0,"2,754"
Tuesday,22 Apr 2025 20:00,"2,702",0,"2,687"
Tuesday,22 Apr 2025 21:00,"2,527",0,"2,554"
Tuesday,22 Apr 2025 22:00,"2,642",0,"2,611"
Tuesday,22 Apr 2025 23:00,"2,523",0,"3,248"
Wednesday,23 Apr 2025 0:00,"2,494",0,"2,390"
Wednesday,23 Apr 2025 1:00,"2,312",0,"2,338"
Wednesday,23 Apr 2025 2:00,"2,286",0,"2,274"
Wednesday,23 Apr 2025 3:00,"3,927",0,"2,218"
Wednesday,23 Apr 2025 4:00,"3,337",0,"2,225"
Wednesday,23 Apr 2025 5:00,"2,427",0,"2,518"
Wednesday,23 Apr 2025 6:00,"3,258",0,"2,621"
Wednesday,23 Apr 2025 7:00,"2,697",0,"2,697"
Wednesday,23 Apr 2025 8:00,"2,800",0,"2,800"
Wednesday,23 Apr 2025 9:00,"2,843",0,"2,843"
Wednesday,23 Apr 2025 10:00,"3,010",0,"3,010"
Wednesday,23 Apr 2025 11:00,"2,993",0,"2,993"
Wednesday,23 Apr 2025 12:00,"3,139",0,"3,139"
Wednesday,23 Apr 2025 13:00,"3,320",0,"3,320"
Wednesday,23 Apr 2025 14:00,"3,420",0,"3,420"
Wednesday,23 Apr 2025 15:00,"3,432",0,"3,432"
Wednesday,23 Apr 2025 16:00,"3,551",0,"3,551"
Wednesday,23 Apr 2025 17:00,"3,648",0,"3,648"
Wednesday,23 Apr 2025 18:00,"3,347",0,"3,347"
Wednesday,23 Apr 2025 19:00,"2,890",0,"2,890"
Wednesday,23 Apr 2025 20:00,"2,663",0,"2,663"
Wednesday,23 Apr 2025 21:00,"2,289",0,"2,289"
Wednesday,23 Apr 2025 22:00,"2,214",0,"2,214"
Wednesday,23 Apr 2025 23:00,"1,715",0,"2,822"
Thursday,24 Apr 2025 0:00,"2,831",0,"2,277"
Thursday,24 Apr 2025 1:00,"2,292",0,"2,292"
Thursday,24 Apr 2025 2:00,"1,738",0,"2,397"
Thursday,24 Apr 2025 3:00,"5,013",0,"2,257"
Thursday,24 Apr 2025 4:00,"2,601",0,"2,077"
Thursday,24 Apr 2025 5:00,"1,808",0,"1,808"
Thursday,24 Apr 2025 6:00,"2,170",0,"2,170"
Thursday,24 Apr 2025 7:00,"2,412",0,"2,412"
Thursday,24 Apr 2025 8:00,"2,674",0,"2,674"
Thursday,24 Apr 2025 9:00,"2,908",0,"2,908"
Thursday,24 Apr 2025 10:00,"3,079",0,"3,079"
Thursday,24 Apr 2025 11:00,"3,187",0,"3,187"
Thursday,24 Apr 2025 12:00,"3,475",0,"3,475"
Thursday,24 Apr 2025 13:00,"3,331",0,"3,331"
Thursday,24 Apr 2025 14:00,"3,318",0,"3,318"
Thursday,24 Apr 2025 15:00,"3,348",0,"3,348"
Thursday,24 Apr 2025 16:00,"3,579",0,"3,579"
Thursday,24 Apr 2025 17:00,"3,195",0,"3,195"
Thursday,24 Apr 2025 18:00,"2,956",0,"2,956"
Thursday,24 Apr 2025 19:00,"2,505",0,"2,505"
Thursday,24 Apr 2025 20:00,"2,416",0,"2,416"
Thursday,24 Apr 2025 21:00,"2,211",0,"2,211"
Thursday,24 Apr 2025 22:00,"2,213",0,"2,213"
Thursday,24 Apr 2025 23:00,"1,758",0,"3,009"
Friday,25 Apr 2025 0:00,"2,868",0,"2,242"
Friday,25 Apr 2025 1:00,"1,546",0,"2,043"
Friday,25 Apr 2025 2:00,"2,382",0,"1,885"
Friday,25 Apr 2025 3:00,"2,700",0,"1,789"
Friday,25 Apr 2025 4:00,"3,359",0,"1,993"
Friday,25 Apr 2025 5:00,"2,002",0,"2,002"
Friday,25 Apr 2025 6:00,"2,260",0,"2,260"
Friday,25 Apr 2025 7:00,"2,284",0,"2,284"
Friday,25 Apr 2025 8:00,"2,808",0,"2,808"
Friday,25 Apr 2025 9:00,"3,037",0,"3,037"
Friday,25 Apr 2025 10:00,"2,707",0,"3,738"
Friday,25 Apr 2025 11:00,"2,341",0,"1,557"
Friday,25 Apr 2025 12:00,514.89,0,384.3
Friday,25 Apr 2025 13:00,494.82,0,465.41
Friday,25 Apr 2025 14:00,338.5,0,333.47
Friday,25 Apr 2025 15:00,343.73,0,389.37
Friday,25 Apr 2025 16:00,380.99,0,333.63
Friday,25 Apr 2025 17:00,324.85,0,330.82
Friday,25 Apr 2025 18:00,341.83,0,340.31
Friday,25 Apr 2025 19:00,339.69,0,341.42
Friday,25 Apr 2025 20:00,340.63,0,337.31
Friday,25 Apr 2025 21:00,329.83,0,332.53
Friday,25 Apr 2025 22:00,332.74,0,330.79
Friday,25 Apr 2025 23:00,246.6,0,324.92
Saturday,26 Apr 2025 0:00,418.43,0,337.85
Saturday,26 Apr 2025 1:00,335.6,0,335.6
Saturday,26 Apr 2025 2:00,328.92,0,328.92
Saturday,26 Apr 2025 3:00,672.98,0,333.51
Saturday,26 Apr 2025 4:00,416.36,0,331.49
Saturday,26 Apr 2025 5:00,328.53,0,328.53
Saturday,26 Apr 2025 6:00,332.6,0,332.6
Saturday,26 Apr 2025 7:00,332.64,0,332.64
Saturday,26 Apr 2025 8:00,330.59,0,330.59
Saturday,26 Apr 2025 9:00,328.79,0,328.79
Saturday,26 Apr 2025 10:00,326.26,0,326.26
Saturday,26 Apr 2025 11:00,329.36,0,329.36
Saturday,26 Apr 2025 12:00,331.6,0,331.6
Saturday,26 Apr 2025 13:00,334.61,0,334.61
Saturday,26 Apr 2025 14:00,323.97,0,323.97
Saturday,26 Apr 2025 15:00,318.11,0,318.11
Saturday,26 Apr 2025 16:00,325.2,0,325.2
Saturday,26 Apr 2025 17:00,329.47,0,329.47
Saturday,26 Apr 2025 18:00,328.65,0,328.65
Saturday,26 Apr 2025 19:00,335.9,0,335.9
Saturday,26 Apr 2025 20:00,328.52,0,328.52
Saturday,26 Apr 2025 21:00,325.25,0,325.25
Saturday,26 Apr 2025 22:00,245.14,0,327.64
Saturday,26 Apr 2025 23:00,327.93,0,415.12
Sunday,27 Apr 2025 0:00,425.97,0,341.13
Sunday,27 Apr 2025 1:00,342.31,0,342.31
Sunday,27 Apr 2025 2:00,250.13,0,332.92
Sunday,27 Apr 2025 3:00,745.84,0,330.65
Sunday,27 Apr 2025 4:00,420.41,0,337.3
Sunday,27 Apr 2025 5:00,334.18,0,334.18
Sunday,27 Apr 2025 6:00,336.83,0,336.83
Sunday,27 Apr 2025 7:00,338.95,0,338.95
Sunday,27 Apr 2025 8:00,328.31,0,328.31
Sunday,27 Apr 2025 9:00,320.22,0,320.22
Sunday,27 Apr 2025 10:00,322.34,0,322.34
Sunday,27 Apr 2025 11:00,327.7,0,327.7
Sunday,27 Apr 2025 12:00,333.34,0,333.34
Sunday,27 Apr 2025 13:00,329.9,0,329.9
Sunday,27 Apr 2025 14:00,330.34,0,330.34
Sunday,27 Apr 2025 15:00,324.74,0,324.74
Sunday,27 Apr 2025 16:00,324.88,0,324.88
Sunday,27 Apr 2025 17:00,249.51,0,331.7
Sunday,27 Apr 2025 18:00,416.82,0,334.63
Sunday,27 Apr 2025 19:00,334.97,0,334.97
Sunday,27 Apr 2025 20:00,333.65,0,333.65
Sunday,27 Apr 2025 21:00,334.47,0,334.47
Sunday,27 Apr 2025 22:00,246.34,0,328.84
Sunday,27 Apr 2025 23:00,329.19,0,414.86
Monday,28 Apr 2025 0:00,333.77,0,338.17
Monday,28 Apr 2025 1:00,342.45,0,338.46
Monday,28 Apr 2025 2:00,335.03,0,331.65
Monday,28 Apr 2025 3:00,576.8,0,329.62
Monday,28 Apr 2025 4:00,496.5,0,327.87
Monday,28 Apr 2025 5:00,334.3,0,331.95
Monday,28 Apr 2025 6:00,320.65,0,317.87
Monday,28 Apr 2025 7:00,329.47,0,333.13
Monday,28 Apr 2025 8:00,322.25,0,323.1
Monday,28 Apr 2025 9:00,323.63,0,321.34
Monday,28 Apr 2025 10:00,324.46,0,324.28
Monday,28 Apr 2025 11:00,417.61,0,419.52
Monday,28 Apr 2025 12:00,335.42,0,336.72
Monday,28 Apr 2025 13:00,331.55,0,327.72
Monday,28 Apr 2025 14:00,329.72,0,249.65
Monday,28 Apr 2025 15:00,328.74,0,328.74
Monday,28 Apr 2025 16:00,317.86,0,317.86
Monday,28 Apr 2025 17:00,323.33,0,323.33
Monday,28 Apr 2025 18:00,334.01,0,334.01
Monday,28 Apr 2025 19:00,338.16,0,338.16
Monday,28 Apr 2025 20:00,336.56,0,336.56
Monday,28 Apr 2025 21:00,325.55,0,325.55
Monday,28 Apr 2025 22:00,326.67,0,326.67
Monday,28 Apr 2025 23:00,242.41,0,403.72
Tuesday,29 Apr 2025 0:00,417.2,0,336.55
Tuesday,29 Apr 2025 1:00,341.44,0,341.44
Tuesday,29 Apr 2025 2:00,336.5,0,336.5
Tuesday,29 Apr 2025 3:00,664.16,0,331.81
Tuesday,29 Apr 2025 4:00,412.22,0,329.14
Tuesday,29 Apr 2025 5:00,329.03,0,329.03
Tuesday,29 Apr 2025 6:00,325.3,0,325.3
Tuesday,29 Apr 2025 7:00,330.04,0,330.04
Tuesday,29 Apr 2025 8:00,324.01,0,324.01
Tuesday,29 Apr 2025 9:00,330.02,0,330.02
Tuesday,29 Apr 2025 10:00,328.43,0,328.43
Tuesday,29 Apr 2025 11:00,325.47,0,325.47
Tuesday,29 Apr 2025 12:00,328.17,0,328.17
Tuesday,29 Apr 2025 13:00,320.58,0,320.58
Tuesday,29 Apr 2025 14:00,330.34,0,330.34
Tuesday,29 Apr 2025 15:00,383.61,0,383.61
Tuesday,29 Apr 2025 16:00,405.75,0,405.75
Tuesday,29 Apr 2025 17:00,333.63,0,333.63
Tuesday,29 Apr 2025 18:00,334.51,0,334.51
Tuesday,29 Apr 2025 19:00,335.2,0,335.2
Tuesday,29 Apr 2025 20:00,333.1,0,333.1
Tuesday,29 Apr 2025 21:00,337.36,0,337.36
Tuesday,29 Apr 2025 22:00,336.99,0,336.99
Tuesday,29 Apr 2025 23:00,250.28,0,413.56
Wednesday,30 Apr 2025 0:00,416.27,0,334.63
Wednesday,30 Apr 2025 1:00,256.11,0,339.35
Wednesday,30 Apr 2025 2:00,331.68,0,331.75
Wednesday,30 Apr 2025 3:00,737.72,0,324.99
Wednesday,30 Apr 2025 4:00,405.67,0,323.31
Wednesday,30 Apr 2025 5:00,326.64,0,326.64
Wednesday,30 Apr 2025 6:00,328.08,0,328.08
Wednesday,30 Apr 2025 7:00,322.09,0,322.09
Wednesday,30 Apr 2025 8:00,336.61,0,336.61
Wednesday,30 Apr 2025 9:00,345.91,0,345.91
Wednesday,30 Apr 2025 10:00,333.84,0,333.84
Wednesday,30 Apr 2025 11:00,332.16,0,332.16
Wednesday,30 Apr 2025 12:00,331.89,0,331.89
Wednesday,30 Apr 2025 13:00,327.09,0,327.09
Wednesday,30 Apr 2025 14:00,245.75,0,328.28
Wednesday,30 Apr 2025 15:00,418.65,0,336.12
Wednesday,30 Apr 2025 16:00,320.47,0,320.47
Wednesday,30 Apr 2025 17:00,250.64,0,331.66
Wednesday,30 Apr 2025 18:00,337.7,0,339.28
Wednesday,30 Apr 2025 19:00,339.07,0,337.65
Wednesday,30 Apr 2025 20:00,333.55,0,331.38
Wednesday,30 Apr 2025 21:00,326.97,0,330.47
Wednesday,30 Apr 2025 22:00,329.43,0,331.43
Wednesday,30 Apr 2025 23:00,334.66,0,414.82
Thursday,01 May 2025 0:00,335.34,0,336.37
Thursday,01 May 2025 1:00,335.02,0,334.44
Thursday,01 May 2025 2:00,337,0,338.64
Thursday,01 May 2025 3:00,571.91,0,326.27
Thursday,01 May 2025 4:00,488.32,0,326.58
Thursday,01 May 2025 5:00,318.91,0,322.67
Thursday,01 May 2025 6:00,328.72,0,330.45
Thursday,01 May 2025 7:00,330.21,0,246.21
Thursday,01 May 2025 8:00,360.07,0,360.07
Thursday,01 May 2025 9:00,331.11,0,331.11
Thursday,01 May 2025 10:00,326.31,0,326.31
Thursday,01 May 2025 11:00,379.36,0,379.36
Thursday,01 May 2025 12:00,347.43,0,347.43
Thursday,01 May 2025 13:00,332.17,0,332.17
Thursday,01 May 2025 14:00,339.1,0,339.1
Thursday,01 May 2025 15:00,325.55,0,325.55
Thursday,01 May 2025 16:00,329.9,0,329.9
Thursday,01 May 2025 17:00,330.57,0,330.57
Thursday,01 May 2025 18:00,335.88,0,335.88
Thursday,01 May 2025 19:00,341.99,0,341.99
Thursday,01 May 2025 20:00,328.99,0,328.99
Thursday,01 May 2025 21:00,325.72,0,325.72
Thursday,01 May 2025 22:00,329.23,0,329.23
Thursday,01 May 2025 23:00,253.12,0,424.54
Friday,02 May 2025 0:00,419.03,0,333.32
Friday,02 May 2025 1:00,327.92,0,327.92
Friday,02 May 2025 2:00,333.1,0,333.1
Friday,02 May 2025 3:00,676.18,0,334.16
Friday,02 May 2025 4:00,420.66,0,335.16
Friday,02 May 2025 5:00,328.82,0,328.82
Friday,02 May 2025 6:00,338.5,0,338.5
Friday,02 May 2025 7:00,329.84,0,329.84
Friday,02 May 2025 8:00,326.95,0,326.95
Friday,02 May 2025 9:00,324.99,0,324.99
Friday,02 May 2025 10:00,326.6,0,326.6
Friday,02 May 2025 11:00,322.43,0,322.43
Friday,02 May 2025 12:00,338.54,0,338.54
Friday,02 May 2025 13:00,332.18,0,332.18
Friday,02 May 2025 14:00,333.56,0,333.56
Friday,02 May 2025 15:00,365.76,0,365.76
Friday,02 May 2025 16:00,581.84,0,581.84
Friday,02 May 2025 17:00,446.44,0,446.44
Friday,02 May 2025 18:00,334.05,0,334.05
Friday,02 May 2025 19:00,338.01,0,338.01
Friday,02 May 2025 20:00,327.54,0,327.54
Friday,02 May 2025 21:00,332.43,0,332.43
Friday,02 May 2025 22:00,251.05,0,334.32
Friday,02 May 2025 23:00,249.09,0,248.47
Saturday,03 May 2025 4:00,560.92,0,240
Saturday,03 May 2025 5:00,247.33,0,329.35
Saturday,03 May 2025 6:00,414.02,0,332
Saturday,03 May 2025 7:00,330.96,0,330.96
Saturday,03 May 2025 8:00,330.47,0,330.47
Saturday,03 May 2025 9:00,320,0,320
Saturday,03 May 2025 10:00,364.88,0,364.88
Saturday,03 May 2025 11:00,342.63,0,342.63
Saturday,03 May 2025 12:00,410.75,0,410.75
Saturday,03 May 2025 13:00,484.95,0,484.95
Saturday,03 May 2025 14:00,333.23,0,333.23
Saturday,03 May 2025 15:00,321.19,0,321.19
Saturday,03 May 2025 16:00,360.96,0,360.96
Saturday,03 May 2025 17:00,249.05,0,331.23
Saturday,03 May 2025 18:00,416.58,0,334.4
Saturday,03 May 2025 19:00,331.16,0,331.16
Saturday,03 May 2025 20:00,334.57,0,334.57
Saturday,03 May 2025 21:00,323.5,0,323.5
Saturday,03 May 2025 22:00,327.24,0,327.24
Saturday,03 May 2025 23:00,268.22,0,477.09
Sunday,04 May 2025 0:00,402.51,0,382.33
Sunday,04 May 2025 1:00,353.42,0,351.79
Sunday,04 May 2025 2:00,411.31,0,328.68
Sunday,04 May 2025 3:00,485.91,0,326.02
Sunday,04 May 2025 4:00,569.62,0,329.77
Sunday,04 May 2025 5:00,328.41,0,328.41
Sunday,04 May 2025 6:00,336.35,0,336.35
Sunday,04 May 2025 7:00,331.14,0,331.14
Sunday,04 May 2025 8:00,338.92,0,338.92
Sunday,04 May 2025 9:00,328.09,0,328.09
Sunday,04 May 2025 10:00,326.45,0,326.45
Sunday,04 May 2025 11:00,248.12,0,327.21
Sunday,04 May 2025 12:00,412.92,0,333.83
Sunday,04 May 2025 13:00,334.08,0,334.08
Sunday,04 May 2025 14:00,326.8,0,326.8
Sunday,04 May 2025 15:00,321.72,0,321.72
Sunday,04 May 2025 16:00,323.14,0,323.14
Sunday,04 May 2025 17:00,246.91,0,327.17
Sunday,04 May 2025 18:00,413.93,0,333.67
Sunday,04 May 2025 19:00,255.3,0,339.18
Sunday,04 May 2025 20:00,333.49,0,332.19
Sunday,04 May 2025 21:00,411.95,0,329.37
Sunday,04 May 2025 22:00,245.61,0,324.78
Sunday,04 May 2025 23:00,326.02,0,416.09
Monday,05 May 2025 0:00,338.98,0,339.53
Monday,05 May 2025 1:00,336.21,0,335.81
Monday,05 May 2025 2:00,337.62,0,334.2
Monday,05 May 2025 3:00,580.09,0,332.94
Monday,05 May 2025 4:00,492.14,0,325.43
Monday,05 May 2025 5:00,326.19,0,328.95
Monday,05 May 2025 6:00,331.43,0,333.1
Monday,05 May 2025 7:00,343.47,0,355.65
Monday,05 May 2025 8:00,368.76,0,422.16
Monday,05 May 2025 9:00,438.08,0,368.64
Monday,05 May 2025 10:00,323.81,0,320.8
Monday,05 May 2025 11:00,318.28,0,324.68
Monday,05 May 2025 12:00,331.09,0,327.38
Monday,05 May 2025 13:00,325.33,0,328.14
Monday,05 May 2025 14:00,330.18,0,324.96
Monday,05 May 2025 15:00,318.15,0,321.2
Monday,05 May 2025 16:00,330.58,0,331.87
Monday,05 May 2025 17:00,333.79,0,334.39
Monday,05 May 2025 18:00,342.03,0,342.36
Monday,05 May 2025 19:00,335.45,0,338.49
Monday,05 May 2025 20:00,337.39,0,250.84
Monday,05 May 2025 21:00,324.98,0,324.98
Monday,05 May 2025 22:00,330.84,0,330.84
Monday,05 May 2025 23:00,256.25,0,424.8
Tuesday,06 May 2025 0:00,413.16,0,328.88
Tuesday,06 May 2025 1:00,252.51,0,338.1
Tuesday,06 May 2025 2:00,417.76,0,332.16
Tuesday,06 May 2025 3:00,481.73,0,320.83
Tuesday,06 May 2025 4:00,567.81,0,326.45
Tuesday,06 May 2025 5:00,330.17,0,330.17
Tuesday,06 May 2025 6:00,335.74,0,335.74
Tuesday,06 May 2025 7:00,375.81,0,375.81
Tuesday,06 May 2025 8:00,519.79,0,519.79
Tuesday,06 May 2025 9:00,593.58,0,593.58
Tuesday,06 May 2025 10:00,541.43,0,541.43
Tuesday,06 May 2025 11:00,701.65,0,701.65
Tuesday,06 May 2025 12:00,402.54,0,402.54
Tuesday,06 May 2025 13:00,329,0,329
Tuesday,06 May 2025 14:00,328.62,0,328.62
Tuesday,06 May 2025 15:00,333.32,0,333.32
Tuesday,06 May 2025 16:00,331.6,0,331.6
Tuesday,06 May 2025 17:00,327.71,0,327.71
Tuesday,06 May 2025 18:00,330.76,0,330.76
Tuesday,06 May 2025 19:00,340.21,0,340.21
Tuesday,06 May 2025 20:00,327.65,0,327.65
Tuesday,06 May 2025 21:00,334.18,0,334.18
Tuesday,06 May 2025 22:00,328.01,0,328.01
Tuesday,06 May 2025 23:00,243.35,0,404.25
Wednesday,07 May 2025 0:00,416.29,0,335.84
Wednesday,07 May 2025 1:00,251.74,0,333.16
Wednesday,07 May 2025 2:00,331.29,0,330.81
Wednesday,07 May 2025 3:00,564.5,0,322.4
Wednesday,07 May 2025 4:00,565.88,0,321.28
Wednesday,07 May 2025 5:00,326.87,0,326.87
Wednesday,07 May 2025 6:00,332.86,0,332.86
Wednesday,07 May 2025 7:00,335.03,0,335.03
Wednesday,07 May 2025 8:00,329.96,0,329.96
Wednesday,07 May 2025 9:00,332.91,0,332.91
Wednesday,07 May 2025 10:00,324.91,0,324.91
Wednesday,07 May 2025 11:00,373.1,0,373.1
Wednesday,07 May 2025 12:00,328.75,0,328.75
Wednesday,07 May 2025 13:00,338.3,0,338.3
Wednesday,07 May 2025 14:00,337.8,0,337.8
Wednesday,07 May 2025 15:00,334.04,0,334.04
Wednesday,07 May 2025 16:00,330.42,0,330.42
Wednesday,07 May 2025 17:00,332.59,0,332.59
Wednesday,07 May 2025 18:00,337.15,0,337.15
Wednesday,07 May 2025 19:00,245.87,0,327.57
Wednesday,07 May 2025 20:00,410.44,0,328.75
Wednesday,07 May 2025 21:00,327.88,0,327.88
Wednesday,07 May 2025 22:00,239.02,0,319.76
Wednesday,07 May 2025 23:00,325.6,0,422.05
Thursday,08 May 2025 0:00,340.92,0,334.8
Thursday,08 May 2025 1:00,330.75,0,333.13
Thursday,08 May 2025 2:00,330.97,0,327.54
Thursday,08 May 2025 3:00,569.82,0,326.72
Thursday,08 May 2025 4:00,488.99,0,328.27
Thursday,08 May 2025 5:00,330.72,0,330.41
Thursday,08 May 2025 6:00,326.4,0,326.16
Thursday,08 May 2025 7:00,330.89,0,333.7
Thursday,08 May 2025 8:00,328.05,0,325.38
Thursday,08 May 2025 9:00,327,0,330.39
Thursday,08 May 2025 10:00,330.02,0,325.93
Thursday,08 May 2025 11:00,329.01,0,325.18
Thursday,08 May 2025 12:00,330.82,0,336.1
Thursday,08 May 2025 13:00,324.37,0,324.84
Thursday,08 May 2025 14:00,329.15,0,245.51
Thursday,08 May 2025 15:00,334.46,0,334.46
Thursday,08 May 2025 16:00,362.69,0,362.69
Thursday,08 May 2025 17:00,323.43,0,323.43
Thursday,08 May 2025 18:00,332.74,0,332.74
Thursday,08 May 2025 19:00,334.23,0,334.23
Thursday,08 May 2025 20:00,329.38,0,329.38
Thursday,08 May 2025 21:00,327.32,0,327.32
Thursday,08 May 2025 22:00,330.99,0,330.99
Thursday,08 May 2025 23:00,241.56,0,411.27
Friday,09 May 2025 0:00,408.13,0,323.27
Friday,09 May 2025 1:00,339.13,0,339.13
Friday,09 May 2025 2:00,248.56,0,329.38
Friday,09 May 2025 3:00,751.83,0,334.59
Friday,09 May 2025 4:00,408.55,0,324.45
Friday,09 May 2025 5:00,327.25,0,327.25
Friday,09 May 2025 6:00,328.7,0,328.7
Friday,09 May 2025 7:00,328.86,0,328.86
Friday,09 May 2025 8:00,325.18,0,325.18
Friday,09 May 2025 9:00,338.45,0,338.45
Friday,09 May 2025 10:00,324.65,0,324.65
Friday,09 May 2025 11:00,319.26,0,319.26
Friday,09 May 2025 12:00,325.82,0,325.82
Friday,09 May 2025 13:00,324.35,0,324.35
Friday,09 May 2025 14:00,322.31,0,322.31
Friday,09 May 2025 15:00,335.31,0,335.31
Friday,09 May 2025 16:00,327.89,0,327.89
Friday,09 May 2025 17:00,332.98,0,332.98
Friday,09 May 2025 18:00,250.14,0,250.14
Friday,09 May 2025 19:00,326.4,0,326.4
Friday,09 May 2025 20:00,330.14,0,330.14
Friday,09 May 2025 21:00,325.54,0,325.54
Friday,09 May 2025 22:00,335.97,0,335.97
Friday,09 May 2025 23:00,247.82,0,416.83
Saturday,10 May 2025 0:00,413.19,0,328.68
Saturday,10 May 2025 1:00,249.61,0,334.44
Saturday,10 May 2025 2:00,330.31,0,329.55
Saturday,10 May 2025 3:00,744.15,0,329.49
Saturday,10 May 2025 4:00,417.39,0,334.75
Saturday,10 May 2025 5:00,328.41,0,328.41
Saturday,10 May 2025 6:00,320.77,0,320.77
Saturday,10 May 2025 7:00,329.97,0,329.97
Saturday,10 May 2025 8:00,332.58,0,332.58
Saturday,10 May 2025 9:00,332.74,0,332.74
Saturday,10 May 2025 10:00,328.27,0,328.27
Saturday,10 May 2025 11:00,333.1,0,333.1
Saturday,10 May 2025 12:00,324.88,0,324.88
Saturday,10 May 2025 13:00,248.05,0,330.57
Saturday,10 May 2025 14:00,331.13,0,331.59
Saturday,10 May 2025 15:00,327.77,0,327.27
Saturday,10 May 2025 16:00,323.24,0,325.3
Saturday,10 May 2025 17:00,413.56,0,329.03
Saturday,10 May 2025 18:00,246.18,0,325.18
Saturday,10 May 2025 19:00,325.2,0,327.16
Saturday,10 May 2025 20:00,327.79,0,328.28
Saturday,10 May 2025 21:00,333.87,0,333.26
Saturday,10 May 2025 22:00,324.44,0,325.41
Saturday,10 May 2025 23:00,326.57,0,407.6
Sunday,11 May 2025 0:00,325.14,0,327.32
Sunday,11 May 2025 1:00,333.12,0,333.84
Sunday,11 May 2025 2:00,333.09,0,332.38
Sunday,11 May 2025 3:00,577.46,0,328.23
Sunday,11 May 2025 4:00,490.84,0,324.59
Sunday,11 May 2025 5:00,323.3,0,326.05
Sunday,11 May 2025 6:00,327.63,0,327.28
Sunday,11 May 2025 7:00,324.1,0,324.36
Sunday,11 May 2025 8:00,327.01,0,245.58
Sunday,11 May 2025 9:00,326.92,0,326.92
Sunday,11 May 2025 10:00,328.41,0,328.41
Sunday,11 May 2025 11:00,333.86,0,333.86
Sunday,11 May 2025 12:00,325.77,0,325.77
Sunday,11 May 2025 13:00,322.17,0,322.17
Sunday,11 May 2025 14:00,324.97,0,324.97
Sunday,11 May 2025 15:00,326.6,0,326.6
Sunday,11 May 2025 16:00,331.26,0,331.26
Sunday,11 May 2025 17:00,330.38,0,330.38
Sunday,11 May 2025 18:00,330.11,0,330.11
Sunday,11 May 2025 19:00,333.69,0,333.69
Sunday,11 May 2025 20:00,330.13,0,330.13
Sunday,11 May 2025 21:00,332.29,0,332.29
Sunday,11 May 2025 22:00,332,0,332
Sunday,11 May 2025 23:00,249.65,0,416.25
Monday,12 May 2025 0:00,406.85,0,323.55
Monday,12 May 2025 1:00,325.22,0,325.22
Monday,12 May 2025 2:00,327.97,0,327.97
Monday,12 May 2025 3:00,662.79,0,330.05
Monday,12 May 2025 4:00,409.32,0,326.13
Monday,12 May 2025 5:00,330.45,0,330.45
Monday,12 May 2025 6:00,328.76,0,328.76
Monday,12 May 2025 7:00,319.92,0,319.92
Monday,12 May 2025 8:00,349.25,0,349.25
Monday,12 May 2025 9:00,375.16,0,375.16
Monday,12 May 2025 10:00,334.75,0,334.75
Monday,12 May 2025 11:00,358.98,0,358.98
Monday,12 May 2025 12:00,332.84,0,332.84
Monday,12 May 2025 13:00,335.54,0,335.54
Monday,12 May 2025 14:00,326.02,0,326.02
Monday,12 May 2025 15:00,328.11,0,328.11
Monday,12 May 2025 16:00,468.42,0,468.42
Monday,12 May 2025 17:00,425.56,0,425.56
Monday,12 May 2025 18:00,335.13,0,335.13
Monday,12 May 2025 19:00,329.96,0,329.96
Monday,12 May 2025 20:00,330.06,0,330.06
Monday,12 May 2025 21:00,331.44,0,331.44
Monday,12 May 2025 22:00,333.61,0,333.61
Monday,12 May 2025 23:00,249.91,0,414.56
Tuesday,13 May 2025 0:00,411.19,0,328.86
Tuesday,13 May 2025 1:00,243.14,0,324.81
Tuesday,13 May 2025 2:00,328.28,0,327.54
Tuesday,13 May 2025 3:00,574.47,0,330.4
Tuesday,13 May 2025 4:00,573.94,0,329.24
Tuesday,13 May 2025 5:00,324.07,0,324.07
Tuesday,13 May 2025 6:00,328.03,0,328.03
Tuesday,13 May 2025 7:00,324.53,0,324.53
Tuesday,13 May 2025 8:00,331.22,0,331.22
Tuesday,13 May 2025 9:00,338.96,0,338.96
Tuesday,13 May 2025 10:00,321.96,0,321.96
Tuesday,13 May 2025 11:00,332.45,0,332.45
Tuesday,13 May 2025 12:00,237.32,0,316.96
Tuesday,13 May 2025 13:00,407.45,0,327.81
Tuesday,13 May 2025 14:00,244.27,0,325.22
Tuesday,13 May 2025 15:00,324.7,0,327.63
Tuesday,13 May 2025 16:00,333.76,0,332.58
Tuesday,13 May 2025 17:00,327.22,0,328.81
Tuesday,13 May 2025 18:00,334.02,0,335.21
Tuesday,13 May 2025 19:00,341.18,0,337.4
Tuesday,13 May 2025 20:00,330.54,0,331.63
Tuesday,13 May 2025 21:00,336.82,0,338.23
Tuesday,13 May 2025 22:00,336.13,0,338.82
Tuesday,13 May 2025 23:00,337.2,0,419.12
Wednesday,14 May 2025 0:00,336.74,0,336.24
Wednesday,14 May 2025 1:00,416.98,0,333.09
Wednesday,14 May 2025 2:00,332.32,0,332.32
Wednesday,14 May 2025 3:00,662.78,0,330.03
Wednesday,14 May 2025 4:00,416.5,0,333.31
Wednesday,14 May 2025 5:00,329.75,0,329.75
Wednesday,14 May 2025 6:00,334.45,0,334.45
Wednesday,14 May 2025 7:00,330.36,0,330.36
Wednesday,14 May 2025 8:00,332.59,0,332.59
Wednesday,14 May 2025 9:00,362.59,0,362.59
Wednesday,14 May 2025 10:00,327.71,0,327.71
Wednesday,14 May 2025 11:00,335.34,0,335.34
Wednesday,14 May 2025 12:00,327.43,0,327.43
Wednesday,14 May 2025 13:00,327.15,0,327.15
Wednesday,14 May 2025 14:00,344.18,0,344.18
Wednesday,14 May 2025 15:00,327.6,0,327.6
Wednesday,14 May 2025 16:00,327.42,0,327.42
Wednesday,14 May 2025 17:00,335.76,0,335.76
Wednesday,14 May 2025 18:00,333.01,0,333.01
Wednesday,14 May 2025 19:00,332.82,0,332.82
Wednesday,14 May 2025 20:00,330.91,0,330.91
Wednesday,14 May 2025 21:00,326.09,0,326.09
Wednesday,14 May 2025 22:00,333,0,333
Wednesday,14 May 2025 23:00,248.89,0,409.59
Thursday,15 May 2025 0:00,415.45,0,335.1
Thursday,15 May 2025 1:00,333.94,0,333.94
Thursday,15 May 2025 2:00,334.67,0,334.67
Thursday,15 May 2025 3:00,651.75,0,325.8
Thursday,15 May 2025 4:00,412.57,0,331.09
Thursday,15 May 2025 5:00,336.4,0,336.4
Thursday,15 May 2025 6:00,324.08,0,324.08
Thursday,15 May 2025 7:00,323.9,0,323.9
Thursday,15 May 2025 8:00,339.07,0,339.07
Thursday,15 May 2025 9:00,319.16,0,319.16
Thursday,15 May 2025 10:00,333.09,0,333.09
Thursday,15 May 2025 11:00,327.62,0,327.62
Thursday,15 May 2025 12:00,335.36,0,335.36
Thursday,15 May 2025 13:00,334.13,0,334.13
Thursday,15 May 2025 14:00,332.57,0,332.57
Thursday,15 May 2025 15:00,478.68,0,478.68
Thursday,15 May 2025 16:00,337.68,0,337.68
Thursday,15 May 2025 17:00,343.25,0,343.25
Thursday,15 May 2025 18:00,332.62,0,332.62
Thursday,15 May 2025 19:00,341.23,0,341.23
Thursday,15 May 2025 20:00,335.97,0,335.97
Thursday,15 May 2025 21:00,334.07,0,334.07
Thursday,15 May 2025 22:00,248.23,0,332.68
Thursday,15 May 2025 23:00,244.76,0,407.45
Friday,16 May 2025 0:00,249.13,0,249.13
Friday,16 May 2025 1:00,247.64,0,330.92
Friday,16 May 2025 2:00,334.52,0,332.64
Friday,16 May 2025 3:00,580.74,0,332.88
Friday,16 May 2025 4:00,577.57,0,327.88
Friday,16 May 2025 5:00,242.93,0,326.57
Friday,16 May 2025 6:00,334.47,0,332.92
Friday,16 May 2025 7:00,329.54,0,332.24
Friday,16 May 2025 8:00,348.29,0,448.62
Friday,16 May 2025 9:00,433.44,0,328.26
Friday,16 May 2025 10:00,328.13,0,330.32
Friday,16 May 2025 11:00,401.62,0,432.41
Friday,16 May 2025 12:00,465.34,0,477.17
Friday,16 May 2025 13:00,610.62,0,"1,056"
Friday,16 May 2025 14:00,"2,586",0,"2,282"
Friday,16 May 2025 15:00,"1,036",0,"1,007"
Friday,16 May 2025 16:00,"1,137",0,"1,129"
Friday,16 May 2025 17:00,954.27,0,963
Friday,16 May 2025 18:00,681.63,0,443.01
Friday,16 May 2025 19:00,364.57,0,364.57
Friday,16 May 2025 20:00,349,0,349
Friday,16 May 2025 21:00,347.24,0,347.24
Friday,16 May 2025 22:00,326.18,0,326.18
Friday,16 May 2025 23:00,244.08,0,403.89
Saturday,17 May 2025 0:00,405.23,0,325.33
Saturday,17 May 2025 1:00,330.82,0,330.82
Saturday,17 May 2025 2:00,335.49,0,335.49
Saturday,17 May 2025 3:00,674.9,0,330
Saturday,17 May 2025 4:00,417.63,0,331.4
Saturday,17 May 2025 5:00,324.49,0,324.49
Saturday,17 May 2025 6:00,328.61,0,328.61
Saturday,17 May 2025 7:00,330.88,0,330.88
Saturday,17 May 2025 8:00,332.92,0,332.92
Saturday,17 May 2025 9:00,331.67,0,331.67
Saturday,17 May 2025 10:00,331.02,0,331.02
Saturday,17 May 2025 11:00,332.04,0,332.04
Saturday,17 May 2025 12:00,336.43,0,336.43
Saturday,17 May 2025 13:00,330.87,0,330.87
Saturday,17 May 2025 14:00,332.39,0,332.39
Saturday,17 May 2025 15:00,340.22,0,340.22
Saturday,17 May 2025 16:00,684.65,0,684.65
Saturday,17 May 2025 17:00,633.08,0,633.08
Saturday,17 May 2025 18:00,458.51,0,458.51
Saturday,17 May 2025 19:00,341.07,0,341.07
Saturday,17 May 2025 20:00,335.19,0,335.19
Saturday,17 May 2025 21:00,335.94,0,335.94
Saturday,17 May 2025 22:00,336.39,0,336.39
Saturday,17 May 2025 23:00,253.95,0,420.33
Sunday,18 May 2025 0:00,419.32,0,336.14
Sunday,18 May 2025 1:00,343.54,0,343.54
Sunday,18 May 2025 2:00,332.6,0,332.6
Sunday,18 May 2025 3:00,675.82,0,338.61
Sunday,18 May 2025 4:00,424.52,0,340.22
Sunday,18 May 2025 5:00,336.32,0,336.32
Sunday,18 May 2025 6:00,339.83,0,339.83
Sunday,18 May 2025 7:00,333.48,0,333.48
Sunday,18 May 2025 8:00,333.89,0,333.89
Sunday,18 May 2025 9:00,337.59,0,337.59
Sunday,18 May 2025 10:00,337.5,0,337.5
Sunday,18 May 2025 11:00,329.54,0,329.54
Sunday,18 May 2025 12:00,343.36,0,343.36
Sunday,18 May 2025 13:00,333.17,0,333.17
Sunday,18 May 2025 14:00,328.48,0,328.48
Sunday,18 May 2025 15:00,331.21,0,331.21
Sunday,18 May 2025 16:00,335.98,0,335.98
Sunday,18 May 2025 17:00,324.68,0,324.68
Sunday,18 May 2025 18:00,324.9,0,324.9
Sunday,18 May 2025 19:00,244.05,0,326.81
Sunday,18 May 2025 20:00,327.72,0,328.03
Sunday,18 May 2025 21:00,329.45,0,331.89
Sunday,18 May 2025 22:00,336.65,0,335.59
Sunday,18 May 2025 23:00,337.15,0,423.66
Monday,19 May 2025 0:00,341.82,0,339.94
Monday,19 May 2025 1:00,332.24,0,329.22
Monday,19 May 2025 2:00,326.56,0,330.38
Monday,19 May 2025 3:00,581.57,0,330.82
Monday,19 May 2025 4:00,489.66,0,327.14
Monday,19 May 2025 5:00,328.77,0,329.66
Monday,19 May 2025 6:00,329.25,0,332.4
Monday,19 May 2025 7:00,332.13,0,328.02
Monday,19 May 2025 8:00,329.84,0,332.69
Monday,19 May 2025 9:00,329.7,0,327.73
Monday,19 May 2025 10:00,326.09,0,326.16
Monday,19 May 2025 11:00,327.82,0,247
Monday,19 May 2025 12:00,325.41,0,325.41
Monday,19 May 2025 13:00,320.75,0,320.75
Monday,19 May 2025 14:00,317.05,0,317.05
Monday,19 May 2025 15:00,323.36,0,323.36
Monday,19 May 2025 16:00,324.56,0,324.56
Monday,19 May 2025 17:00,326.28,0,326.28
Monday,19 May 2025 18:00,331.45,0,331.45
Monday,19 May 2025 19:00,328.02,0,328.02
Monday,19 May 2025 20:00,324.64,0,324.64
Monday,19 May 2025 21:00,328.5,0,328.5
Monday,19 May 2025 22:00,338.98,0,338.98
Monday,19 May 2025 23:00,257.96,0,424.8
Tuesday,20 May 2025 0:00,417.81,0,334.39
Tuesday,20 May 2025 1:00,335.98,0,335.98
Tuesday,20 May 2025 2:00,334.23,0,334.23
Tuesday,20 May 2025 3:00,668.83,0,334.79
Tuesday,20 May 2025 4:00,410.49,0,326.98
Tuesday,20 May 2025 5:00,329.04,0,329.04
Tuesday,20 May 2025 6:00,325.5,0,325.5
Tuesday,20 May 2025 7:00,319.08,0,319.08
Tuesday,20 May 2025 8:00,320.32,0,320.32
Tuesday,20 May 2025 9:00,324.68,0,324.68
Tuesday,20 May 2025 10:00,319.92,0,319.92
Tuesday,20 May 2025 11:00,323.86,0,323.86
Tuesday,20 May 2025 12:00,317.45,0,317.45
Tuesday,20 May 2025 13:00,320.31,0,320.31
Tuesday,20 May 2025 14:00,323.34,0,323.34
Tuesday,20 May 2025 15:00,329.11,0,329.11
Tuesday,20 May 2025 16:00,323.81,0,323.81
Tuesday,20 May 2025 17:00,334.73,0,334.73
Tuesday,20 May 2025 18:00,328.47,0,328.47
Tuesday,20 May 2025 19:00,331.84,0,331.84
Tuesday,20 May 2025 20:00,328.65,0,328.65
Tuesday,20 May 2025 21:00,327.94,0,327.94
Tuesday,20 May 2025 22:00,335.03,0,335.03
Tuesday,20 May 2025 23:00,248.05,0,415.09
Wednesday,21 May 2025 0:00,411.05,0,327.53
Wednesday,21 May 2025 1:00,244.81,0,325.51
Wednesday,21 May 2025 2:00,405.89,0,325.2
Wednesday,21 May 2025 3:00,496.4,0,330.08
Wednesday,21 May 2025 4:00,580.09,0,330.61
Wednesday,21 May 2025 5:00,336.67,0,336.67
Wednesday,21 May 2025 6:00,321.17,0,321.17
Wednesday,21 May 2025 7:00,320.76,0,320.76
Wednesday,21 May 2025 8:00,322.23,0,322.23
Wednesday,21 May 2025 9:00,245.16,0,330.08
Wednesday,21 May 2025 10:00,409.86,0,324.94
Wednesday,21 May 2025 11:00,332.42,0,332.42
Wednesday,21 May 2025 12:00,318.52,0,318.52
Wednesday,21 May 2025 13:00,327.66,0,327.66
Wednesday,21 May 2025 14:00,247.76,0,325.66
Wednesday,21 May 2025 15:00,314.73,0,316.89
Wednesday,21 May 2025 16:00,327.67,0,330.19
Wednesday,21 May 2025 17:00,324.27,0,322.84
Wednesday,21 May 2025 18:00,336.2,0,337.71
Wednesday,21 May 2025 19:00,341.23,0,340.72
Wednesday,21 May 2025 20:00,328.51,0,326.82
Wednesday,21 May 2025 21:00,328.53,0,332.82
Wednesday,21 May 2025 22:00,334.02,0,333.46
Wednesday,21 May 2025 23:00,340.5,0,417.43
Thursday,22 May 2025 0:00,323.14,0,322.92
Thursday,22 May 2025 1:00,328.01,0,327.16
Thursday,22 May 2025 2:00,329.5,0,331.39
Thursday,22 May 2025 3:00,573.58,0,326.62
Thursday,22 May 2025 4:00,504.79,0,332.74
Thursday,22 May 2025 5:00,405.99,0,323.98
Thursday,22 May 2025 6:00,311.8,0,311.8
Thursday,22 May 2025 7:00,318.8,0,318.8
Thursday,22 May 2025 8:00,313.2,0,313.2
Thursday,22 May 2025 9:00,324.88,0,324.88
Thursday,22 May 2025 10:00,315.55,0,315.55
Thursday,22 May 2025 11:00,320.04,0,320.04
Thursday,22 May 2025 12:00,320.95,0,320.95
Thursday,22 May 2025 13:00,301.18,0,301.18
Thursday,22 May 2025 14:00,315.96,0,315.96
Thursday,22 May 2025 15:00,318.29,0,318.29
Thursday,22 May 2025 16:00,316.86,0,316.86
Thursday,22 May 2025 17:00,311.39,0,311.39
Thursday,22 May 2025 18:00,324.59,0,324.59
Thursday,22 May 2025 19:00,324,0,324
Thursday,22 May 2025 20:00,249.28,0,330.05
Thursday,22 May 2025 21:00,403.91,0,323.14
Thursday,22 May 2025 22:00,330.12,0,330.12
Thursday,22 May 2025 23:00,247.32,0,411.83
Friday,23 May 2025 0:00,406.86,0,324.61
Friday,23 May 2025 1:00,331.28,0,331.28
Friday,23 May 2025 2:00,336.78,0,336.78
Friday,23 May 2025 3:00,642.18,0,324.38
Friday,23 May 2025 4:00,405.09,0,325.63
Friday,23 May 2025 5:00,327.77,0,327.77
Friday,23 May 2025 6:00,311.7,0,311.7
Friday,23 May 2025 7:00,307.75,0,307.75
Friday,23 May 2025 8:00,309.78,0,309.78
Friday,23 May 2025 9:00,335.67,0,335.67
Friday,23 May 2025 10:00,316.34,0,316.34
Friday,23 May 2025 11:00,316.55,0,316.55
Friday,23 May 2025 12:00,331.97,0,331.97
Friday,23 May 2025 13:00,324.7,0,324.7
Friday,23 May 2025 14:00,320.18,0,320.18
Friday,23 May 2025 15:00,326.65,0,326.65
Friday,23 May 2025 16:00,329.37,0,329.37
Friday,23 May 2025 17:00,335.52,0,335.52
Friday,23 May 2025 18:00,339.73,0,339.73
Friday,23 May 2025 19:00,337.43,0,337.43
Friday,23 May 2025 20:00,328.87,0,328.87
Friday,23 May 2025 21:00,327.82,0,327.82
Friday,23 May 2025 22:00,322.14,0,322.14
Friday,23 May 2025 23:00,243.71,0,414.92
Saturday,24 May 2025 0:00,418.86,0,333.25
Saturday,24 May 2025 1:00,255.01,0,336.41
Saturday,24 May 2025 2:00,330.79,0,332.72
Saturday,24 May 2025 3:00,589.18,0,335.28
Saturday,24 May 2025 4:00,589.86,0,333.99
Saturday,24 May 2025 5:00,333.93,0,333.93
Saturday,24 May 2025 6:00,253.55,0,335.36
Saturday,24 May 2025 7:00,326.74,0,328.71
Saturday,24 May 2025 8:00,332.35,0,334.46
Saturday,24 May 2025 9:00,342.21,0,340.41
Saturday,24 May 2025 10:00,332.72,0,334.45
Saturday,24 May 2025 11:00,337.7,0,336.48
Saturday,24 May 2025 12:00,330.03,0,328.86
Saturday,24 May 2025 13:00,327.63,0,327.28
Saturday,24 May 2025 14:00,326.97,0,324.2
Saturday,24 May 2025 15:00,333.06,0,334.33
Saturday,24 May 2025 16:00,330,0,330.81
Saturday,24 May 2025 17:00,338.1,0,341.34
Saturday,24 May 2025 18:00,341.7,0,338.16
Saturday,24 May 2025 19:00,334.08,0,334.02
Saturday,24 May 2025 20:00,332.21,0,331.4
Saturday,24 May 2025 21:00,333.22,0,333.13
Saturday,24 May 2025 22:00,335.41,0,337.58
Saturday,24 May 2025 23:00,253.17,0,334.18
Sunday,25 May 2025 0:00,420.81,0,338.65
Sunday,25 May 2025 1:00,329.86,0,329.86
Sunday,25 May 2025 2:00,331.16,0,331.16
Sunday,25 May 2025 3:00,658.93,0,334.04
Sunday,25 May 2025 4:00,409.39,0,328.17
Sunday,25 May 2025 5:00,323.82,0,323.82
Sunday,25 May 2025 6:00,323.76,0,323.76
Sunday,25 May 2025 7:00,331.32,0,331.32
Sunday,25 May 2025 8:00,331.25,0,331.25
Sunday,25 May 2025 9:00,329.03,0,329.03
Sunday,25 May 2025 10:00,329.32,0,329.32
Sunday,25 May 2025 11:00,334.33,0,334.33
Sunday,25 May 2025 12:00,329.65,0,329.65
Sunday,25 May 2025 13:00,330.21,0,330.21
Sunday,25 May 2025 14:00,331.16,0,331.16
Sunday,25 May 2025 15:00,329.53,0,329.53
Sunday,25 May 2025 16:00,329.36,0,329.36
Sunday,25 May 2025 17:00,327.92,0,327.92
Sunday,25 May 2025 18:00,324.64,0,324.64
Sunday,25 May 2025 19:00,331.97,0,331.97
Sunday,25 May 2025 20:00,323.57,0,323.57
Sunday,25 May 2025 21:00,326.43,0,326.43
Sunday,25 May 2025 22:00,330.55,0,330.55
Sunday,25 May 2025 23:00,251.77,0,417.93
Monday,26 May 2025 0:00,414.88,0,331.8
Monday,26 May 2025 1:00,335.08,0,335.08
Monday,26 May 2025 2:00,330.99,0,330.99
Monday,26 May 2025 3:00,668.57,0,330.83
Monday,26 May 2025 4:00,415.7,0,331.27
Monday,26 May 2025 5:00,332.73,0,332.73
Monday,26 May 2025 6:00,327.81,0,327.81
Monday,26 May 2025 7:00,322.62,0,322.62
Monday,26 May 2025 8:00,335.66,0,335.66
Monday,26 May 2025 9:00,328.83,0,328.83
Monday,26 May 2025 10:00,328.9,0,328.9
Monday,26 May 2025 11:00,328.36,0,328.36
Monday,26 May 2025 12:00,326.26,0,326.26
Monday,26 May 2025 13:00,326.73,0,326.73
Monday,26 May 2025 14:00,327.86,0,327.86
Monday,26 May 2025 15:00,323.63,0,323.63
Monday,26 May 2025 16:00,321.95,0,321.95
Monday,26 May 2025 17:00,330.3,0,330.3
Monday,26 May 2025 18:00,327.95,0,327.95
Monday,26 May 2025 19:00,329.76,0,329.76
Monday,26 May 2025 20:00,333.78,0,333.78
Monday,26 May 2025 21:00,337.85,0,337.85
Monday,26 May 2025 22:00,247.77,0,328.76
Monday,26 May 2025 23:00,327.79,0,408.09
Tuesday,27 May 2025 0:00,320.91,0,321.45
Tuesday,27 May 2025 1:00,329.05,0,331.7
Tuesday,27 May 2025 2:00,326.97,0,326.66
Tuesday,27 May 2025 3:00,581.46,0,332.29
Tuesday,27 May 2025 4:00,493.78,0,327.89
Tuesday,27 May 2025 5:00,327.74,0,327.82
Tuesday,27 May 2025 6:00,327.43,0,329.71
Tuesday,27 May 2025 7:00,328.99,0,327.03
Tuesday,27 May 2025 8:00,404.51,0,425.46
Tuesday,27 May 2025 9:00,347.24,0,327.54
Tuesday,27 May 2025 10:00,338.13,0,372.23
Tuesday,27 May 2025 11:00,362.67,0,351.19
Tuesday,27 May 2025 12:00,439.52,0,412.32
Tuesday,27 May 2025 13:00,326.34,0,328.49
Tuesday,27 May 2025 14:00,334.11,0,334.41
Tuesday,27 May 2025 15:00,322.38,0,332.81
Tuesday,27 May 2025 16:00,470.92,0,380.1
Tuesday,27 May 2025 17:00,982.73,0,982.73
Tuesday,27 May 2025 18:00,558.97,0,558.97
Tuesday,27 May 2025 19:00,334.29,0,334.29
Tuesday,27 May 2025 20:00,334,0,334
Tuesday,27 May 2025 21:00,329.93,0,329.93
Tuesday,27 May 2025 22:00,334.9,0,334.9
Tuesday,27 May 2025 23:00,252.85,0,422.63
Wednesday,28 May 2025 0:00,435.25,0,350.36
Wednesday,28 May 2025 1:00,330.58,0,330.58
Wednesday,28 May 2025 2:00,334.25,0,334.25
Wednesday,28 May 2025 3:00,655.62,0,328.57
Wednesday,28 May 2025 4:00,420.36,0,338.6
Wednesday,28 May 2025 5:00,330.26,0,330.26
Wednesday,28 May 2025 6:00,328.15,0,328.15
Wednesday,28 May 2025 7:00,446.3,0,446.3
Wednesday,28 May 2025 8:00,739.31,0,739.31
Wednesday,28 May 2025 9:00,389.66,0,555.08
Wednesday,28 May 2025 10:00,685.17,0,519.76
Wednesday,28 May 2025 11:00,450.63,0,450.63
Wednesday,28 May 2025 12:00,413.99,0,413.99
Wednesday,28 May 2025 13:00,526.75,0,526.75
Wednesday,28 May 2025 14:00,396.39,0,396.39
Wednesday,28 May 2025 15:00,517.33,0,517.33
Wednesday,28 May 2025 16:00,413.23,0,413.23
Wednesday,28 May 2025 17:00,360.98,0,360.98
Wednesday,28 May 2025 18:00,337.38,0,337.38
Wednesday,28 May 2025 19:00,332.51,0,332.51
Wednesday,28 May 2025 20:00,331.01,0,331.01
Wednesday,28 May 2025 21:00,333.36,0,333.36
Wednesday,28 May 2025 22:00,329.1,0,329.1
Wednesday,28 May 2025 23:00,241.55,0,406.53
Thursday,29 May 2025 0:00,418.91,0,336.42
Thursday,29 May 2025 1:00,335.52,0,335.52
Thursday,29 May 2025 2:00,338.85,0,338.85
Thursday,29 May 2025 3:00,672.72,0,333.56
Thursday,29 May 2025 4:00,421.82,0,337.03
Thursday,29 May 2025 5:00,332.73,0,332.73
Thursday,29 May 2025 6:00,323.86,0,323.86
Thursday,29 May 2025 7:00,347.81,0,347.81
Thursday,29 May 2025 8:00,406.16,0,406.16
Thursday,29 May 2025 9:00,427.99,0,427.99
Thursday,29 May 2025 10:00,451.87,0,451.87
Thursday,29 May 2025 11:00,383.8,0,383.8
Thursday,29 May 2025 12:00,343.79,0,343.79
Thursday,29 May 2025 13:00,433.59,0,433.59
Thursday,29 May 2025 14:00,463.36,0,463.36
Thursday,29 May 2025 15:00,437.01,0,437.01
Thursday,29 May 2025 16:00,424.56,0,424.56
Thursday,29 May 2025 17:00,289.94,0,371.92
Thursday,29 May 2025 18:00,340.92,0,344.31
Thursday,29 May 2025 19:00,334.73,0,331.3
Thursday,29 May 2025 20:00,337.64,0,342.73
Thursday,29 May 2025 21:00,345.03,0,341.65
Thursday,29 May 2025 22:00,332.98,0,336.65
Thursday,29 May 2025 23:00,339.72,0,414.68
Friday,30 May 2025 0:00,323.7,0,322.88
Friday,30 May 2025 1:00,318.77,0,319.85
Friday,30 May 2025 2:00,328.27,0,330.99
Friday,30 May 2025 3:00,584.72,0,334.31
Friday,30 May 2025 4:00,505.6,0,339.66
Friday,30 May 2025 5:00,336.97,0,334.48
Friday,30 May 2025 6:00,334.66,0,332.33
Friday,30 May 2025 7:00,329.98,0,330.46
Friday,30 May 2025 8:00,334.95,0,393.2
Friday,30 May 2025 9:00,755.54,0,763.66
Friday,30 May 2025 10:00,853.07,0,703.7
Friday,30 May 2025 11:00,644.36,0,644.36
Friday,30 May 2025 12:00,384.3,0,384.3
Friday,30 May 2025 13:00,324.51,0,324.51
Friday,30 May 2025 14:00,331.86,0,331.86
Friday,30 May 2025 15:00,348.13,0,348.13
Friday,30 May 2025 16:00,814.79,0,814.79
Friday,30 May 2025 17:00,"2,004",0,"2,004"
Friday,30 May 2025 18:00,327.29,0,327.29
Friday,30 May 2025 19:00,355.44,0,355.44
Friday,30 May 2025 20:00,328.93,0,328.93
Friday,30 May 2025 21:00,338.53,0,338.53
Friday,30 May 2025 22:00,339.45,0,339.45
Friday,30 May 2025 23:00,256.24,0,422.46
Saturday,31 May 2025 0:00,416.12,0,333.01
Saturday,31 May 2025 1:00,336.97,0,336.97
Saturday,31 May 2025 2:00,245.57,0,327.76
Saturday,31 May 2025 3:00,741.4,0,336.15
Saturday,31 May 2025 4:00,417.2,0,336.43
Saturday,31 May 2025 5:00,334.04,0,334.04
Saturday,31 May 2025 6:00,332.73,0,332.73
Saturday,31 May 2025 7:00,331.9,0,331.9
Saturday,31 May 2025 8:00,332.04,0,332.04
Saturday,31 May 2025 9:00,341.52,0,341.52
Saturday,31 May 2025 10:00,338.43,0,338.43
Saturday,31 May 2025 11:00,325.62,0,325.62
Saturday,31 May 2025 12:00,324.19,0,324.19
Saturday,31 May 2025 13:00,321,0,321
Saturday,31 May 2025 14:00,321.84,0,321.84
Saturday,31 May 2025 15:00,327.41,0,327.41
Saturday,31 May 2025 16:00,335.98,0,335.98
Saturday,31 May 2025 17:00,341.24,0,341.24
Saturday,31 May 2025 18:00,328.59,0,328.59
Saturday,31 May 2025 19:00,323.95,0,323.95
Saturday,31 May 2025 20:00,322.96,0,322.96
Saturday,31 May 2025 21:00,332.81,0,332.81
Saturday,31 May 2025 22:00,323.58,0,323.58
Saturday,31 May 2025 23:00,248.89,0,409.44
Sunday,01 Jun 2025 0:00,414.84,0,334.56
Sunday,01 Jun 2025 1:00,249.05,0,330
Sunday,01 Jun 2025 2:00,333.49,0,332.71
Sunday,01 Jun 2025 3:00,577.44,0,332.14
Sunday,01 Jun 2025 4:00,585.54,0,337.85
Sunday,01 Jun 2025 5:00,329.26,0,329.26
Sunday,01 Jun 2025 6:00,324.51,0,324.51
Sunday,01 Jun 2025 7:00,316.51,0,316.51
Sunday,01 Jun 2025 8:00,323.41,0,323.41
Sunday,01 Jun 2025 9:00,329.01,0,329.01
Sunday,01 Jun 2025 10:00,339.65,0,339.65
Sunday,01 Jun 2025 11:00,330.23,0,330.23
Sunday,01 Jun 2025 12:00,249.56,0,334.7
Sunday,01 Jun 2025 13:00,338.55,0,332.76
Sunday,01 Jun 2025 14:00,321.77,0,320.34
Sunday,01 Jun 2025 15:00,320.33,0,321.74
Sunday,01 Jun 2025 16:00,332.5,0,334.65
Sunday,01 Jun 2025 17:00,325.58,0,322.88
Sunday,01 Jun 2025 18:00,329.16,0,334.83
Sunday,01 Jun 2025 19:00,337.72,0,333.81
Sunday,01 Jun 2025 20:00,326.59,0,329.65
Sunday,01 Jun 2025 21:00,335.06,0,334.66
Sunday,01 Jun 2025 22:00,336.16,0,335.81
Sunday,01 Jun 2025 23:00,334.66,0,412.12
Monday,02 Jun 2025 0:00,327.65,0,333.63
Monday,02 Jun 2025 1:00,337.5,0,333.28
Monday,02 Jun 2025 2:00,328.55,0,246.63
Monday,02 Jun 2025 3:00,755.89,0,338.57
Monday,02 Jun 2025 4:00,335.51,0,335.51
Monday,02 Jun 2025 5:00,337.09,0,337.09
Monday,02 Jun 2025 6:00,337.97,0,337.97
Monday,02 Jun 2025 7:00,327.03,0,327.03
Monday,02 Jun 2025 8:00,314.75,0,314.75
Monday,02 Jun 2025 9:00,317.64,0,317.64
Monday,02 Jun 2025 10:00,320.92,0,320.92
Monday,02 Jun 2025 11:00,314.74,0,314.74
Monday,02 Jun 2025 12:00,357.44,0,357.44
Monday,02 Jun 2025 13:00,330.77,0,330.77
Monday,02 Jun 2025 14:00,345.07,0,345.07
Monday,02 Jun 2025 15:00,373.16,0,373.16
Monday,02 Jun 2025 16:00,343.17,0,343.17
Monday,02 Jun 2025 17:00,323.98,0,323.98
Monday,02 Jun 2025 18:00,326.92,0,326.92
Monday,02 Jun 2025 19:00,330.51,0,330.51
Monday,02 Jun 2025 20:00,321.6,0,321.6
Monday,02 Jun 2025 21:00,332.96,0,332.96
Monday,02 Jun 2025 22:00,332.91,0,332.91
Monday,02 Jun 2025 23:00,340.49,0,424.87
Tuesday,03 Jun 2025 0:00,341.85,0,341.85
Tuesday,03 Jun 2025 1:00,332.25,0,332.25
Tuesday,03 Jun 2025 2:00,330.44,0,330.44
Tuesday,03 Jun 2025 3:00,731.07,0,325.21
Tuesday,03 Jun 2025 4:00,333.96,0,333.96
Tuesday,03 Jun 2025 5:00,333.93,0,333.93
Tuesday,03 Jun 2025 6:00,324.34,0,324.34
Tuesday,03 Jun 2025 7:00,324.66,0,324.66
Tuesday,03 Jun 2025 8:00,354.7,0,354.7
Tuesday,03 Jun 2025 9:00,345.72,0,345.72
Tuesday,03 Jun 2025 10:00,342.61,0,342.61
Tuesday,03 Jun 2025 11:00,411.91,0,411.91
Tuesday,03 Jun 2025 12:00,388.05,0,388.05
Tuesday,03 Jun 2025 13:00,402.35,0,402.35
Tuesday,03 Jun 2025 14:00,506.15,0,506.15
Tuesday,03 Jun 2025 15:00,396.94,0,396.94
Tuesday,03 Jun 2025 16:00,355.23,0,355.23
Tuesday,03 Jun 2025 17:00,427.77,0,427.77
Tuesday,03 Jun 2025 18:00,340.29,0,340.29
Tuesday,03 Jun 2025 19:00,336.28,0,336.28
Tuesday,03 Jun 2025 20:00,326.51,0,326.51
Tuesday,03 Jun 2025 21:00,317.46,0,317.46
Tuesday,03 Jun 2025 22:00,328.31,0,328.31
Tuesday,03 Jun 2025 23:00,249.51,0,420.48
Wednesday,04 Jun 2025 0:00,412.02,0,326.53
Wednesday,04 Jun 2025 1:00,337.79,0,337.79
Wednesday,04 Jun 2025 2:00,343.05,0,343.05
Wednesday,04 Jun 2025 3:00,752.12,0,334.21
Wednesday,04 Jun 2025 4:00,334.27,0,334.27
Wednesday,04 Jun 2025 5:00,335.21,0,335.21
Wednesday,04 Jun 2025 6:00,336.26,0,336.26
Wednesday,04 Jun 2025 7:00,323.62,0,323.62
Wednesday,04 Jun 2025 8:00,683.72,0,683.72
Wednesday,04 Jun 2025 9:00,480.27,0,480.27
Wednesday,04 Jun 2025 10:00,362.96,0,362.96
Wednesday,04 Jun 2025 11:00,797.82,0,797.82
Wednesday,04 Jun 2025 12:00,790.65,0,790.65
Wednesday,04 Jun 2025 13:00,704.36,0,704.36
Wednesday,04 Jun 2025 14:00,700.34,0,700.34
Wednesday,04 Jun 2025 15:00,880.54,0,880.54
Wednesday,04 Jun 2025 16:00,"1,273",0,"1,273"
Wednesday,04 Jun 2025 17:00,636.49,0,636.49
Wednesday,04 Jun 2025 18:00,634.17,0,634.17
Wednesday,04 Jun 2025 19:00,446.76,0,446.76
Wednesday,04 Jun 2025 20:00,316.67,0,316.67
Wednesday,04 Jun 2025 21:00,411.74,0,411.74
Wednesday,04 Jun 2025 22:00,333.18,0,333.18
Wednesday,04 Jun 2025 23:00,335.81,0,422.52
Thursday,05 Jun 2025 0:00,333.83,0,333.83
Thursday,05 Jun 2025 1:00,342.8,0,342.8
Thursday,05 Jun 2025 2:00,255.1,0,338.51
Thursday,05 Jun 2025 3:00,837.13,0,332.15
Thursday,05 Jun 2025 4:00,330.75,0,330.75
Thursday,05 Jun 2025 5:00,336.83,0,336.83
Thursday,05 Jun 2025 6:00,345.17,0,345.17
Thursday,05 Jun 2025 7:00,423.87,0,423.87
Thursday,05 Jun 2025 8:00,"1,304",0,"1,304"
Thursday,05 Jun 2025 9:00,"1,856",0,"1,856"
Thursday,05 Jun 2025 10:00,"1,723",0,"1,723"
Thursday,05 Jun 2025 11:00,"1,643",0,"1,643"
Thursday,05 Jun 2025 12:00,"2,219",0,"2,219"
Thursday,05 Jun 2025 13:00,"1,757",0,"1,757"
Thursday,05 Jun 2025 14:00,"2,266",0,"2,266"
Thursday,05 Jun 2025 15:00,"2,293",0,"2,293"
Thursday,05 Jun 2025 16:00,"2,279",0,"2,279"
Thursday,05 Jun 2025 17:00,"1,964",0,"1,964"
Thursday,05 Jun 2025 18:00,"1,683",0,"1,683"
Thursday,05 Jun 2025 19:00,"1,315",0,"1,315"
Thursday,05 Jun 2025 20:00,969.61,0,969.61
Thursday,05 Jun 2025 21:00,942.4,0,942.4
Thursday,05 Jun 2025 22:00,532.77,0,532.77
Thursday,05 Jun 2025 23:00,253.48,0,422.99
Friday,06 Jun 2025 0:00,423.76,0,339
Friday,06 Jun 2025 1:00,366.39,0,366.39
Friday,06 Jun 2025 2:00,337.38,0,337.38
Friday,06 Jun 2025 3:00,749.15,0,334.51
Friday,06 Jun 2025 4:00,326.14,0,326.14
Friday,06 Jun 2025 5:00,325.65,0,325.65
Friday,06 Jun 2025 6:00,568.35,0,568.35
Friday,06 Jun 2025 7:00,743.67,0,743.67
Friday,06 Jun 2025 8:00,755.63,0,755.63
Friday,06 Jun 2025 9:00,"1,116",0,"1,116"
Friday,06 Jun 2025 10:00,"1,484",0,"1,484"
Friday,06 Jun 2025 11:00,"1,291",0,"1,291"
Friday,06 Jun 2025 12:00,"1,452",0,"1,452"
Friday,06 Jun 2025 13:00,"1,588",0,"1,588"
Friday,06 Jun 2025 14:00,"1,466",0,"1,466"
Friday,06 Jun 2025 15:00,"1,442",0,"1,442"
Friday,06 Jun 2025 16:00,"1,200",0,"1,200"
Friday,06 Jun 2025 17:00,947.55,0,947.55
Friday,06 Jun 2025 18:00,552.72,0,552.72
Friday,06 Jun 2025 19:00,405.26,0,405.26
Friday,06 Jun 2025 20:00,336.6,0,336.6
Friday,06 Jun 2025 21:00,342.48,0,342.48
Friday,06 Jun 2025 22:00,342.83,0,342.83
Friday,06 Jun 2025 23:00,241.3,0,406.02
Saturday,07 Jun 2025 0:00,415.02,0,332.65
Saturday,07 Jun 2025 1:00,335.37,0,335.37
Saturday,07 Jun 2025 2:00,337.35,0,337.35
Saturday,07 Jun 2025 3:00,741.53,0,340.17
Saturday,07 Jun 2025 4:00,336.66,0,336.66
Saturday,07 Jun 2025 5:00,324.78,0,324.78
Saturday,07 Jun 2025 6:00,330.15,0,330.15
Saturday,07 Jun 2025 7:00,325.58,0,325.58
Saturday,07 Jun 2025 8:00,423.6,0,423.6
Saturday,07 Jun 2025 9:00,399.22,0,399.22
Saturday,07 Jun 2025 10:00,714.43,0,714.43
Saturday,07 Jun 2025 11:00,541.52,0,541.52
Saturday,07 Jun 2025 12:00,307.3,0,307.3
Saturday,07 Jun 2025 13:00,341.23,0,341.23
Saturday,07 Jun 2025 14:00,329.15,0,329.15
Saturday,07 Jun 2025 15:00,342.92,0,342.92
Saturday,07 Jun 2025 16:00,390.19,0,390.19
Saturday,07 Jun 2025 17:00,319.9,0,319.9
Saturday,07 Jun 2025 18:00,326.43,0,326.43
Saturday,07 Jun 2025 19:00,330.94,0,330.94
Saturday,07 Jun 2025 20:00,340.15,0,340.15
Saturday,07 Jun 2025 21:00,343.26,0,343.26
Saturday,07 Jun 2025 22:00,344.04,0,344.04
Saturday,07 Jun 2025 23:00,252.09,0,423.83
Sunday,08 Jun 2025 0:00,423.64,0,337.77
Sunday,08 Jun 2025 1:00,329.7,0,329.7
Sunday,08 Jun 2025 2:00,326.61,0,326.61
Sunday,08 Jun 2025 3:00,740.02,0,332.25
Sunday,08 Jun 2025 4:00,330.19,0,330.19
Sunday,08 Jun 2025 5:00,332.79,0,332.79
Sunday,08 Jun 2025 6:00,331.68,0,331.68
Sunday,08 Jun 2025 7:00,334.77,0,334.77
Sunday,08 Jun 2025 8:00,346.64,0,346.64
Sunday,08 Jun 2025 9:00,363.16,0,363.16
Sunday,08 Jun 2025 10:00,324.66,0,324.66
Sunday,08 Jun 2025 11:00,338.05,0,338.05
Sunday,08 Jun 2025 12:00,333.91,0,333.91
Sunday,08 Jun 2025 13:00,327.4,0,327.4
Sunday,08 Jun 2025 14:00,329.85,0,329.85
Sunday,08 Jun 2025 15:00,332.58,0,332.58
Sunday,08 Jun 2025 16:00,348.14,0,348.14
Sunday,08 Jun 2025 17:00,332.2,0,332.2
Sunday,08 Jun 2025 18:00,321.42,0,321.42
Sunday,08 Jun 2025 19:00,326.15,0,326.15
Sunday,08 Jun 2025 20:00,330.09,0,330.09
Sunday,08 Jun 2025 21:00,339.55,0,339.55
Sunday,08 Jun 2025 22:00,326.2,0,326.2
Sunday,08 Jun 2025 23:00,250.31,0,410
Monday,09 Jun 2025 0:00,414.01,0,334.17
Monday,09 Jun 2025 1:00,336.19,0,336.19
Monday,09 Jun 2025 2:00,338.91,0,338.91
Monday,09 Jun 2025 3:00,752.53,0,333.73
Monday,09 Jun 2025 4:00,335.55,0,335.55
Monday,09 Jun 2025 5:00,322.02,0,322.02
Monday,09 Jun 2025 6:00,323.77,0,323.77
Monday,09 Jun 2025 7:00,318.94,0,318.94
Monday,09 Jun 2025 8:00,337.79,0,337.79
Monday,09 Jun 2025 9:00,332.21,0,332.21
Monday,09 Jun 2025 10:00,326.16,0,326.16
Monday,09 Jun 2025 11:00,321.89,0,321.89
Monday,09 Jun 2025 12:00,314.33,0,314.33
Monday,09 Jun 2025 13:00,318.74,0,318.74
Monday,09 Jun 2025 14:00,324.05,0,324.05
Monday,09 Jun 2025 15:00,323.29,0,323.29
Monday,09 Jun 2025 16:00,322.72,0,322.72
Monday,09 Jun 2025 17:00,318.47,0,318.47
Monday,09 Jun 2025 18:00,317.58,0,317.58
Monday,09 Jun 2025 19:00,321.46,0,321.46
Monday,09 Jun 2025 20:00,335.8,0,335.8
Monday,09 Jun 2025 21:00,335.47,0,335.47
Monday,09 Jun 2025 22:00,327.64,0,327.64
Monday,09 Jun 2025 23:00,244.92,0,402.33
Tuesday,10 Jun 2025 0:00,397.54,0,318.83
Tuesday,10 Jun 2025 1:00,327.24,0,327.24
Tuesday,10 Jun 2025 2:00,330.76,0,330.76
Tuesday,10 Jun 2025 3:00,663.73,0,332.21
Tuesday,10 Jun 2025 4:00,412.16,0,329.29
Tuesday,10 Jun 2025 5:00,324.41,0,324.41
Tuesday,10 Jun 2025 6:00,320.93,0,320.93
Tuesday,10 Jun 2025 7:00,324.91,0,324.91
Tuesday,10 Jun 2025 8:00,332.01,0,332.01
Tuesday,10 Jun 2025 9:00,320.75,0,320.75
Tuesday,10 Jun 2025 10:00,313.73,0,313.73
Tuesday,10 Jun 2025 11:00,381.91,0,381.91
Tuesday,10 Jun 2025 12:00,353.53,0,353.53
Tuesday,10 Jun 2025 13:00,338.62,0,338.62
Tuesday,10 Jun 2025 14:00,341,0,341
Tuesday,10 Jun 2025 15:00,326.83,0,326.83
Tuesday,10 Jun 2025 16:00,331.97,0,331.97
Tuesday,10 Jun 2025 17:00,349.23,0,349.23
Tuesday,10 Jun 2025 18:00,335.44,0,335.44
Tuesday,10 Jun 2025 19:00,333.33,0,333.33
Tuesday,10 Jun 2025 20:00,339.68,0,339.68
Tuesday,10 Jun 2025 21:00,333.84,0,333.84
Tuesday,10 Jun 2025 22:00,333.45,0,333.45
Tuesday,10 Jun 2025 23:00,250.02,0,417.25
Wednesday,11 Jun 2025 0:00,423.06,0,339.44
Wednesday,11 Jun 2025 1:00,337.21,0,337.21
Wednesday,11 Jun 2025 2:00,331.08,0,331.08
Wednesday,11 Jun 2025 3:00,742.15,0,330.27
Wednesday,11 Jun 2025 4:00,329.11,0,329.11
Wednesday,11 Jun 2025 5:00,333.53,0,333.53
Wednesday,11 Jun 2025 6:00,333.43,0,333.43
Wednesday,11 Jun 2025 7:00,349.74,0,349.74
Wednesday,11 Jun 2025 8:00,706.08,0,706.08
Wednesday,11 Jun 2025 9:00,632.9,0,632.9
Wednesday,11 Jun 2025 10:00,791.61,0,791.61
Wednesday,11 Jun 2025 11:00,733.1,0,733.1
Wednesday,11 Jun 2025 12:00,872.85,0,872.85
Wednesday,11 Jun 2025 13:00,820.74,0,820.74
Wednesday,11 Jun 2025 14:00,924.14,0,924.14
Wednesday,11 Jun 2025 15:00,992.42,0,992.42
Wednesday,11 Jun 2025 16:00,970.19,0,970.19
Wednesday,11 Jun 2025 17:00,751.78,0,751.78
Wednesday,11 Jun 2025 18:00,517.27,0,517.27
Wednesday,11 Jun 2025 19:00,328.29,0,328.29
Wednesday,11 Jun 2025 20:00,336.94,0,336.94
Wednesday,11 Jun 2025 21:00,328.31,0,328.31
Wednesday,11 Jun 2025 22:00,332.85,0,332.85
Wednesday,11 Jun 2025 23:00,246.24,0,411.38
Thursday,12 Jun 2025 0:00,417.8,0,335.23
Thursday,12 Jun 2025 1:00,347.56,0,347.56
Thursday,12 Jun 2025 2:00,338.85,0,338.85
Thursday,12 Jun 2025 3:00,736.98,0,331.66
Thursday,12 Jun 2025 4:00,329.76,0,329.76
Thursday,12 Jun 2025 5:00,337.03,0,337.03
Thursday,12 Jun 2025 6:00,328.92,0,328.92
Thursday,12 Jun 2025 7:00,465.31,0,465.31
Thursday,12 Jun 2025 8:00,697.97,0,697.97
Thursday,12 Jun 2025 9:00,"1,104",0,"1,104"
Thursday,12 Jun 2025 10:00,"1,583",0,"1,583"
Thursday,12 Jun 2025 11:00,"1,532",0,"1,532"
Thursday,12 Jun 2025 12:00,"1,330",0,"1,330"
Thursday,12 Jun 2025 13:00,"1,328",0,"1,328"
Thursday,12 Jun 2025 14:00,988.52,0,988.52
Thursday,12 Jun 2025 15:00,"1,016",0,"1,016"
Thursday,12 Jun 2025 16:00,977,0,977
Thursday,12 Jun 2025 17:00,"1,034",0,"1,034"
Thursday,12 Jun 2025 18:00,517.46,0,517.46
Thursday,12 Jun 2025 19:00,354.98,0,354.98
Thursday,12 Jun 2025 20:00,325.27,0,325.27
Thursday,12 Jun 2025 21:00,243.85,0,243.85
Thursday,12 Jun 2025 22:00,328.87,0,328.87
Thursday,12 Jun 2025 23:00,332.48,0,413.73
Friday,13 Jun 2025 0:00,326.99,0,326.99
Friday,13 Jun 2025 1:00,338.14,0,338.14
Friday,13 Jun 2025 2:00,334.4,0,334.4
Friday,13 Jun 2025 3:00,763.81,0,337.78
Friday,13 Jun 2025 4:00,334.7,0,334.7
Friday,13 Jun 2025 5:00,335.82,0,335.82
Friday,13 Jun 2025 6:00,333.65,0,333.65
Friday,13 Jun 2025 7:00,325.94,0,325.94
Friday,13 Jun 2025 8:00,334.07,0,334.07
Friday,13 Jun 2025 9:00,327.77,0,327.77
Friday,13 Jun 2025 10:00,338.73,0,338.73
Friday,13 Jun 2025 11:00,398.9,0,398.9
Friday,13 Jun 2025 12:00,331.89,0,331.89
Friday,13 Jun 2025 13:00,340.71,0,340.71
Friday,13 Jun 2025 14:00,344.04,0,344.04
Friday,13 Jun 2025 15:00,534.51,0,534.51
Friday,13 Jun 2025 16:00,736.71,0,736.71
Friday,13 Jun 2025 17:00,479.39,0,479.39
Friday,13 Jun 2025 18:00,440.92,0,440.92
Friday,13 Jun 2025 19:00,336.17,0,336.17
Friday,13 Jun 2025 20:00,332.04,0,332.04
Friday,13 Jun 2025 21:00,330.57,0,330.57
Friday,13 Jun 2025 22:00,333.62,0,333.62
Friday,13 Jun 2025 23:00,254.06,0,418.12
Saturday,14 Jun 2025 0:00,415.07,0,333.04
Saturday,14 Jun 2025 1:00,333.52,0,333.52
Saturday,14 Jun 2025 2:00,337.07,0,337.07
Saturday,14 Jun 2025 3:00,758.88,0,336.59
Saturday,14 Jun 2025 4:00,329.05,0,329.05
Saturday,14 Jun 2025 5:00,332.48,0,332.48
Saturday,14 Jun 2025 6:00,329.6,0,329.6
Saturday,14 Jun 2025 7:00,332.25,0,332.25
Saturday,14 Jun 2025 8:00,327.48,0,327.48
Saturday,14 Jun 2025 9:00,325.49,0,325.49
Saturday,14 Jun 2025 10:00,330.22,0,330.22
Saturday,14 Jun 2025 11:00,330.82,0,330.82
Saturday,14 Jun 2025 12:00,327.6,0,327.6
Saturday,14 Jun 2025 13:00,325.83,0,325.83
Saturday,14 Jun 2025 14:00,329.89,0,329.89
Saturday,14 Jun 2025 15:00,322.98,0,322.98
Saturday,14 Jun 2025 16:00,322.41,0,322.41
Saturday,14 Jun 2025 17:00,328.93,0,328.93
Saturday,14 Jun 2025 18:00,318.34,0,318.34
Saturday,14 Jun 2025 19:00,336.62,0,336.62
Saturday,14 Jun 2025 20:00,329.62,0,329.62
Saturday,14 Jun 2025 21:00,341.06,0,341.06
Saturday,14 Jun 2025 22:00,329.87,0,329.87
Saturday,14 Jun 2025 23:00,249.09,0,411.98
Sunday,15 Jun 2025 0:00,422.34,0,340.89
Sunday,15 Jun 2025 1:00,336.86,0,336.86
Sunday,15 Jun 2025 2:00,331.19,0,331.19
Sunday,15 Jun 2025 3:00,759.97,0,334.62
Sunday,15 Jun 2025 4:00,332.47,0,332.47
Sunday,15 Jun 2025 5:00,329.39,0,329.39
Sunday,15 Jun 2025 6:00,321.86,0,321.86
Sunday,15 Jun 2025 7:00,322.83,0,322.83
Sunday,15 Jun 2025 8:00,321.96,0,321.96
Sunday,15 Jun 2025 9:00,325.38,0,325.38
Sunday,15 Jun 2025 10:00,320.95,0,320.95
Sunday,15 Jun 2025 11:00,322.77,0,322.77
Sunday,15 Jun 2025 12:00,320.82,0,320.82
Sunday,15 Jun 2025 13:00,245.01,0,245.01
Sunday,15 Jun 2025 14:00,334.82,0,334.82
Sunday,15 Jun 2025 15:00,332.69,0,332.69
Sunday,15 Jun 2025 16:00,329.82,0,329.82
Sunday,15 Jun 2025 17:00,323.87,0,323.87
Sunday,15 Jun 2025 18:00,329.97,0,329.97
Sunday,15 Jun 2025 19:00,330.82,0,330.82
Sunday,15 Jun 2025 20:00,335.43,0,335.43
Sunday,15 Jun 2025 21:00,325.54,0,325.54
Sunday,15 Jun 2025 22:00,322.13,0,322.13
Sunday,15 Jun 2025 23:00,326.65,0,410.31
Monday,16 Jun 2025 0:00,331.2,0,331.2
Monday,16 Jun 2025 1:00,326.95,0,326.95
Monday,16 Jun 2025 2:00,328.37,0,328.37
Monday,16 Jun 2025 3:00,757.06,0,334.85
Monday,16 Jun 2025 4:00,329.48,0,329.48
Monday,16 Jun 2025 5:00,327.31,0,327.31
Monday,16 Jun 2025 6:00,320.19,0,320.19
Monday,16 Jun 2025 7:00,322.49,0,322.49
Monday,16 Jun 2025 8:00,321.48,0,321.48
Monday,16 Jun 2025 9:00,326.86,0,326.86
Monday,16 Jun 2025 10:00,443.75,0,443.75
Monday,16 Jun 2025 11:00,356.63,0,356.63
Monday,16 Jun 2025 12:00,343.45,0,343.45
Monday,16 Jun 2025 13:00,312.21,0,312.21
Monday,16 Jun 2025 14:00,321.56,0,321.56
Monday,16 Jun 2025 15:00,325,0,325
Monday,16 Jun 2025 16:00,360.69,0,360.69
Monday,16 Jun 2025 17:00,328.17,0,328.17
Monday,16 Jun 2025 18:00,328.94,0,328.94
Monday,16 Jun 2025 19:00,327.51,0,327.51
Monday,16 Jun 2025 20:00,335.73,0,335.73
Monday,16 Jun 2025 21:00,331.97,0,331.97
Monday,16 Jun 2025 22:00,326.21,0,326.21
Monday,16 Jun 2025 23:00,247.38,0,413.47
Tuesday,17 Jun 2025 0:00,410.79,0,327.74
Tuesday,17 Jun 2025 1:00,332.83,0,332.83
Tuesday,17 Jun 2025 2:00,330.67,0,330.67
Tuesday,17 Jun 2025 3:00,741.9,0,329.62
Tuesday,17 Jun 2025 4:00,326.62,0,326.62
Tuesday,17 Jun 2025 5:00,324.85,0,324.85
Tuesday,17 Jun 2025 6:00,330.57,0,330.57
Tuesday,17 Jun 2025 7:00,324.96,0,324.96
Tuesday,17 Jun 2025 8:00,425.71,0,425.71
Tuesday,17 Jun 2025 9:00,328.41,0,328.41
Tuesday,17 Jun 2025 10:00,586.46,0,586.46
Tuesday,17 Jun 2025 11:00,808.55,0,808.55
Tuesday,17 Jun 2025 12:00,628.5,0,628.5
Tuesday,17 Jun 2025 13:00,409.61,0,409.61
Tuesday,17 Jun 2025 14:00,319.01,0,319.01
Tuesday,17 Jun 2025 15:00,542.35,0,542.35
Tuesday,17 Jun 2025 16:00,830.72,0,830.72
Tuesday,17 Jun 2025 17:00,791.94,0,791.94
Tuesday,17 Jun 2025 18:00,497.24,0,497.24
Tuesday,17 Jun 2025 19:00,341.44,0,341.44
Tuesday,17 Jun 2025 20:00,376.24,0,376.24
Tuesday,17 Jun 2025 21:00,326.33,0,326.33
Tuesday,17 Jun 2025 22:00,330.4,0,330.4
Tuesday,17 Jun 2025 23:00,242.05,0,410.86
Wednesday,18 Jun 2025 0:00,418.42,0,334.02
Wednesday,18 Jun 2025 1:00,375.32,0,375.32
Wednesday,18 Jun 2025 2:00,517.97,0,517.97
Wednesday,18 Jun 2025 3:00,665.9,0,337.7
Wednesday,18 Jun 2025 4:00,411.45,0,329.4
Wednesday,18 Jun 2025 5:00,328.21,0,328.21
Wednesday,18 Jun 2025 6:00,254.63,0,254.63
Wednesday,18 Jun 2025 7:00,"1,160",0,"1,160"
Wednesday,18 Jun 2025 8:00,665.99,0,665.99
Wednesday,18 Jun 2025 9:00,794.47,0,794.47
Wednesday,18 Jun 2025 10:00,727.34,0,727.34
Wednesday,18 Jun 2025 11:00,972.47,0,972.47
Wednesday,18 Jun 2025 12:00,"1,089",0,"1,089"
Wednesday,18 Jun 2025 13:00,"1,285",0,"1,285"
Wednesday,18 Jun 2025 14:00,"1,430",0,"1,430"
Wednesday,18 Jun 2025 15:00,"1,208",0,"1,208"
Wednesday,18 Jun 2025 16:00,"1,283",0,"1,283"
Wednesday,18 Jun 2025 17:00,"1,408",0,"1,408"
Wednesday,18 Jun 2025 18:00,"1,134",0,"1,134"
Wednesday,18 Jun 2025 19:00,854.78,0,854.78
Wednesday,18 Jun 2025 20:00,452.99,0,452.99
Wednesday,18 Jun 2025 21:00,327.69,0,327.69
Wednesday,18 Jun 2025 22:00,347.67,0,347.67
Wednesday,18 Jun 2025 23:00,254.03,0,419.91
Thursday,19 Jun 2025 0:00,415.95,0,333.01
Thursday,19 Jun 2025 1:00,333.11,0,333.11
Thursday,19 Jun 2025 2:00,332.35,0,332.35
Thursday,19 Jun 2025 3:00,809.81,0,392.67
Thursday,19 Jun 2025 4:00,411.29,0,411.29
Thursday,19 Jun 2025 5:00,495.66,0,495.66
Thursday,19 Jun 2025 6:00,571.61,0,571.61
Thursday,19 Jun 2025 7:00,823.33,0,823.33
Thursday,19 Jun 2025 8:00,"1,257",0,"1,257"
Thursday,19 Jun 2025 9:00,"1,449",0,"1,449"
Thursday,19 Jun 2025 10:00,"1,884",0,"1,884"
Thursday,19 Jun 2025 11:00,"2,107",0,"2,107"
Thursday,19 Jun 2025 12:00,"2,399",0,"2,399"
Thursday,19 Jun 2025 13:00,"2,799",0,"2,799"
Thursday,19 Jun 2025 14:00,"3,017",0,"3,017"
Thursday,19 Jun 2025 15:00,"3,095",0,"3,095"
Thursday,19 Jun 2025 16:00,"3,129",0,"3,129"
Thursday,19 Jun 2025 17:00,"2,896",0,"2,896"
Thursday,19 Jun 2025 18:00,"2,613",0,"2,613"
Thursday,19 Jun 2025 19:00,"1,827",0,"1,827"
Thursday,19 Jun 2025 20:00,"1,590",0,"1,590"
Thursday,19 Jun 2025 21:00,"1,119",0,"1,119"
Thursday,19 Jun 2025 22:00,"1,023",0,"1,023"
Thursday,19 Jun 2025 23:00,907.95,0,"1,590"
Friday,20 Jun 2025 0:00,"1,427",0,"1,085"
Friday,20 Jun 2025 1:00,844.56,0,844.56
Friday,20 Jun 2025 2:00,483.4,0,483.4
Friday,20 Jun 2025 3:00,"1,826",0,630.72
Friday,20 Jun 2025 4:00,517.28,0,517.28
Friday,20 Jun 2025 5:00,368.35,0,368.35
Friday,20 Jun 2025 6:00,406.92,0,406.92
Friday,20 Jun 2025 7:00,332.96,0,332.96
Friday,20 Jun 2025 8:00,358.44,0,358.44
Friday,20 Jun 2025 9:00,401,0,401
Friday,20 Jun 2025 10:00,438.52,0,438.52
Friday,20 Jun 2025 11:00,342.27,0,342.27
Friday,20 Jun 2025 12:00,422.77,0,422.77
Friday,20 Jun 2025 13:00,383.97,0,383.97
Friday,20 Jun 2025 14:00,363.61,0,363.61
Friday,20 Jun 2025 15:00,505.97,0,505.97
Friday,20 Jun 2025 16:00,489.53,0,489.53
Friday,20 Jun 2025 17:00,504.38,0,504.38
Friday,20 Jun 2025 18:00,352.29,0,352.29
Friday,20 Jun 2025 19:00,341.1,0,341.1
Friday,20 Jun 2025 20:00,337.25,0,337.25
Friday,20 Jun 2025 21:00,333.78,0,333.78
Friday,20 Jun 2025 22:00,251.32,0,251.32
Friday,20 Jun 2025 23:00,339.43,0,424.55
Saturday,21 Jun 2025 0:00,332.93,0,332.93
Saturday,21 Jun 2025 1:00,329.22,0,329.22
Saturday,21 Jun 2025 2:00,330.14,0,330.14
Saturday,21 Jun 2025 3:00,647.5,0,330.53
Saturday,21 Jun 2025 4:00,243.52,0,243.52
Saturday,21 Jun 2025 5:00,326.42,0,326.42
Saturday,21 Jun 2025 6:00,325.16,0,325.16
Saturday,21 Jun 2025 7:00,323.13,0,323.13
Saturday,21 Jun 2025 8:00,324.97,0,324.97
Saturday,21 Jun 2025 9:00,370.89,0,370.89
Saturday,21 Jun 2025 10:00,341.05,0,341.05
Saturday,21 Jun 2025 11:00,432.48,0,432.48
Saturday,21 Jun 2025 12:00,381.07,0,381.07
Saturday,21 Jun 2025 13:00,326.96,0,326.96
Saturday,21 Jun 2025 14:00,342.95,0,342.95
Saturday,21 Jun 2025 15:00,358.85,0,358.85
Saturday,21 Jun 2025 16:00,643.26,0,643.26
Saturday,21 Jun 2025 17:00,358.85,0,358.85
Saturday,21 Jun 2025 18:00,418.14,0,418.14
Saturday,21 Jun 2025 19:00,333.5,0,333.5
Saturday,21 Jun 2025 20:00,334.72,0,334.72
Saturday,21 Jun 2025 21:00,332.31,0,332.31
Saturday,21 Jun 2025 22:00,328.59,0,328.59
Saturday,21 Jun 2025 23:00,248.41,0,415.21
Sunday,22 Jun 2025 0:00,410.8,0,327.4
Sunday,22 Jun 2025 1:00,326.25,0,326.25
Sunday,22 Jun 2025 2:00,340.96,0,340.96
Sunday,22 Jun 2025 3:00,642.33,0,321.19
Sunday,22 Jun 2025 4:00,416.59,0,336.3
Sunday,22 Jun 2025 5:00,344.72,0,344.72
Sunday,22 Jun 2025 6:00,329.35,0,329.35
Sunday,22 Jun 2025 7:00,331.33,0,331.33
Sunday,22 Jun 2025 8:00,375.19,0,375.19
Sunday,22 Jun 2025 9:00,531.47,0,531.47
Sunday,22 Jun 2025 10:00,772.52,0,772.52
Sunday,22 Jun 2025 11:00,"1,154",0,"1,154"
Sunday,22 Jun 2025 12:00,"1,520",0,"1,520"
Sunday,22 Jun 2025 13:00,"1,862",0,"1,862"
Sunday,22 Jun 2025 14:00,"2,413",0,"2,413"
Sunday,22 Jun 2025 15:00,"2,369",0,"2,369"
Sunday,22 Jun 2025 16:00,"2,382",0,"2,382"
Sunday,22 Jun 2025 17:00,"2,236",0,"2,236"
Sunday,22 Jun 2025 18:00,"2,045",0,"2,045"
Sunday,22 Jun 2025 19:00,"1,684",0,"1,684"
Sunday,22 Jun 2025 20:00,"1,483",0,"1,483"
Sunday,22 Jun 2025 21:00,"1,161",0,"1,161"
Sunday,22 Jun 2025 22:00,"1,028",0,"1,028"
Sunday,22 Jun 2025 23:00,857.81,0,"1,294"
Monday,23 Jun 2025 0:00,"1,063",0,844.47
Monday,23 Jun 2025 1:00,678.91,0,678.91
Monday,23 Jun 2025 2:00,521.42,0,521.42
Monday,23 Jun 2025 3:00,770.85,0,346.98
Monday,23 Jun 2025 4:00,339.91,0,339.91
Monday,23 Jun 2025 5:00,445.12,0,445.12
Monday,23 Jun 2025 6:00,925.58,0,925.58
Monday,23 Jun 2025 7:00,"1,755",0,"1,755"
Monday,23 Jun 2025 8:00,"2,332",0,"2,332"
Monday,23 Jun 2025 9:00,"2,504",0,"2,504"
Monday,23 Jun 2025 10:00,"2,951",0,"2,951"
Monday,23 Jun 2025 11:00,"3,141",0,"3,141"
Monday,23 Jun 2025 12:00,"3,600",0,"3,600"
Monday,23 Jun 2025 13:00,"3,772",0,"3,772"
Monday,23 Jun 2025 14:00,"3,675",0,"3,675"
Monday,23 Jun 2025 15:00,"3,815",0,"3,815"
Monday,23 Jun 2025 16:00,"4,024",0,"4,024"
Monday,23 Jun 2025 17:00,"5,099",0,"5,099"
Monday,23 Jun 2025 18:00,"3,336",0,"3,336"
Monday,23 Jun 2025 19:00,"3,003",0,"3,003"
Monday,23 Jun 2025 20:00,"3,099",0,"3,099"
Monday,23 Jun 2025 21:00,"2,745",0,"2,745"
Monday,23 Jun 2025 22:00,"2,521",0,"2,521"
Monday,23 Jun 2025 23:00,"1,899",0,"3,126"
Tuesday,24 Jun 2025 0:00,"3,133",0,"2,519"
Tuesday,24 Jun 2025 1:00,"2,625",0,"2,625"
Tuesday,24 Jun 2025 2:00,"2,422",0,"2,422"
Tuesday,24 Jun 2025 3:00,"4,843",0,"2,249"
Tuesday,24 Jun 2025 4:00,"2,106",0,"2,106"
Tuesday,24 Jun 2025 5:00,"2,119",0,"2,119"
Tuesday,24 Jun 2025 6:00,"2,495",0,"2,495"
Tuesday,24 Jun 2025 7:00,"2,877",0,"2,877"
Tuesday,24 Jun 2025 8:00,"3,333",0,"3,333"
Tuesday,24 Jun 2025 9:00,"3,380",0,"3,380"
Tuesday,24 Jun 2025 10:00,"3,549",0,"3,549"
Tuesday,24 Jun 2025 11:00,"3,741",0,"3,741"
Tuesday,24 Jun 2025 12:00,"3,523",0,"3,523"
Tuesday,24 Jun 2025 13:00,"3,773",0,"3,773"
Tuesday,24 Jun 2025 14:00,"3,903",0,"3,903"
Tuesday,24 Jun 2025 15:00,"3,943",0,"3,943"
Tuesday,24 Jun 2025 16:00,"4,026",0,"4,026"
Tuesday,24 Jun 2025 17:00,"3,748",0,"3,748"
Tuesday,24 Jun 2025 18:00,"3,120",0,"3,120"
Tuesday,24 Jun 2025 19:00,"3,066",0,"3,066"
Tuesday,24 Jun 2025 20:00,"2,919",0,"2,919"
Tuesday,24 Jun 2025 21:00,"3,920",0,"3,920"
Tuesday,24 Jun 2025 22:00,"2,508",0,"2,508"
Tuesday,24 Jun 2025 23:00,"1,734",0,"3,021"
Wednesday,25 Jun 2025 0:00,"2,989",0,"2,345"
Wednesday,25 Jun 2025 1:00,"1,897",0,"1,897"
Wednesday,25 Jun 2025 2:00,"1,771",0,"1,771"
Wednesday,25 Jun 2025 3:00,"3,717",0,"1,667"
Wednesday,25 Jun 2025 4:00,"1,635",0,"1,635"
Wednesday,25 Jun 2025 5:00,"1,502",0,"1,502"
Wednesday,25 Jun 2025 6:00,"2,259",0,"2,259"
Wednesday,25 Jun 2025 7:00,"2,829",0,"2,829"
Wednesday,25 Jun 2025 8:00,"3,375",0,"3,375"
Wednesday,25 Jun 2025 9:00,"3,101",0,"3,101"
Wednesday,25 Jun 2025 10:00,"3,292",0,"3,292"
Wednesday,25 Jun 2025 11:00,"3,346",0,"3,346"
Wednesday,25 Jun 2025 12:00,"3,125",0,"3,125"
Wednesday,25 Jun 2025 13:00,"3,081",0,"3,081"
Wednesday,25 Jun 2025 14:00,"3,006",0,"3,006"
Wednesday,25 Jun 2025 15:00,"2,913",0,"2,913"
Wednesday,25 Jun 2025 16:00,"2,894",0,"2,894"
Wednesday,25 Jun 2025 17:00,"3,020",0,"3,020"
Wednesday,25 Jun 2025 18:00,"2,347",0,"2,347"
Wednesday,25 Jun 2025 19:00,"1,256",0,"1,256"
Wednesday,25 Jun 2025 20:00,759.92,0,759.92
Wednesday,25 Jun 2025 21:00,723.56,0,723.56
Wednesday,25 Jun 2025 22:00,684.87,0,684.87
Wednesday,25 Jun 2025 23:00,498.43,0,926.85
Thursday,26 Jun 2025 0:00,963.36,0,749.15
Thursday,26 Jun 2025 1:00,352.37,0,352.37
Thursday,26 Jun 2025 2:00,328.22,0,328.22
Thursday,26 Jun 2025 3:00,753.22,0,337.22
Thursday,26 Jun 2025 4:00,330.78,0,330.78
Thursday,26 Jun 2025 5:00,329.41,0,329.41
Thursday,26 Jun 2025 6:00,328.86,0,328.86
Thursday,26 Jun 2025 7:00,326.76,0,326.76
Thursday,26 Jun 2025 8:00,335.31,0,335.31
Thursday,26 Jun 2025 9:00,345.06,0,345.06
Thursday,26 Jun 2025 10:00,335.4,0,335.4
Thursday,26 Jun 2025 11:00,326,0,326
Thursday,26 Jun 2025 12:00,323.44,0,323.44
Thursday,26 Jun 2025 13:00,320.01,0,320.01
Thursday,26 Jun 2025 14:00,331.28,0,331.28
Thursday,26 Jun 2025 15:00,324.08,0,324.08
Thursday,26 Jun 2025 16:00,326.48,0,326.48
Thursday,26 Jun 2025 17:00,331.94,0,331.94
Thursday,26 Jun 2025 18:00,330.44,0,330.44
Thursday,26 Jun 2025 19:00,321.36,0,321.36
Thursday,26 Jun 2025 20:00,336.27,0,336.27
Thursday,26 Jun 2025 21:00,323.11,0,323.11
Thursday,26 Jun 2025 22:00,326.28,0,326.28
Thursday,26 Jun 2025 23:00,249.62,0,413.9
Friday,27 Jun 2025 0:00,418.95,0,336.81
Friday,27 Jun 2025 1:00,326.44,0,326.44
Friday,27 Jun 2025 2:00,247.08,0,326.97
Friday,27 Jun 2025 3:00,810.97,0,325.63
Friday,27 Jun 2025 4:00,331.83,0,331.83
Friday,27 Jun 2025 5:00,323.07,0,323.07
Friday,27 Jun 2025 6:00,321.91,0,321.91
Friday,27 Jun 2025 7:00,331.34,0,331.34
Friday,27 Jun 2025 8:00,363.31,0,363.31
Friday,27 Jun 2025 9:00,325.78,0,325.78
Friday,27 Jun 2025 10:00,434.64,0,434.64
Friday,27 Jun 2025 11:00,363.4,0,363.4
Friday,27 Jun 2025 12:00,405.34,0,405.34
Friday,27 Jun 2025 13:00,319.86,0,319.86
Friday,27 Jun 2025 14:00,318.14,0,318.14
Friday,27 Jun 2025 15:00,318.75,0,318.75
Friday,27 Jun 2025 16:00,314.53,0,314.53
Friday,27 Jun 2025 17:00,245.18,0,245.18
Friday,27 Jun 2025 18:00,326.74,0,326.74
Friday,27 Jun 2025 19:00,332.47,0,332.47
Friday,27 Jun 2025 20:00,329.63,0,329.63
Friday,27 Jun 2025 21:00,331.67,0,331.67
Friday,27 Jun 2025 22:00,333.19,0,333.19
Friday,27 Jun 2025 23:00,246.14,0,409.23
Saturday,28 Jun 2025 0:00,413.26,0,331.71
Saturday,28 Jun 2025 1:00,327.07,0,327.07
Saturday,28 Jun 2025 2:00,327.27,0,327.27
Saturday,28 Jun 2025 3:00,764.32,0,337.84
Saturday,28 Jun 2025 4:00,324.98,0,324.98
Saturday,28 Jun 2025 5:00,324.97,0,324.97
Saturday,28 Jun 2025 6:00,326.03,0,326.03
Saturday,28 Jun 2025 7:00,320.26,0,320.26
Saturday,28 Jun 2025 8:00,327.29,0,327.29
Saturday,28 Jun 2025 9:00,327.58,0,327.58
Saturday,28 Jun 2025 10:00,328.19,0,328.19
Saturday,28 Jun 2025 11:00,331.51,0,331.51
Saturday,28 Jun 2025 12:00,327.79,0,327.79
Saturday,28 Jun 2025 13:00,328.54,0,328.54
Saturday,28 Jun 2025 14:00,332.56,0,332.56
Saturday,28 Jun 2025 15:00,329.93,0,329.93
Saturday,28 Jun 2025 16:00,331.98,0,331.98
Saturday,28 Jun 2025 17:00,335.32,0,335.32
Saturday,28 Jun 2025 18:00,335.61,0,335.61
Saturday,28 Jun 2025 19:00,332.06,0,332.06
Saturday,28 Jun 2025 20:00,326.14,0,326.14
Saturday,28 Jun 2025 21:00,320.56,0,320.56
Saturday,28 Jun 2025 22:00,330.55,0,330.55
Saturday,28 Jun 2025 23:00,251.44,0,416.76
Sunday,29 Jun 2025 0:00,412.53,0,329.87
Sunday,29 Jun 2025 1:00,335.4,0,335.4
Sunday,29 Jun 2025 2:00,331.37,0,331.37
Sunday,29 Jun 2025 3:00,742.15,0,332.75
Sunday,29 Jun 2025 4:00,333.78,0,333.78
Sunday,29 Jun 2025 5:00,326.25,0,326.25
Sunday,29 Jun 2025 6:00,324.7,0,324.7
Sunday,29 Jun 2025 7:00,328.07,0,328.07
Sunday,29 Jun 2025 8:00,461.73,0,461.73
Sunday,29 Jun 2025 9:00,466.48,0,466.48
Sunday,29 Jun 2025 10:00,395.18,0,395.18
Sunday,29 Jun 2025 11:00,323.18,0,323.18
Sunday,29 Jun 2025 12:00,323.59,0,323.59
Sunday,29 Jun 2025 13:00,323.53,0,323.53
Sunday,29 Jun 2025 14:00,350.23,0,350.23
Sunday,29 Jun 2025 15:00,327.49,0,327.49
Sunday,29 Jun 2025 16:00,341.15,0,341.15
Sunday,29 Jun 2025 17:00,406.14,0,406.14
Sunday,29 Jun 2025 18:00,329.73,0,329.73
Sunday,29 Jun 2025 19:00,326.36,0,326.36
Sunday,29 Jun 2025 20:00,330.01,0,330.01
Sunday,29 Jun 2025 21:00,330.66,0,330.66
Sunday,29 Jun 2025 22:00,332.24,0,332.24
Sunday,29 Jun 2025 23:00,248.73,0,416.45
Monday,30 Jun 2025 0:00,415.65,0,331.79
Monday,30 Jun 2025 1:00,328.86,0,328.86
Monday,30 Jun 2025 2:00,334.03,0,334.03
Monday,30 Jun 2025 3:00,647,0,325.48
Monday,30 Jun 2025 4:00,397.82,0,317.44
Monday,30 Jun 2025 5:00,320.58,0,320.58
Monday,30 Jun 2025 6:00,244.85,0,244.85
Monday,30 Jun 2025 7:00,479.05,0,479.05
Monday,30 Jun 2025 8:00,495.63,0,495.63
Monday,30 Jun 2025 9:00,680.79,0,680.79
Monday,30 Jun 2025 10:00,969.71,0,969.71
Monday,30 Jun 2025 11:00,"1,021",0,"1,021"
Monday,30 Jun 2025 12:00,"1,192",0,"1,192"
Monday,30 Jun 2025 13:00,"1,268",0,"1,268"
Monday,30 Jun 2025 14:00,"1,354",0,"1,354"
Monday,30 Jun 2025 15:00,"1,597",0,"1,597"
Monday,30 Jun 2025 16:00,"1,482",0,"1,482"
Monday,30 Jun 2025 17:00,"2,523",0,"2,523"
Monday,30 Jun 2025 18:00,"1,149",0,"1,149"
Monday,30 Jun 2025 19:00,630.38,0,630.38
Monday,30 Jun 2025 20:00,354.56,0,354.56
Monday,30 Jun 2025 21:00,332.3,0,332.3
Monday,30 Jun 2025 22:00,337.46,0,337.46
Monday,30 Jun 2025 23:00,330.57,0,511.23
Tuesday,01 Jul 2025 0:00,470.67,0,380.34
Tuesday,01 Jul 2025 1:00,374.91,0,374.91
Tuesday,01 Jul 2025 2:00,370.09,0,370.09
Tuesday,01 Jul 2025 3:00,777.22,0,350.46
Tuesday,01 Jul 2025 4:00,330.73,0,330.73
Tuesday,01 Jul 2025 5:00,371.59,0,371.59
Tuesday,01 Jul 2025 6:00,"1,048",0,"1,048"
Tuesday,01 Jul 2025 7:00,"1,558",0,"1,558"
Tuesday,01 Jul 2025 8:00,"2,029",0,"2,029"
Tuesday,01 Jul 2025 9:00,"2,468",0,"2,468"
Tuesday,01 Jul 2025 10:00,"2,382",0,"2,382"
Tuesday,01 Jul 2025 11:00,"2,604",0,"2,604"
Tuesday,01 Jul 2025 12:00,"2,595",0,"2,595"
Tuesday,01 Jul 2025 13:00,"2,762",0,"2,762"
Tuesday,01 Jul 2025 14:00,"3,476",0,"3,476"
Tuesday,01 Jul 2025 15:00,"3,239",0,"3,239"
Tuesday,01 Jul 2025 16:00,"3,332",0,"3,332"
Tuesday,01 Jul 2025 17:00,"3,379",0,"3,379"
Tuesday,01 Jul 2025 18:00,"3,082",0,"3,082"
Tuesday,01 Jul 2025 19:00,"2,320",0,"2,320"
Tuesday,01 Jul 2025 20:00,"1,764",0,"1,764"
Tuesday,01 Jul 2025 21:00,"1,653",0,"1,653"
Tuesday,01 Jul 2025 22:00,"1,454",0,"1,454"
Tuesday,01 Jul 2025 23:00,893.28,0,"1,420"
Wednesday,02 Jul 2025 0:00,"1,312",0,"1,049"
Wednesday,02 Jul 2025 1:00,929.2,0,929.2
Wednesday,02 Jul 2025 2:00,702.69,0,902.44
Wednesday,02 Jul 2025 3:00,"1,767",0,780.32
Wednesday,02 Jul 2025 4:00,912.47,0,912.47
Wednesday,02 Jul 2025 5:00,711.01,0,711.01
Wednesday,02 Jul 2025 6:00,"1,583",0,"1,583"
Wednesday,02 Jul 2025 7:00,"3,088",0,"3,088"
Wednesday,02 Jul 2025 8:00,"2,368",0,"2,368"
Wednesday,02 Jul 2025 9:00,"2,399",0,"2,399"
Wednesday,02 Jul 2025 10:00,"2,613",0,"2,613"
Wednesday,02 Jul 2025 11:00,"2,446",0,"2,446"
Wednesday,02 Jul 2025 12:00,"2,326",0,"2,326"
Wednesday,02 Jul 2025 13:00,"2,491",0,"2,491"
Wednesday,02 Jul 2025 14:00,"2,063",0,"2,063"
Wednesday,02 Jul 2025 15:00,"2,229",0,"2,229"
Wednesday,02 Jul 2025 16:00,"2,635",0,"2,635"
Wednesday,02 Jul 2025 17:00,"2,380",0,"2,380"
Wednesday,02 Jul 2025 18:00,"1,825",0,"1,825"
Wednesday,02 Jul 2025 19:00,"1,438",0,"1,438"
Wednesday,02 Jul 2025 20:00,"1,158",0,"1,158"
Wednesday,02 Jul 2025 21:00,711.29,0,711.29
Wednesday,02 Jul 2025 22:00,421.37,0,421.37
Wednesday,02 Jul 2025 23:00,507.91,0,622.25
Thursday,03 Jul 2025 0:00,347.8,0,347.8
Thursday,03 Jul 2025 1:00,389.68,0,389.68
Thursday,03 Jul 2025 2:00,368.48,0,368.48
Thursday,03 Jul 2025 3:00,744.44,0,328.34
Thursday,03 Jul 2025 4:00,327.05,0,327.05
Thursday,03 Jul 2025 5:00,357.58,0,357.58
Thursday,03 Jul 2025 6:00,420.99,0,420.99
Thursday,03 Jul 2025 7:00,953.75,0,953.75
Thursday,03 Jul 2025 8:00,"1,447",0,"1,447"
Thursday,03 Jul 2025 9:00,"1,696",0,"1,696"
Thursday,03 Jul 2025 10:00,"1,727",0,"1,727"
Thursday,03 Jul 2025 11:00,"1,420",0,"1,420"
Thursday,03 Jul 2025 12:00,"1,402",0,"1,402"
Thursday,03 Jul 2025 13:00,"1,259",0,"1,259"
Thursday,03 Jul 2025 14:00,"1,590",0,"1,590"
Thursday,03 Jul 2025 15:00,"1,711",0,"1,711"
Thursday,03 Jul 2025 16:00,"1,678",0,"1,678"
Thursday,03 Jul 2025 17:00,"1,707",0,"1,707"
Thursday,03 Jul 2025 18:00,"1,136",0,"1,136"
Thursday,03 Jul 2025 19:00,668.88,0,668.88
Thursday,03 Jul 2025 20:00,345.63,0,345.63
Thursday,03 Jul 2025 21:00,335.58,0,335.58
Thursday,03 Jul 2025 22:00,328.09,0,328.09
Thursday,03 Jul 2025 23:00,323.11,0,323.11
Friday,04 Jul 2025 0:00,323.14,0,323.14
Friday,04 Jul 2025 1:00,328.69,0,328.69
Friday,04 Jul 2025 2:00,334.32,0,334.32
Friday,04 Jul 2025 3:00,657.37,0,332.06
Friday,04 Jul 2025 4:00,336.42,0,336.42
Friday,04 Jul 2025 5:00,333.84,0,333.84
Friday,04 Jul 2025 6:00,364.64,0,364.64
Friday,04 Jul 2025 7:00,374.16,0,374.16
Friday,04 Jul 2025 8:00,377.46,0,377.46
Friday,04 Jul 2025 9:00,322.82,0,322.82
Friday,04 Jul 2025 10:00,321.92,0,321.92
Friday,04 Jul 2025 11:00,326.2,0,326.2
Friday,04 Jul 2025 12:00,327.73,0,327.73
Friday,04 Jul 2025 13:00,324.43,0,324.43
Friday,04 Jul 2025 14:00,329.04,0,329.04
Friday,04 Jul 2025 15:00,354.03,0,354.03
Friday,04 Jul 2025 16:00,548.2,0,548.2
Friday,04 Jul 2025 17:00,333.52,0,333.52
Friday,04 Jul 2025 18:00,359.09,0,359.09
Friday,04 Jul 2025 19:00,332.56,0,332.56
Friday,04 Jul 2025 20:00,339.23,0,339.23
Friday,04 Jul 2025 21:00,335.45,0,335.45
Friday,04 Jul 2025 22:00,339.21,0,339.21
Friday,04 Jul 2025 23:00,252.31,0,334.99
Saturday,05 Jul 2025 0:00,413.34,0,330.67
Saturday,05 Jul 2025 1:00,328.65,0,328.65
Saturday,05 Jul 2025 2:00,325.86,0,325.86
Saturday,05 Jul 2025 3:00,654.08,0,325.29
Saturday,05 Jul 2025 4:00,325.02,0,325.02
Saturday,05 Jul 2025 5:00,332.86,0,332.86
Saturday,05 Jul 2025 6:00,331.34,0,331.34
Saturday,05 Jul 2025 7:00,334.53,0,334.53
Saturday,05 Jul 2025 8:00,333.08,0,333.08
Saturday,05 Jul 2025 9:00,356.99,0,356.99
Saturday,05 Jul 2025 10:00,370.74,0,370.74
Saturday,05 Jul 2025 11:00,360.08,0,360.08
Saturday,05 Jul 2025 12:00,460.64,0,460.64
Saturday,05 Jul 2025 13:00,573.57,0,573.57
Saturday,05 Jul 2025 14:00,396.79,0,396.79
Saturday,05 Jul 2025 15:00,347.15,0,347.15
Saturday,05 Jul 2025 16:00,359.89,0,359.89
Saturday,05 Jul 2025 17:00,750.05,0,750.05
Saturday,05 Jul 2025 18:00,506.32,0,506.32
Saturday,05 Jul 2025 19:00,319.43,0,319.43
Saturday,05 Jul 2025 20:00,320.92,0,320.92
Saturday,05 Jul 2025 21:00,328.42,0,328.42
Saturday,05 Jul 2025 22:00,333.64,0,333.64
Saturday,05 Jul 2025 23:00,330.64,0,330.64
Sunday,06 Jul 2025 0:00,335.54,0,335.54
Sunday,06 Jul 2025 1:00,338.54,0,338.54
Sunday,06 Jul 2025 2:00,333.45,0,333.45
Sunday,06 Jul 2025 3:00,667.26,0,330.51
Sunday,06 Jul 2025 4:00,327.25,0,327.25
Sunday,06 Jul 2025 5:00,324.46,0,324.46
Sunday,06 Jul 2025 6:00,322.46,0,322.46
Sunday,06 Jul 2025 7:00,323.44,0,323.44
Sunday,06 Jul 2025 8:00,721.13,0,721.13
Sunday,06 Jul 2025 9:00,"1,089",0,"1,089"
Sunday,06 Jul 2025 10:00,"1,510",0,"1,510"
Sunday,06 Jul 2025 11:00,"1,730",0,"1,730"
Sunday,06 Jul 2025 12:00,"1,997",0,"1,997"
Sunday,06 Jul 2025 13:00,"2,537",0,"2,537"
Sunday,06 Jul 2025 14:00,"2,637",0,"2,637"
Sunday,06 Jul 2025 15:00,"2,669",0,"2,669"
Sunday,06 Jul 2025 16:00,"2,651",0,"2,651"
Sunday,06 Jul 2025 17:00,"2,564",0,"2,564"
Sunday,06 Jul 2025 18:00,"2,274",0,"2,274"
Sunday,06 Jul 2025 19:00,"1,920",0,"1,920"
Sunday,06 Jul 2025 20:00,"1,665",0,"1,665"
Sunday,06 Jul 2025 21:00,"1,224",0,"1,224"
Sunday,06 Jul 2025 22:00,823.2,0,823.2
Sunday,06 Jul 2025 23:00,596.3,0,701.61
Monday,07 Jul 2025 0:00,582.1,0,476.79
Monday,07 Jul 2025 1:00,330.92,0,330.92
Monday,07 Jul 2025 2:00,342.54,0,342.54
Monday,07 Jul 2025 3:00,673.76,0,337.47
Monday,07 Jul 2025 4:00,333.98,0,333.98
Monday,07 Jul 2025 5:00,331.54,0,331.54
Monday,07 Jul 2025 6:00,942.76,0,942.76
Monday,07 Jul 2025 7:00,"1,609",0,"1,609"
Monday,07 Jul 2025 8:00,"2,160",0,"2,160"
Monday,07 Jul 2025 9:00,"2,542",0,"2,542"
Monday,07 Jul 2025 10:00,"2,869",0,"2,869"
Monday,07 Jul 2025 11:00,"2,923",0,"2,923"
Monday,07 Jul 2025 12:00,"2,998",0,"2,998"
Monday,07 Jul 2025 13:00,"2,841",0,"2,841"
Monday,07 Jul 2025 14:00,"2,975",0,"2,975"
Monday,07 Jul 2025 15:00,"3,043",0,"3,043"
Monday,07 Jul 2025 16:00,"4,652",0,"4,652"
Monday,07 Jul 2025 17:00,"5,402",0,"5,402"
Monday,07 Jul 2025 18:00,"7,107",0,"7,107"
Monday,07 Jul 2025 19:00,"6,360",0,"6,360"
Monday,07 Jul 2025 20:00,"6,351",0,"6,351"
Monday,07 Jul 2025 21:00,"5,666",0,"5,666"
Monday,07 Jul 2025 22:00,"5,701",0,"5,701"
Monday,07 Jul 2025 23:00,"4,171",0,"5,538"
Tuesday,08 Jul 2025 0:00,"6,917",0,"5,550"
Tuesday,08 Jul 2025 1:00,"5,511",0,"5,511"
Tuesday,08 Jul 2025 2:00,"5,453",0,"5,453"
Tuesday,08 Jul 2025 3:00,"11,059",0,"5,431"
Tuesday,08 Jul 2025 4:00,"5,581",0,"5,581"
Tuesday,08 Jul 2025 5:00,"5,434",0,"5,434"
Tuesday,08 Jul 2025 6:00,"5,971",0,"5,971"
Tuesday,08 Jul 2025 7:00,"2,515",0,"2,515"
Tuesday,08 Jul 2025 8:00,"2,888",0,"2,888"
Tuesday,08 Jul 2025 9:00,"2,929",0,"2,929"
Tuesday,08 Jul 2025 10:00,"2,832",0,"2,832"
Tuesday,08 Jul 2025 11:00,"2,851",0,"2,851"
Tuesday,08 Jul 2025 12:00,"3,055",0,"3,055"
Tuesday,08 Jul 2025 13:00,"2,966",0,"2,966"
Tuesday,08 Jul 2025 14:00,"2,830",0,"2,830"
Tuesday,08 Jul 2025 15:00,"2,080",0,"2,080"
Tuesday,08 Jul 2025 16:00,"2,743",0,"2,743"
Tuesday,08 Jul 2025 17:00,"2,809",0,"2,809"
Tuesday,08 Jul 2025 18:00,"2,391",0,"2,391"
Tuesday,08 Jul 2025 19:00,"1,816",0,"1,816"
Tuesday,08 Jul 2025 20:00,"1,026",0,"1,026"
Tuesday,08 Jul 2025 21:00,754.14,0,754.14
Tuesday,08 Jul 2025 22:00,573.87,0,573.87
Tuesday,08 Jul 2025 23:00,493.6,0,493.6
Wednesday,09 Jul 2025 0:00,434.19,0,434.19
Wednesday,09 Jul 2025 1:00,711.82,0,711.82
Wednesday,09 Jul 2025 2:00,460.6,0,460.6
Wednesday,09 Jul 2025 3:00,"1,020",0,422.52
Wednesday,09 Jul 2025 4:00,638.77,0,638.77
Wednesday,09 Jul 2025 5:00,357.41,0,357.41
Wednesday,09 Jul 2025 6:00,687.53,0,687.53
Wednesday,09 Jul 2025 7:00,506.99,0,506.99
Wednesday,09 Jul 2025 8:00,367.62,0,367.62
Wednesday,09 Jul 2025 9:00,512.15,0,512.15
Wednesday,09 Jul 2025 10:00,428.81,0,428.81
Wednesday,09 Jul 2025 11:00,489.3,0,489.3
Wednesday,09 Jul 2025 12:00,493.81,0,493.81
Wednesday,09 Jul 2025 13:00,832.21,0,832.21
Wednesday,09 Jul 2025 14:00,637.44,0,637.44
Wednesday,09 Jul 2025 15:00,625.4,0,625.4
Wednesday,09 Jul 2025 16:00,545.78,0,545.78
Wednesday,09 Jul 2025 17:00,480.1,0,480.1
Wednesday,09 Jul 2025 18:00,360.88,0,360.88
Wednesday,09 Jul 2025 19:00,326,0,326
Wednesday,09 Jul 2025 20:00,325.87,0,325.87
Wednesday,09 Jul 2025 21:00,327.86,0,327.86
Wednesday,09 Jul 2025 22:00,325.36,0,325.36
Wednesday,09 Jul 2025 23:00,243.67,0,325.1
Thursday,10 Jul 2025 0:00,411.06,0,329.63
Thursday,10 Jul 2025 1:00,331.06,0,331.06
Thursday,10 Jul 2025 2:00,330.19,0,330.19
Thursday,10 Jul 2025 3:00,658.1,0,328.53
Thursday,10 Jul 2025 4:00,331.32,0,331.32
Thursday,10 Jul 2025 5:00,335.37,0,335.37
Thursday,10 Jul 2025 6:00,325.73,0,325.73
Thursday,10 Jul 2025 7:00,317.6,0,317.6
Thursday,10 Jul 2025 8:00,416.27,0,416.27
Thursday,10 Jul 2025 9:00,417.03,0,417.03
Thursday,10 Jul 2025 10:00,389.76,0,389.76
Thursday,10 Jul 2025 11:00,382.45,0,382.45
Thursday,10 Jul 2025 12:00,354.86,0,354.86
Thursday,10 Jul 2025 13:00,375.15,0,375.15
Thursday,10 Jul 2025 14:00,323.74,0,323.74
Thursday,10 Jul 2025 15:00,321.17,0,321.17
Thursday,10 Jul 2025 16:00,324.56,0,324.56
Thursday,10 Jul 2025 17:00,322.62,0,322.62
Thursday,10 Jul 2025 18:00,329.23,0,329.23
Thursday,10 Jul 2025 19:00,326.54,0,326.54
Thursday,10 Jul 2025 20:00,331.52,0,331.52
Thursday,10 Jul 2025 21:00,332.89,0,332.89
Thursday,10 Jul 2025 22:00,331.7,0,331.7
Thursday,10 Jul 2025 23:00,246.97,0,328.86
Friday,11 Jul 2025 0:00,414.02,0,332.13
Friday,11 Jul 2025 1:00,328.95,0,328.95
Friday,11 Jul 2025 2:00,329.86,0,329.86
Friday,11 Jul 2025 3:00,646.9,0,324.75
Friday,11 Jul 2025 4:00,323.91,0,323.91
Friday,11 Jul 2025 5:00,323.89,0,323.89
Friday,11 Jul 2025 6:00,246.85,0,246.85
Friday,11 Jul 2025 7:00,325.72,0,325.72
Friday,11 Jul 2025 8:00,477.19,0,477.19
Friday,11 Jul 2025 9:00,330.77,0,330.77
Friday,11 Jul 2025 10:00,316.61,0,316.61
Friday,11 Jul 2025 11:00,482.06,0,482.06
Friday,11 Jul 2025 12:00,873.53,0,873.53
Friday,11 Jul 2025 13:00,898.66,0,898.66
Friday,11 Jul 2025 14:00,885.23,0,885.23
Friday,11 Jul 2025 15:00,920.72,0,920.72
Friday,11 Jul 2025 16:00,"1,105",0,"1,105"
Friday,11 Jul 2025 17:00,937.58,0,937.58
Friday,11 Jul 2025 18:00,472.33,0,472.33
Friday,11 Jul 2025 19:00,328.44,0,328.44
Friday,11 Jul 2025 20:00,330.36,0,330.36
Friday,11 Jul 2025 21:00,326.96,0,326.96
Friday,11 Jul 2025 22:00,324.86,0,324.86
Friday,11 Jul 2025 23:00,331.7,0,331.7
Saturday,12 Jul 2025 0:00,338.85,0,338.85
Saturday,12 Jul 2025 1:00,335.28,0,335.28
Saturday,12 Jul 2025 2:00,333.41,0,333.41
Saturday,12 Jul 2025 3:00,688.75,0,338.88
Saturday,12 Jul 2025 4:00,334.92,0,334.92
Saturday,12 Jul 2025 5:00,327.45,0,327.45
Saturday,12 Jul 2025 6:00,525.23,0,525.23
Saturday,12 Jul 2025 7:00,"3,567",0,"3,567"
Saturday,12 Jul 2025 8:00,"4,111",0,"4,111"
Saturday,12 Jul 2025 9:00,"4,174",0,"4,174"
Saturday,12 Jul 2025 10:00,"4,294",0,"4,294"
Saturday,12 Jul 2025 11:00,"2,082",0,"2,082"
Saturday,12 Jul 2025 12:00,958.27,0,958.27
Saturday,12 Jul 2025 13:00,639.67,0,639.67
Saturday,12 Jul 2025 14:00,728.23,0,728.23
Saturday,12 Jul 2025 15:00,552.97,0,552.97
Saturday,12 Jul 2025 16:00,599.54,0,599.54
Saturday,12 Jul 2025 17:00,467.53,0,467.53
Saturday,12 Jul 2025 18:00,378.66,0,378.66
Saturday,12 Jul 2025 19:00,327.75,0,327.75
Saturday,12 Jul 2025 20:00,333.97,0,333.97
Saturday,12 Jul 2025 21:00,333.99,0,333.99
Saturday,12 Jul 2025 22:00,325.81,0,325.81
Saturday,12 Jul 2025 23:00,247.53,0,328.64
Sunday,13 Jul 2025 0:00,403.96,0,322.84
Sunday,13 Jul 2025 1:00,334.27,0,334.27
Sunday,13 Jul 2025 2:00,330.44,0,330.44
Sunday,13 Jul 2025 3:00,"1,008",0,494.46
Sunday,13 Jul 2025 4:00,333.29,0,333.29
Sunday,13 Jul 2025 5:00,328.71,0,328.71
Sunday,13 Jul 2025 6:00,331.34,0,331.34
Sunday,13 Jul 2025 7:00,328.81,0,328.81
Sunday,13 Jul 2025 8:00,328.26,0,328.26
Sunday,13 Jul 2025 9:00,363.22,0,363.22
Sunday,13 Jul 2025 10:00,354.83,0,354.83
Sunday,13 Jul 2025 11:00,440.55,0,440.55
Sunday,13 Jul 2025 12:00,383.17,0,383.17
Sunday,13 Jul 2025 13:00,932.16,0,932.16
Sunday,13 Jul 2025 14:00,"1,018",0,"1,018"
Sunday,13 Jul 2025 15:00,663.02,0,663.02
Sunday,13 Jul 2025 16:00,590.35,0,590.35
Sunday,13 Jul 2025 17:00,422.03,0,422.03
Sunday,13 Jul 2025 18:00,495.58,0,495.58
Sunday,13 Jul 2025 19:00,333.39,0,333.39
Sunday,13 Jul 2025 20:00,328.54,0,328.54
Sunday,13 Jul 2025 21:00,330.95,0,330.95
Sunday,13 Jul 2025 22:00,263.79,0,263.79
Sunday,13 Jul 2025 23:00,339.98,0,339.98
Monday,14 Jul 2025 0:00,333.27,0,333.27
Monday,14 Jul 2025 1:00,329.25,0,329.25
Monday,14 Jul 2025 2:00,326.37,0,326.37
Monday,14 Jul 2025 3:00,659.39,0,321.3
Monday,14 Jul 2025 4:00,343.76,0,343.76
Monday,14 Jul 2025 5:00,326.74,0,326.74
Monday,14 Jul 2025 6:00,338.08,0,338.08
Monday,14 Jul 2025 7:00,587.44,0,587.44
Monday,14 Jul 2025 8:00,786.86,0,786.86
Monday,14 Jul 2025 9:00,"1,040",0,"1,040"
Monday,14 Jul 2025 10:00,"1,010",0,"1,010"
Monday,14 Jul 2025 11:00,"1,059",0,"1,059"
Monday,14 Jul 2025 12:00,"1,126",0,"1,126"
Monday,14 Jul 2025 13:00,"1,591",0,"1,591"
Monday,14 Jul 2025 14:00,"2,041",0,"2,041"
Monday,14 Jul 2025 15:00,"2,133",0,"2,133"
Monday,14 Jul 2025 16:00,"2,352",0,"2,352"
Monday,14 Jul 2025 17:00,"2,102",0,"2,102"
Monday,14 Jul 2025 18:00,"1,763",0,"1,763"
Monday,14 Jul 2025 19:00,"1,350",0,"1,350"
Monday,14 Jul 2025 20:00,"1,202",0,"1,202"
Monday,14 Jul 2025 21:00,891.62,0,891.62
Monday,14 Jul 2025 22:00,805.89,0,805.89
Monday,14 Jul 2025 23:00,774.13,0,774.13
Tuesday,15 Jul 2025 0:00,872.29,0,872.29
Tuesday,15 Jul 2025 1:00,794.96,0,794.96
Tuesday,15 Jul 2025 2:00,"1,087",0,"1,087"
Tuesday,15 Jul 2025 3:00,"1,340",0,781.18
Tuesday,15 Jul 2025 4:00,403.19,0,403.19
Tuesday,15 Jul 2025 5:00,484.37,0,484.37
Tuesday,15 Jul 2025 6:00,"1,026",0,"1,026"
Tuesday,15 Jul 2025 7:00,939.86,0,939.86
Tuesday,15 Jul 2025 8:00,"1,088",0,"1,088"
Tuesday,15 Jul 2025 9:00,"1,481",0,"1,481"
Tuesday,15 Jul 2025 10:00,"1,734",0,"1,734"
Tuesday,15 Jul 2025 11:00,"1,775",0,"1,775"
Tuesday,15 Jul 2025 12:00,"1,683",0,"1,683"
Tuesday,15 Jul 2025 13:00,"1,744",0,"1,744"
Tuesday,15 Jul 2025 14:00,"1,499",0,"1,499"
Tuesday,15 Jul 2025 15:00,"1,994",0,"1,994"
Tuesday,15 Jul 2025 16:00,"2,284",0,"2,284"
Tuesday,15 Jul 2025 17:00,"2,407",0,"2,407"
Tuesday,15 Jul 2025 18:00,"1,915",0,"1,915"
Tuesday,15 Jul 2025 19:00,"1,498",0,"1,498"
Tuesday,15 Jul 2025 20:00,"1,410",0,"1,410"
Tuesday,15 Jul 2025 21:00,"1,288",0,"1,288"
Tuesday,15 Jul 2025 22:00,"1,399",0,"1,399"
Tuesday,15 Jul 2025 23:00,649.64,0,853.34
Wednesday,16 Jul 2025 0:00,898.58,0,694.88
Wednesday,16 Jul 2025 1:00,764.44,0,764.44
Wednesday,16 Jul 2025 2:00,512.52,0,512.52
Wednesday,16 Jul 2025 3:00,729.09,0,446.53
Wednesday,16 Jul 2025 4:00,561.47,0,467.29
Wednesday,16 Jul 2025 5:00,440.29,0,440.29
Wednesday,16 Jul 2025 6:00,685.31,0,685.31
Wednesday,16 Jul 2025 7:00,866.12,0,866.12
Wednesday,16 Jul 2025 8:00,"1,708",0,"1,708"
Wednesday,16 Jul 2025 9:00,"1,906",0,"1,906"
Wednesday,16 Jul 2025 10:00,"2,129",0,"2,129"
Wednesday,16 Jul 2025 11:00,"1,940",0,"1,940"
Wednesday,16 Jul 2025 12:00,"1,938",0,"1,938"
Wednesday,16 Jul 2025 13:00,"2,651",0,"2,651"
Wednesday,16 Jul 2025 14:00,"2,590",0,"2,590"
Wednesday,16 Jul 2025 15:00,"2,444",0,"2,444"
Wednesday,16 Jul 2025 16:00,"2,381",0,"2,381"
Wednesday,16 Jul 2025 17:00,"2,267",0,"2,267"
Wednesday,16 Jul 2025 18:00,"1,987",0,"1,987"
Wednesday,16 Jul 2025 19:00,"1,681",0,"1,681"
Wednesday,16 Jul 2025 20:00,"1,481",0,"1,481"
Wednesday,16 Jul 2025 21:00,"1,107",0,"1,107"
Wednesday,16 Jul 2025 22:00,946.65,0,946.65
Wednesday,16 Jul 2025 23:00,978.96,0,978.96
Thursday,17 Jul 2025 0:00,804.62,0,804.62
Thursday,17 Jul 2025 1:00,749.48,0,749.48
Thursday,17 Jul 2025 2:00,633.58,0,633.58
Thursday,17 Jul 2025 3:00,"1,013",0,520.99
Thursday,17 Jul 2025 4:00,542.3,0,542.3
Thursday,17 Jul 2025 5:00,574.34,0,574.34
Thursday,17 Jul 2025 6:00,"1,164",0,"1,164"
Thursday,17 Jul 2025 7:00,"1,702",0,"1,702"
Thursday,17 Jul 2025 8:00,"2,022",0,"2,022"
Thursday,17 Jul 2025 9:00,"2,181",0,"2,181"
Thursday,17 Jul 2025 10:00,"2,450",0,"2,450"
Thursday,17 Jul 2025 11:00,"2,484",0,"2,484"
Thursday,17 Jul 2025 12:00,"2,407",0,"2,407"
Thursday,17 Jul 2025 13:00,160.33,0,160.33
Thursday,17 Jul 2025 14:00,0,0,0
Thursday,17 Jul 2025 15:00,0,0,0
Thursday,17 Jul 2025 16:00,0,0,0
Thursday,17 Jul 2025 17:00,0,0,0
Thursday,17 Jul 2025 18:00,0,0,0
Thursday,17 Jul 2025 19:00,0,0,0
Thursday,17 Jul 2025 20:00,0,0,0
Thursday,17 Jul 2025 21:00,0,0,0
Thursday,17 Jul 2025 22:00,0,0,0
Thursday,17 Jul 2025 23:00,0,0,0
Friday,18 Jul 2025 0:00,0,0,0
Friday,18 Jul 2025 1:00,0,0,0
Friday,18 Jul 2025 2:00,0,0,0
Friday,18 Jul 2025 3:00,0,0,0
Friday,18 Jul 2025 4:00,0,0,0
Friday,18 Jul 2025 5:00,0,0,0
Friday,18 Jul 2025 6:00,0,0,0
Friday,18 Jul 2025 7:00,0,0,0
Friday,18 Jul 2025 8:00,0,0,0
Friday,18 Jul 2025 9:00,0,0,0
Friday,18 Jul 2025 10:00,0,0,0
Friday,18 Jul 2025 11:00,0,0,0
Friday,18 Jul 2025 12:00,0,0,0
Friday,18 Jul 2025 13:00,0,0,0
Friday,18 Jul 2025 14:00,0,0,0
Friday,18 Jul 2025 15:00,0,0,0
Friday,18 Jul 2025 16:00,0,0,0
Friday,18 Jul 2025 17:00,0,0,0
Friday,18 Jul 2025 18:00,0,0,0
Friday,18 Jul 2025 19:00,0,0,0
Friday,18 Jul 2025 20:00,0,0,0
Friday,18 Jul 2025 21:00,0,0,0
Friday,18 Jul 2025 22:00,0,0,0
Friday,18 Jul 2025 23:00,0,0,0
Saturday,19 Jul 2025 0:00,0,0,0
Saturday,19 Jul 2025 1:00,0,0,0
Saturday,19 Jul 2025 2:00,0,0,0
Saturday,19 Jul 2025 3:00,0,0,0
Saturday,19 Jul 2025 4:00,0,0,0
Saturday,19 Jul 2025 5:00,0,0,0
Saturday,19 Jul 2025 6:00,0,0,0
Saturday,19 Jul 2025 7:00,0,0,0
Saturday,19 Jul 2025 8:00,0,0,0
Saturday,19 Jul 2025 9:00,0,0,0
Saturday,19 Jul 2025 10:00,0,0,0
Saturday,19 Jul 2025 11:00,0,0,0
Saturday,19 Jul 2025 12:00,0,0,0
Saturday,19 Jul 2025 13:00,0,0,0
Saturday,19 Jul 2025 14:00,0,0,0
Saturday,19 Jul 2025 15:00,0,0,0
Saturday,19 Jul 2025 16:00,0,0,0
Saturday,19 Jul 2025 17:00,0,0,0
Saturday,19 Jul 2025 18:00,0,0,0
Saturday,19 Jul 2025 19:00,0,0,0
Saturday,19 Jul 2025 20:00,0,0,0
Saturday,19 Jul 2025 21:00,0,0,0
Saturday,19 Jul 2025 22:00,0,0,0
Saturday,19 Jul 2025 23:00,0,0,0
Sunday,20 Jul 2025 0:00,0,0,0
Sunday,20 Jul 2025 1:00,0,0,0
Sunday,20 Jul 2025 2:00,0,0,0
Sunday,20 Jul 2025 3:00,0,0,0
Sunday,20 Jul 2025 4:00,0,0,0
Sunday,20 Jul 2025 5:00,0,0,0
Sunday,20 Jul 2025 6:00,0,0,0
Sunday,20 Jul 2025 7:00,0,0,0
Sunday,20 Jul 2025 8:00,0,0,0
Sunday,20 Jul 2025 9:00,0,0,0
Sunday,20 Jul 2025 10:00,0,0,0
Sunday,20 Jul 2025 11:00,0,0,0
Sunday,20 Jul 2025 12:00,0,0,0
Sunday,20 Jul 2025 13:00,0,0,0
Sunday,20 Jul 2025 14:00,0,0,0
Sunday,20 Jul 2025 15:00,0,0,0
Sunday,20 Jul 2025 16:00,0,0,0
Sunday,20 Jul 2025 17:00,0,0,0
Sunday,20 Jul 2025 18:00,0,0,0
Sunday,20 Jul 2025 19:00,0,0,0
Sunday,20 Jul 2025 20:00,0,0,0
Sunday,20 Jul 2025 21:00,0,0,0
Sunday,20 Jul 2025 22:00,0,0,0
Sunday,20 Jul 2025 23:00,0,0,0
Monday,21 Jul 2025 0:00,0,0,0
Monday,21 Jul 2025 1:00,0,0,0
Monday,21 Jul 2025 2:00,0,0,0
Monday,21 Jul 2025 3:00,0,0,0
Monday,21 Jul 2025 4:00,0,0,0
Monday,21 Jul 2025 5:00,0,0,0
Monday,21 Jul 2025 6:00,0,0,0
Monday,21 Jul 2025 7:00,0,0,0
Monday,21 Jul 2025 8:00,0,0,0
Monday,21 Jul 2025 9:00,0,0,0
Monday,21 Jul 2025 10:00,0,0,0
Monday,21 Jul 2025 11:00,0,0,0
Monday,21 Jul 2025 12:00,0,0,0
Monday,21 Jul 2025 13:00,0,0,0
Monday,21 Jul 2025 14:00,0,0,0
Monday,21 Jul 2025 15:00,0,0,0
Monday,21 Jul 2025 16:00,0,0,0
Monday,21 Jul 2025 17:00,0,0,0
Monday,21 Jul 2025 18:00,0,0,0
Monday,21 Jul 2025 19:00,0,0,0
Monday,21 Jul 2025 20:00,0,0,0
Monday,21 Jul 2025 21:00,0,0,0
Monday,21 Jul 2025 22:00,0,0,0
Monday,21 Jul 2025 23:00,0,0,0
Tuesday,22 Jul 2025 0:00,0,0,0
Tuesday,22 Jul 2025 1:00,0,0,0
Tuesday,22 Jul 2025 2:00,0,0,0
Tuesday,22 Jul 2025 3:00,0,0,0
Tuesday,22 Jul 2025 4:00,0,0,0
Tuesday,22 Jul 2025 5:00,0,0,0
Tuesday,22 Jul 2025 6:00,0,0,0
Tuesday,22 Jul 2025 7:00,0,0,0
Tuesday,22 Jul 2025 8:00,60.99,0,60.99
Tuesday,22 Jul 2025 9:00,316.96,0,316.96
Tuesday,22 Jul 2025 10:00,330.28,0,330.28
Tuesday,22 Jul 2025 11:00,319.48,0,319.48
Tuesday,22 Jul 2025 12:00,331.27,0,331.27
Tuesday,22 Jul 2025 13:00,326.05,0,326.05
Tuesday,22 Jul 2025 14:00,316.58,0,316.58
Tuesday,22 Jul 2025 15:00,322.03,0,322.03
Tuesday,22 Jul 2025 16:00,326.41,0,326.41
Tuesday,22 Jul 2025 17:00,330.5,0,330.5
Tuesday,22 Jul 2025 18:00,329.64,0,329.64
Tuesday,22 Jul 2025 19:00,322.33,0,322.33
Tuesday,22 Jul 2025 20:00,324.14,0,324.14
Tuesday,22 Jul 2025 21:00,330.65,0,330.65
Tuesday,22 Jul 2025 22:00,333.32,0,333.32
Tuesday,22 Jul 2025 23:00,339.22,0,339.22
Wednesday,23 Jul 2025 0:00,339.87,0,339.87
Wednesday,23 Jul 2025 1:00,334.85,0,334.85
Wednesday,23 Jul 2025 2:00,330.96,0,330.96
Wednesday,23 Jul 2025 3:00,656.39,0,325.74
Wednesday,23 Jul 2025 4:00,331.7,0,331.7
Wednesday,23 Jul 2025 5:00,327.06,0,327.06
Wednesday,23 Jul 2025 6:00,329.44,0,329.44
Wednesday,23 Jul 2025 7:00,330.89,0,330.89
Wednesday,23 Jul 2025 8:00,383.32,0,383.32
Wednesday,23 Jul 2025 9:00,319.68,0,319.68
Wednesday,23 Jul 2025 10:00,323.16,0,323.16
Wednesday,23 Jul 2025 11:00,352.75,0,352.75
Wednesday,23 Jul 2025 12:00,346.76,0,346.76
Wednesday,23 Jul 2025 13:00,339.13,0,339.13
Wednesday,23 Jul 2025 14:00,323.55,0,323.55
Wednesday,23 Jul 2025 15:00,386.96,0,386.96
Wednesday,23 Jul 2025 16:00,368.99,0,368.99
Wednesday,23 Jul 2025 17:00,395.8,0,395.8
Wednesday,23 Jul 2025 18:00,327.32,0,327.32
Wednesday,23 Jul 2025 19:00,335.27,0,335.27
Wednesday,23 Jul 2025 20:00,358.41,0,358.41
Wednesday,23 Jul 2025 21:00,329.49,0,329.49
Wednesday,23 Jul 2025 22:00,334.4,0,334.4
Wednesday,23 Jul 2025 23:00,254.98,0,339.62
Thursday,24 Jul 2025 0:00,420.19,0,335.56
Thursday,24 Jul 2025 1:00,330.88,0,330.88
Thursday,24 Jul 2025 2:00,328.9,0,328.9
Thursday,24 Jul 2025 3:00,559.82,0,322.61
Thursday,24 Jul 2025 4:00,402.85,0,323.78
Thursday,24 Jul 2025 5:00,339.66,0,339.66
Thursday,24 Jul 2025 6:00,333.53,0,333.53
Thursday,24 Jul 2025 7:00,496.92,0,496.92
Thursday,24 Jul 2025 8:00,849.41,0,849.41
Thursday,24 Jul 2025 9:00,"1,158",0,"1,158"
Thursday,24 Jul 2025 10:00,756.57,0,756.57
Thursday,24 Jul 2025 11:00,"1,322",0,"1,322"
Thursday,24 Jul 2025 12:00,"1,296",0,"1,296"
Thursday,24 Jul 2025 13:00,"1,267",0,"1,267"
Thursday,24 Jul 2025 14:00,"1,466",0,"1,466"
Thursday,24 Jul 2025 15:00,"1,700",0,"1,700"
Thursday,24 Jul 2025 16:00,"1,825",0,"1,825"
Thursday,24 Jul 2025 17:00,"1,697",0,"1,697"
Thursday,24 Jul 2025 18:00,"1,722",0,"1,722"
Thursday,24 Jul 2025 19:00,"1,117",0,"1,117"
Thursday,24 Jul 2025 20:00,763.33,0,763.33
Thursday,24 Jul 2025 21:00,403.27,0,403.27
Thursday,24 Jul 2025 22:00,334.87,0,334.87
Thursday,24 Jul 2025 23:00,339.58,0,339.58
Friday,25 Jul 2025 0:00,341.33,0,341.33
Friday,25 Jul 2025 1:00,344.99,0,344.99
Friday,25 Jul 2025 2:00,364.71,0,364.71
Friday,25 Jul 2025 3:00,664.21,0,336.44
Friday,25 Jul 2025 4:00,322.58,0,322.58
Friday,25 Jul 2025 5:00,324.37,0,324.37
Friday,25 Jul 2025 6:00,477.5,0,477.5
Friday,25 Jul 2025 7:00,"1,081",0,"1,081"
Friday,25 Jul 2025 8:00,"1,963",0,"1,963"
Friday,25 Jul 2025 9:00,"2,049",0,"2,049"
Friday,25 Jul 2025 10:00,"2,257",0,"2,257"
Friday,25 Jul 2025 11:00,"2,340",0,"2,340"
Friday,25 Jul 2025 12:00,"2,365",0,"2,365"
Friday,25 Jul 2025 13:00,"2,551",0,"2,551"
Friday,25 Jul 2025 14:00,"2,528",0,"2,528"
Friday,25 Jul 2025 15:00,"2,489",0,"2,489"
Friday,25 Jul 2025 16:00,"2,450",0,"2,450"
Friday,25 Jul 2025 17:00,"1,968",0,"1,968"
Friday,25 Jul 2025 18:00,"1,633",0,"1,633"
Friday,25 Jul 2025 19:00,"1,425",0,"1,425"
Friday,25 Jul 2025 20:00,"1,037",0,"1,037"
Friday,25 Jul 2025 21:00,758.11,0,758.11
Friday,25 Jul 2025 22:00,419.22,0,419.22
Friday,25 Jul 2025 23:00,264.73,0,347.99
Saturday,26 Jul 2025 0:00,416.33,0,333.06
Saturday,26 Jul 2025 1:00,330.16,0,330.16
Saturday,26 Jul 2025 2:00,331.99,0,331.99
Saturday,26 Jul 2025 3:00,667.94,0,335.35
Saturday,26 Jul 2025 4:00,335.18,0,335.18
Saturday,26 Jul 2025 5:00,333.46,0,333.46
Saturday,26 Jul 2025 6:00,331.44,0,331.44
Saturday,26 Jul 2025 7:00,326.31,0,326.31
Saturday,26 Jul 2025 8:00,320.13,0,320.13
Saturday,26 Jul 2025 9:00,321.49,0,321.49
Saturday,26 Jul 2025 10:00,325.92,0,325.92
Saturday,26 Jul 2025 11:00,325.94,0,325.94
Saturday,26 Jul 2025 12:00,333.18,0,333.18
Saturday,26 Jul 2025 13:00,329.8,0,329.8
Saturday,26 Jul 2025 14:00,325.14,0,325.14
Saturday,26 Jul 2025 15:00,324.45,0,324.45
Saturday,26 Jul 2025 16:00,318.69,0,318.69
Saturday,26 Jul 2025 17:00,323.36,0,323.36
Saturday,26 Jul 2025 18:00,323.85,0,323.85
Saturday,26 Jul 2025 19:00,328.14,0,328.14
Saturday,26 Jul 2025 20:00,336.43,0,336.43
Saturday,26 Jul 2025 21:00,338.13,0,338.13
Saturday,26 Jul 2025 22:00,336.68,0,336.68
Saturday,26 Jul 2025 23:00,331.55,0,331.55
Sunday,27 Jul 2025 0:00,331.28,0,331.28
Sunday,27 Jul 2025 1:00,329.21,0,329.21
Sunday,27 Jul 2025 2:00,321.75,0,321.75
Sunday,27 Jul 2025 3:00,654.02,0,324.33
Sunday,27 Jul 2025 4:00,325.88,0,325.88
Sunday,27 Jul 2025 5:00,333.11,0,333.11
Sunday,27 Jul 2025 6:00,330.66,0,330.66
Sunday,27 Jul 2025 7:00,326.1,0,326.1
Sunday,27 Jul 2025 8:00,330.58,0,330.58
Sunday,27 Jul 2025 9:00,323.16,0,323.16
Sunday,27 Jul 2025 10:00,319.58,0,319.58
Sunday,27 Jul 2025 11:00,325.41,0,325.41
Sunday,27 Jul 2025 12:00,324.47,0,324.47
Sunday,27 Jul 2025 13:00,328,0,328
Sunday,27 Jul 2025 14:00,334.08,0,334.08
Sunday,27 Jul 2025 15:00,327.4,0,327.4
Sunday,27 Jul 2025 16:00,328.97,0,328.97
Sunday,27 Jul 2025 17:00,495.53,0,495.53
Sunday,27 Jul 2025 18:00,791.19,0,791.19
Sunday,27 Jul 2025 19:00,745.83,0,745.83
Sunday,27 Jul 2025 20:00,598.48,0,598.48
Sunday,27 Jul 2025 21:00,505.28,0,505.28
Sunday,27 Jul 2025 22:00,405.98,0,405.98
Sunday,27 Jul 2025 23:00,345.77,0,345.77
Monday,28 Jul 2025 0:00,430.51,0,430.51
Monday,28 Jul 2025 1:00,485.16,0,485.16
Monday,28 Jul 2025 2:00,267.28,0,347.98
Monday,28 Jul 2025 3:00,732.84,0,327.08
Monday,28 Jul 2025 4:00,322.26,0,322.26
Monday,28 Jul 2025 5:00,323.56,0,323.56
Monday,28 Jul 2025 6:00,"3,061",0,"3,061"
Monday,28 Jul 2025 7:00,637.7,0,637.7
Monday,28 Jul 2025 8:00,829.67,0,829.67
Monday,28 Jul 2025 9:00,"1,200",0,"1,200"
Monday,28 Jul 2025 10:00,"1,473",0,"1,473"
Monday,28 Jul 2025 11:00,"1,483",0,"1,483"
Monday,28 Jul 2025 12:00,"1,695",0,"1,695"
Monday,28 Jul 2025 13:00,"1,660",0,"1,660"
Monday,28 Jul 2025 14:00,"1,910",0,"1,910"
Monday,28 Jul 2025 15:00,"2,250",0,"2,250"
Monday,28 Jul 2025 16:00,"2,029",0,"2,029"
Monday,28 Jul 2025 17:00,"2,068",0,"2,068"
Monday,28 Jul 2025 18:00,"1,417",0,"1,417"
Monday,28 Jul 2025 19:00,874.91,0,874.91
Monday,28 Jul 2025 20:00,549.56,0,549.56
Monday,28 Jul 2025 21:00,330.39,0,330.39
Monday,28 Jul 2025 22:00,329.24,0,329.24
Monday,28 Jul 2025 23:00,242.89,0,326.02
Tuesday,29 Jul 2025 0:00,447.27,0,364.14
Tuesday,29 Jul 2025 1:00,325.97,0,325.97
Tuesday,29 Jul 2025 2:00,331.57,0,331.57
Tuesday,29 Jul 2025 3:00,684.14,0,342.81
Tuesday,29 Jul 2025 4:00,328.94,0,328.94
Tuesday,29 Jul 2025 5:00,332.82,0,332.82
Tuesday,29 Jul 2025 6:00,422.16,0,422.16
Tuesday,29 Jul 2025 7:00,786.56,0,786.56
Tuesday,29 Jul 2025 8:00,"1,265",0,"1,265"
Tuesday,29 Jul 2025 9:00,"1,739",0,"1,739"
Tuesday,29 Jul 2025 10:00,"2,468",0,"2,468"
Tuesday,29 Jul 2025 11:00,"2,377",0,"2,377"
Tuesday,29 Jul 2025 12:00,"2,269",0,"2,269"
Tuesday,29 Jul 2025 13:00,"2,216",0,"2,216"
Tuesday,29 Jul 2025 14:00,"2,310",0,"2,310"
Tuesday,29 Jul 2025 15:00,"2,391",0,"2,391"
Tuesday,29 Jul 2025 16:00,"2,646",0,"2,646"
Tuesday,29 Jul 2025 17:00,"2,347",0,"2,347"
Tuesday,29 Jul 2025 18:00,"1,960",0,"1,960"
Tuesday,29 Jul 2025 19:00,"1,677",0,"1,677"
Tuesday,29 Jul 2025 20:00,"1,220",0,"1,220"
Tuesday,29 Jul 2025 21:00,675.38,0,675.38
Tuesday,29 Jul 2025 22:00,392.98,0,392.98
Tuesday,29 Jul 2025 23:00,350.3,0,350.3
Wednesday,30 Jul 2025 0:00,377.53,0,377.53
Wednesday,30 Jul 2025 1:00,363.48,0,363.48
Wednesday,30 Jul 2025 2:00,329.67,0,329.67
Wednesday,30 Jul 2025 3:00,660.13,0,332.13
Wednesday,30 Jul 2025 4:00,327.65,0,327.65
Wednesday,30 Jul 2025 5:00,331.27,0,331.27
Wednesday,30 Jul 2025 6:00,369.13,0,369.13
Wednesday,30 Jul 2025 7:00,560.76,0,560.76
Wednesday,30 Jul 2025 8:00,778.7,0,778.7
Wednesday,30 Jul 2025 9:00,"1,175",0,"1,175"
Wednesday,30 Jul 2025 10:00,"1,562",0,"1,562"
Wednesday,30 Jul 2025 11:00,"1,141",0,"1,141"
Wednesday,30 Jul 2025 12:00,"1,204",0,"1,204"
Wednesday,30 Jul 2025 13:00,"1,396",0,"1,396"
Wednesday,30 Jul 2025 14:00,"1,850",0,"1,850"
Wednesday,30 Jul 2025 15:00,"2,090",0,"2,090"
Wednesday,30 Jul 2025 16:00,"2,119",0,"2,119"
Wednesday,30 Jul 2025 17:00,"1,649",0,"1,649"
Wednesday,30 Jul 2025 18:00,"1,006",0,"1,006"
Wednesday,30 Jul 2025 19:00,535.85,0,535.85
Wednesday,30 Jul 2025 20:00,334.28,0,334.28
Wednesday,30 Jul 2025 21:00,341.61,0,341.61
Wednesday,30 Jul 2025 22:00,328.09,0,328.09
Wednesday,30 Jul 2025 23:00,250.43,0,333.5
Thursday,31 Jul 2025 0:00,413.12,0,330.06
Thursday,31 Jul 2025 1:00,333.13,0,333.13
Thursday,31 Jul 2025 2:00,331.28,0,331.28
Thursday,31 Jul 2025 3:00,657.1,0,333.09
Thursday,31 Jul 2025 4:00,338.6,0,338.6
Thursday,31 Jul 2025 5:00,324.48,0,324.48
Thursday,31 Jul 2025 6:00,386.37,0,386.37
Thursday,31 Jul 2025 7:00,495.56,0,495.56
Thursday,31 Jul 2025 8:00,819.75,0,819.75
Thursday,31 Jul 2025 9:00,688.57,0,688.57
Thursday,31 Jul 2025 10:00,602.51,0,602.51
Thursday,31 Jul 2025 11:00,388.46,0,388.46
Thursday,31 Jul 2025 12:00,362.23,0,362.23
Thursday,31 Jul 2025 13:00,342.32,0,342.32
Thursday,31 Jul 2025 14:00,326.03,0,326.03
Thursday,31 Jul 2025 15:00,321.16,0,321.16
Thursday,31 Jul 2025 16:00,323.45,0,323.45
Thursday,31 Jul 2025 17:00,319.13,0,319.13
Thursday,31 Jul 2025 18:00,327.98,0,327.98
Thursday,31 Jul 2025 19:00,331.17,0,331.17
Thursday,31 Jul 2025 20:00,333.08,0,333.08
Thursday,31 Jul 2025 21:00,334.45,0,334.45
Thursday,31 Jul 2025 22:00,330.96,0,330.96
Thursday,31 Jul 2025 23:00,248.14,0,332.9
Friday,01 Aug 2025 0:00,412.72,0,327.95
Friday,01 Aug 2025 1:00,244.99,0,327.59
Friday,01 Aug 2025 2:00,407.94,0,325.34
Friday,01 Aug 2025 3:00,580.06,0,329.69
Friday,01 Aug 2025 4:00,330.28,0,246.82
Friday,01 Aug 2025 5:00,328.08,0,328.08
Friday,01 Aug 2025 6:00,329.99,0,329.99
Friday,01 Aug 2025 7:00,329.06,0,329.06
Friday,01 Aug 2025 8:00,642.44,0,642.44
Friday,01 Aug 2025 9:00,477.57,0,477.57
Friday,01 Aug 2025 10:00,365,0,365
Friday,01 Aug 2025 11:00,349.13,0,349.13
Friday,01 Aug 2025 12:00,324.43,0,324.43
Friday,01 Aug 2025 13:00,330.98,0,330.98
Friday,01 Aug 2025 14:00,328.9,0,328.9
Friday,01 Aug 2025 15:00,331.44,0,331.44
Friday,01 Aug 2025 16:00,324.59,0,324.59
Friday,01 Aug 2025 17:00,317.91,0,317.91
Friday,01 Aug 2025 18:00,319.93,0,319.93
Friday,01 Aug 2025 19:00,325.89,0,325.89
Friday,01 Aug 2025 20:00,333.26,0,333.26
Friday,01 Aug 2025 21:00,335.57,0,335.57
Friday,01 Aug 2025 22:00,332.17,0,332.17
Friday,01 Aug 2025 23:00,330.75,0,330.75
Saturday,02 Aug 2025 0:00,335.88,0,335.88
Saturday,02 Aug 2025 1:00,333.38,0,333.38
Saturday,02 Aug 2025 2:00,330.59,0,330.59
Saturday,02 Aug 2025 3:00,659.7,0,331.24
Saturday,02 Aug 2025 4:00,328.44,0,328.44
Saturday,02 Aug 2025 5:00,322.44,0,322.44
Saturday,02 Aug 2025 6:00,320.5,0,320.5
Saturday,02 Aug 2025 7:00,325.71,0,325.71
Saturday,02 Aug 2025 8:00,338.38,0,338.38
Saturday,02 Aug 2025 9:00,325.49,0,325.49
Saturday,02 Aug 2025 10:00,247.32,0,329.35
Saturday,02 Aug 2025 11:00,410.22,0,328.19
Saturday,02 Aug 2025 12:00,324.15,0,324.15
Saturday,02 Aug 2025 13:00,323.94,0,323.94
Saturday,02 Aug 2025 14:00,326.99,0,326.99
Saturday,02 Aug 2025 15:00,322.1,0,322.1
Saturday,02 Aug 2025 16:00,323.15,0,323.15
Saturday,02 Aug 2025 17:00,323.3,0,323.3
Saturday,02 Aug 2025 18:00,324.47,0,324.47
Saturday,02 Aug 2025 19:00,326.13,0,326.13
Saturday,02 Aug 2025 20:00,328.38,0,328.38
Saturday,02 Aug 2025 21:00,331.1,0,331.1
Saturday,02 Aug 2025 22:00,332.22,0,332.22
Saturday,02 Aug 2025 23:00,251.71,0,335.02
Sunday,03 Aug 2025 0:00,415.98,0,332.68
Sunday,03 Aug 2025 1:00,329.06,0,329.06
Sunday,03 Aug 2025 2:00,337.18,0,337.18
Sunday,03 Aug 2025 3:00,658.75,0,330.24
Sunday,03 Aug 2025 4:00,326.36,0,326.36
Sunday,03 Aug 2025 5:00,327.18,0,327.18
Sunday,03 Aug 2025 6:00,325.85,0,325.85
Sunday,03 Aug 2025 7:00,321.96,0,321.96
Sunday,03 Aug 2025 8:00,320.66,0,320.66
Sunday,03 Aug 2025 9:00,324.68,0,324.68
Sunday,03 Aug 2025 10:00,329.97,0,329.97
Sunday,03 Aug 2025 11:00,329.82,0,329.82
Sunday,03 Aug 2025 12:00,336.97,0,336.97
Sunday,03 Aug 2025 13:00,327.81,0,327.81
Sunday,03 Aug 2025 14:00,332.55,0,332.55
Sunday,03 Aug 2025 15:00,321.91,0,321.91
Sunday,03 Aug 2025 16:00,337.04,0,337.04
Sunday,03 Aug 2025 17:00,333.62,0,333.62
Sunday,03 Aug 2025 18:00,326.36,0,326.36
Sunday,03 Aug 2025 19:00,327.27,0,327.27
Sunday,03 Aug 2025 20:00,331.98,0,331.98
Sunday,03 Aug 2025 21:00,329.58,0,329.58
Sunday,03 Aug 2025 22:00,329.36,0,329.36
Sunday,03 Aug 2025 23:00,329.95,0,329.95
Monday,04 Aug 2025 0:00,341.82,0,341.82
Monday,04 Aug 2025 1:00,332.3,0,332.3
Monday,04 Aug 2025 2:00,332.46,0,332.46
Monday,04 Aug 2025 3:00,650.32,0,327.71
Monday,04 Aug 2025 4:00,325.91,0,325.91
Monday,04 Aug 2025 5:00,323.98,0,323.98
Monday,04 Aug 2025 6:00,323.34,0,323.34
Monday,04 Aug 2025 7:00,338.28,0,338.28
Monday,04 Aug 2025 8:00,328.27,0,328.27
Monday,04 Aug 2025 9:00,369.31,0,369.31
Monday,04 Aug 2025 10:00,430.42,0,430.42
Monday,04 Aug 2025 11:00,512.64,0,512.64
Monday,04 Aug 2025 12:00,461.95,0,461.95
Monday,04 Aug 2025 13:00,607.92,0,607.92
Monday,04 Aug 2025 14:00,644.87,0,644.87
Monday,04 Aug 2025 15:00,847.13,0,847.13
Monday,04 Aug 2025 16:00,747.26,0,747.26
Monday,04 Aug 2025 17:00,642.28,0,642.28
Monday,04 Aug 2025 18:00,699.45,0,699.45
Monday,04 Aug 2025 19:00,336.71,0,336.71
Monday,04 Aug 2025 20:00,328.12,0,328.12
Monday,04 Aug 2025 21:00,328.21,0,328.21
Monday,04 Aug 2025 22:00,243.11,0,325.11
Monday,04 Aug 2025 23:00,326.16,0,326.6
Tuesday,05 Aug 2025 0:00,406.65,0,324.22
Tuesday,05 Aug 2025 1:00,329.31,0,329.31
Tuesday,05 Aug 2025 2:00,334.93,0,334.93
Tuesday,05 Aug 2025 3:00,663.27,0,330.57
Tuesday,05 Aug 2025 4:00,322.48,0,322.48
Tuesday,05 Aug 2025 5:00,321.52,0,321.52
Tuesday,05 Aug 2025 6:00,316.86,0,316.86
Tuesday,05 Aug 2025 7:00,322.99,0,322.99
Tuesday,05 Aug 2025 8:00,352.12,0,352.12
Tuesday,05 Aug 2025 9:00,525.68,0,525.68
Tuesday,05 Aug 2025 10:00,328.31,0,328.31
Tuesday,05 Aug 2025 11:00,331.89,0,331.89
Tuesday,05 Aug 2025 12:00,323.12,0,323.12
Tuesday,05 Aug 2025 13:00,328.28,0,328.28
Tuesday,05 Aug 2025 14:00,328.25,0,328.25
Tuesday,05 Aug 2025 15:00,325.57,0,325.57
Tuesday,05 Aug 2025 16:00,333.08,0,333.08
Tuesday,05 Aug 2025 17:00,332.86,0,332.86
Tuesday,05 Aug 2025 18:00,325.12,0,325.12
Tuesday,05 Aug 2025 19:00,329.46,0,329.46
Tuesday,05 Aug 2025 20:00,327.05,0,327.05
Tuesday,05 Aug 2025 21:00,327.88,0,327.88
Tuesday,05 Aug 2025 22:00,252.1,0,335.83
Tuesday,05 Aug 2025 23:00,333.3,0,335.77
Wednesday,06 Aug 2025 0:00,425.7,0,339.5
Wednesday,06 Aug 2025 1:00,333.96,0,333.96
Wednesday,06 Aug 2025 2:00,332,0,332
Wednesday,06 Aug 2025 3:00,661.2,0,326.99
Wednesday,06 Aug 2025 4:00,325.75,0,325.75
Wednesday,06 Aug 2025 5:00,322.99,0,322.99
Wednesday,06 Aug 2025 6:00,321.75,0,321.75
Wednesday,06 Aug 2025 7:00,332.55,0,332.55
Wednesday,06 Aug 2025 8:00,337.93,0,337.93
Wednesday,06 Aug 2025 9:00,489.85,0,489.85
Wednesday,06 Aug 2025 10:00,458.32,0,458.32
Wednesday,06 Aug 2025 11:00,770.61,0,770.61
Wednesday,06 Aug 2025 12:00,867.53,0,867.53
Wednesday,06 Aug 2025 13:00,514.93,0,514.93
Wednesday,06 Aug 2025 14:00,520.79,0,520.79
Wednesday,06 Aug 2025 15:00,355.64,0,355.64
Wednesday,06 Aug 2025 16:00,396.01,0,396.01
Wednesday,06 Aug 2025 17:00,321.1,0,321.1
Wednesday,06 Aug 2025 18:00,324.72,0,324.72
Wednesday,06 Aug 2025 19:00,322.95,0,322.95
Wednesday,06 Aug 2025 20:00,328.22,0,328.22
Wednesday,06 Aug 2025 21:00,329.24,0,329.24
Wednesday,06 Aug 2025 22:00,329.38,0,329.38
Wednesday,06 Aug 2025 23:00,328.79,0,328.79
Thursday,07 Aug 2025 0:00,331.39,0,331.39
Thursday,07 Aug 2025 1:00,335.74,0,335.74
Thursday,07 Aug 2025 2:00,331.56,0,331.56
Thursday,07 Aug 2025 3:00,664.6,0,331.84
Thursday,07 Aug 2025 4:00,325.32,0,325.32
Thursday,07 Aug 2025 5:00,326.95,0,326.95
Thursday,07 Aug 2025 6:00,328.15,0,328.15
Thursday,07 Aug 2025 7:00,330.02,0,330.02
Thursday,07 Aug 2025 8:00,324.13,0,324.13
Thursday,07 Aug 2025 9:00,333.01,0,333.01
Thursday,07 Aug 2025 10:00,340.09,0,340.09
Thursday,07 Aug 2025 11:00,445.62,0,445.62
Thursday,07 Aug 2025 12:00,377.81,0,377.81
Thursday,07 Aug 2025 13:00,333.65,0,333.65
Thursday,07 Aug 2025 14:00,328.79,0,328.79
Thursday,07 Aug 2025 15:00,371.19,0,371.19
Thursday,07 Aug 2025 16:00,396.1,0,396.1
Thursday,07 Aug 2025 17:00,321.93,0,321.93
Thursday,07 Aug 2025 18:00,322.37,0,322.37
Thursday,07 Aug 2025 19:00,324.28,0,324.28
Thursday,07 Aug 2025 20:00,331.57,0,331.57
Thursday,07 Aug 2025 21:00,331.84,0,331.84
Thursday,07 Aug 2025 22:00,330.93,0,330.93
Thursday,07 Aug 2025 23:00,332.74,0,332.74
Friday,08 Aug 2025 0:00,332.23,0,332.23
Friday,08 Aug 2025 1:00,334.31,0,334.31
Friday,08 Aug 2025 2:00,334.44,0,334.44
Friday,08 Aug 2025 3:00,652.17,0,328.15
Friday,08 Aug 2025 4:00,330.42,0,330.42
Friday,08 Aug 2025 5:00,332.79,0,332.79
Friday,08 Aug 2025 6:00,321.14,0,321.14
Friday,08 Aug 2025 7:00,322.7,0,322.7
Friday,08 Aug 2025 8:00,329.26,0,329.26
Friday,08 Aug 2025 9:00,331.66,0,331.66
Friday,08 Aug 2025 10:00,335.27,0,335.27
Friday,08 Aug 2025 11:00,330.95,0,330.95
Friday,08 Aug 2025 12:00,348.77,0,348.77
Friday,08 Aug 2025 13:00,375.56,0,375.56
Friday,08 Aug 2025 14:00,505.05,0,505.05
Friday,08 Aug 2025 15:00,370.5,0,370.5
Friday,08 Aug 2025 16:00,376.54,0,376.54
Friday,08 Aug 2025 17:00,355.7,0,355.7
Friday,08 Aug 2025 18:00,329.96,0,329.96
Friday,08 Aug 2025 19:00,325.38,0,325.38
Friday,08 Aug 2025 20:00,334.06,0,334.06
Friday,08 Aug 2025 21:00,328.06,0,328.06
Friday,08 Aug 2025 22:00,331.3,0,331.3
Friday,08 Aug 2025 23:00,251.14,0,334.07
Saturday,09 Aug 2025 0:00,423.7,0,340.77
Saturday,09 Aug 2025 1:00,246.91,0,365.43
Saturday,09 Aug 2025 2:00,388.76,0,353.19
Saturday,09 Aug 2025 3:00,657.61,0,246.4
Saturday,09 Aug 2025 4:00,332.53,0,332.53
Saturday,09 Aug 2025 5:00,326.07,0,326.07
Saturday,09 Aug 2025 6:00,325.58,0,325.58
Saturday,09 Aug 2025 7:00,327.13,0,327.13
Saturday,09 Aug 2025 8:00,325.52,0,325.52
Saturday,09 Aug 2025 9:00,340.8,0,340.8
Saturday,09 Aug 2025 10:00,366.51,0,366.51
Saturday,09 Aug 2025 11:00,335.52,0,335.52
Saturday,09 Aug 2025 12:00,357.71,0,357.71
Saturday,09 Aug 2025 13:00,478.75,0,478.75
Saturday,09 Aug 2025 14:00,376.09,0,376.09
Saturday,09 Aug 2025 15:00,349.63,0,349.63
Saturday,09 Aug 2025 16:00,345.58,0,345.58
Saturday,09 Aug 2025 17:00,332.93,0,332.93
Saturday,09 Aug 2025 18:00,331.57,0,331.57
Saturday,09 Aug 2025 19:00,331.28,0,331.28
Saturday,09 Aug 2025 20:00,336.57,0,336.57
Saturday,09 Aug 2025 21:00,328.41,0,328.41
Saturday,09 Aug 2025 22:00,328.51,0,328.51
Saturday,09 Aug 2025 23:00,331.68,0,331.68
Sunday,10 Aug 2025 0:00,329.89,0,329.89
Sunday,10 Aug 2025 1:00,337.47,0,337.47
Sunday,10 Aug 2025 2:00,336.01,0,336.01
Sunday,10 Aug 2025 3:00,417.26,0,333.6
Sunday,10 Aug 2025 4:00,579.85,0,328.85
Sunday,10 Aug 2025 5:00,324.78,0,324.78
Sunday,10 Aug 2025 6:00,325,0,325
Sunday,10 Aug 2025 7:00,327.84,0,327.84
Sunday,10 Aug 2025 8:00,331.04,0,331.04
Sunday,10 Aug 2025 9:00,355.77,0,355.77
Sunday,10 Aug 2025 10:00,373.52,0,373.52
Sunday,10 Aug 2025 11:00,379.86,0,379.86
Sunday,10 Aug 2025 12:00,395.06,0,395.06
Sunday,10 Aug 2025 13:00,452.5,0,452.5
Sunday,10 Aug 2025 14:00,663.8,0,663.8
Sunday,10 Aug 2025 15:00,855.57,0,855.57
Sunday,10 Aug 2025 16:00,"1,065",0,"1,065"
Sunday,10 Aug 2025 17:00,"1,005",0,"1,005"
Sunday,10 Aug 2025 18:00,"1,101",0,"1,101"
Sunday,10 Aug 2025 19:00,589.52,0,589.52
Sunday,10 Aug 2025 20:00,339.41,0,339.41
Sunday,10 Aug 2025 21:00,335.05,0,335.05
Sunday,10 Aug 2025 22:00,333.25,0,333.25
Sunday,10 Aug 2025 23:00,255.23,0,340.99
Monday,11 Aug 2025 0:00,418.19,0,332.42
Monday,11 Aug 2025 1:00,331.17,0,331.17
Monday,11 Aug 2025 2:00,330.46,0,330.46
Monday,11 Aug 2025 3:00,577.36,0,331
Monday,11 Aug 2025 4:00,415.17,0,333.05
Monday,11 Aug 2025 5:00,331.14,0,331.14
Monday,11 Aug 2025 6:00,376.7,0,376.7
Monday,11 Aug 2025 7:00,489.93,0,489.93
Monday,11 Aug 2025 8:00,729.32,0,729.32
Monday,11 Aug 2025 9:00,"1,651",0,"1,651"
Monday,11 Aug 2025 10:00,"1,523",0,"1,523"
Monday,11 Aug 2025 11:00,"1,712",0,"1,712"
Monday,11 Aug 2025 12:00,"1,828",0,"1,828"
Monday,11 Aug 2025 13:00,"1,781",0,"1,781"
Monday,11 Aug 2025 14:00,"1,701",0,"1,701"
Monday,11 Aug 2025 15:00,"1,589",0,"1,589"
Monday,11 Aug 2025 16:00,"1,736",0,"1,736"
Monday,11 Aug 2025 17:00,"1,736",0,"1,736"
Monday,11 Aug 2025 18:00,"1,351",0,"1,351"
Monday,11 Aug 2025 19:00,863.61,0,863.61
Monday,11 Aug 2025 20:00,564.06,0,564.06
Monday,11 Aug 2025 21:00,345.96,0,345.96
Monday,11 Aug 2025 22:00,333.13,0,333.13
Monday,11 Aug 2025 23:00,334.64,0,334.64
Tuesday,12 Aug 2025 0:00,331.27,0,331.27
Tuesday,12 Aug 2025 1:00,334.88,0,334.88
Tuesday,12 Aug 2025 2:00,329.34,0,329.34
Tuesday,12 Aug 2025 3:00,657.63,0,325.56
Tuesday,12 Aug 2025 4:00,331.53,0,331.53
Tuesday,12 Aug 2025 5:00,330.33,0,330.33
Tuesday,12 Aug 2025 6:00,344.39,0,344.39
Tuesday,12 Aug 2025 7:00,472.22,0,472.22
Tuesday,12 Aug 2025 8:00,856.34,0,856.34
Tuesday,12 Aug 2025 9:00,"1,326",0,"1,326"
Tuesday,12 Aug 2025 10:00,"1,764",0,"1,764"
Tuesday,12 Aug 2025 11:00,"1,749",0,"1,749"
Tuesday,12 Aug 2025 12:00,"1,680",0,"1,680"
Tuesday,12 Aug 2025 13:00,"1,621",0,"1,621"
Tuesday,12 Aug 2025 14:00,"1,754",0,"1,754"
Tuesday,12 Aug 2025 15:00,"1,963",0,"1,963"
Tuesday,12 Aug 2025 16:00,"1,758",0,"1,758"
Tuesday,12 Aug 2025 17:00,"1,536",0,"1,536"
Tuesday,12 Aug 2025 18:00,760.19,0,760.19
Tuesday,12 Aug 2025 19:00,401.35,0,401.35
Tuesday,12 Aug 2025 20:00,467.87,0,467.87
Tuesday,12 Aug 2025 21:00,369.78,0,369.78
Tuesday,12 Aug 2025 22:00,412.83,0,412.83
Tuesday,12 Aug 2025 23:00,290.89,0,374.76
Wednesday,13 Aug 2025 0:00,419.68,0,335.81
Wednesday,13 Aug 2025 1:00,337.73,0,337.73
Wednesday,13 Aug 2025 2:00,332.21,0,332.21
Wednesday,13 Aug 2025 3:00,672.56,0,333.82
Wednesday,13 Aug 2025 4:00,333.86,0,333.86
Wednesday,13 Aug 2025 5:00,331.15,0,331.15
Wednesday,13 Aug 2025 6:00,386.34,0,386.34
Wednesday,13 Aug 2025 7:00,606.78,0,606.78
Wednesday,13 Aug 2025 8:00,"1,140",0,"1,140"
Wednesday,13 Aug 2025 9:00,"2,047",0,"2,047"
Wednesday,13 Aug 2025 10:00,"2,355",0,"2,355"
Wednesday,13 Aug 2025 11:00,"2,424",0,"2,424"
Wednesday,13 Aug 2025 12:00,"2,359",0,"2,359"
Wednesday,13 Aug 2025 13:00,"2,716",0,"2,716"
Wednesday,13 Aug 2025 14:00,"2,457",0,"2,457"
Wednesday,13 Aug 2025 15:00,"2,378",0,"2,378"
Wednesday,13 Aug 2025 16:00,"2,459",0,"2,459"
Wednesday,13 Aug 2025 17:00,"2,468",0,"2,468"
Wednesday,13 Aug 2025 18:00,"1,928",0,"1,928"
Wednesday,13 Aug 2025 19:00,"1,027",0,"1,027"
Wednesday,13 Aug 2025 20:00,753.91,0,753.91
Wednesday,13 Aug 2025 21:00,694.86,0,694.86
Wednesday,13 Aug 2025 22:00,796.62,0,796.62
Wednesday,13 Aug 2025 23:00,745.86,0,"1,033"
Thursday,14 Aug 2025 0:00,"1,384",0,"1,097"
Thursday,14 Aug 2025 1:00,627.61,0,627.61
Thursday,14 Aug 2025 2:00,491.68,0,491.68
Thursday,14 Aug 2025 3:00,682.88,0,376.06
Thursday,14 Aug 2025 4:00,561.12,0,458.85
Thursday,14 Aug 2025 5:00,560.32,0,560.32
Thursday,14 Aug 2025 6:00,"1,030",0,"1,030"
Thursday,14 Aug 2025 7:00,"1,318",0,"1,318"
Thursday,14 Aug 2025 8:00,"1,737",0,"1,737"
Thursday,14 Aug 2025 9:00,"1,400",0,"1,400"
Thursday,14 Aug 2025 10:00,"2,139",0,"2,139"
Thursday,14 Aug 2025 11:00,"2,185",0,"2,185"
Thursday,14 Aug 2025 12:00,"2,283",0,"2,283"
Thursday,14 Aug 2025 13:00,"2,453",0,"2,453"
Thursday,14 Aug 2025 14:00,"2,601",0,"2,601"
Thursday,14 Aug 2025 15:00,"2,618",0,"2,618"
Thursday,14 Aug 2025 16:00,"2,252",0,"2,252"
Thursday,14 Aug 2025 17:00,"2,179",0,"2,179"
Thursday,14 Aug 2025 18:00,"1,396",0,"1,396"
Thursday,14 Aug 2025 19:00,960.91,0,960.91
Thursday,14 Aug 2025 20:00,753.63,0,753.63
Thursday,14 Aug 2025 21:00,532.44,0,532.44
Thursday,14 Aug 2025 22:00,361.67,0,361.67
Thursday,14 Aug 2025 23:00,189.56,0,380.25
Friday,15 Aug 2025 0:00,342.56,0,339.69
Friday,15 Aug 2025 1:00,337.25,0,337.25
Friday,15 Aug 2025 2:00,348.32,0,348.32
Friday,15 Aug 2025 3:00,663.65,0,330.57
Friday,15 Aug 2025 4:00,338.08,0,338.08
Friday,15 Aug 2025 5:00,329.75,0,329.75
Friday,15 Aug 2025 6:00,327.59,0,327.59
Friday,15 Aug 2025 7:00,334.19,0,334.19
Friday,15 Aug 2025 8:00,369.39,0,369.39
Friday,15 Aug 2025 9:00,671.79,0,671.79
Friday,15 Aug 2025 10:00,457.23,0,457.23
Friday,15 Aug 2025 11:00,413.47,0,413.47
Friday,15 Aug 2025 12:00,497.06,0,497.06
Friday,15 Aug 2025 13:00,544.33,0,544.33
Friday,15 Aug 2025 14:00,524.18,0,524.18
Friday,15 Aug 2025 15:00,396.01,0,396.01
Friday,15 Aug 2025 16:00,490.19,0,490.19
Friday,15 Aug 2025 17:00,350.05,0,350.05
Friday,15 Aug 2025 18:00,332.24,0,332.24
Friday,15 Aug 2025 19:00,332.15,0,332.15
Friday,15 Aug 2025 20:00,326.65,0,326.65
Friday,15 Aug 2025 21:00,324.28,0,324.28
Friday,15 Aug 2025 22:00,327.53,0,327.53
Friday,15 Aug 2025 23:00,246.64,0,330.26
Saturday,16 Aug 2025 0:00,411.75,0,328.13
Saturday,16 Aug 2025 1:00,328.33,0,328.33
Saturday,16 Aug 2025 2:00,327.49,0,327.49
Saturday,16 Aug 2025 3:00,662.96,0,330.44
Saturday,16 Aug 2025 4:00,331.75,0,331.75
Saturday,16 Aug 2025 5:00,327.27,0,327.27
Saturday,16 Aug 2025 6:00,330.24,0,330.24
Saturday,16 Aug 2025 7:00,325.9,0,325.9
Saturday,16 Aug 2025 8:00,325.28,0,325.28
Saturday,16 Aug 2025 9:00,353.42,0,353.42
Saturday,16 Aug 2025 10:00,410.71,0,410.71
Saturday,16 Aug 2025 11:00,334.29,0,334.29
Saturday,16 Aug 2025 12:00,338.8,0,338.8
Saturday,16 Aug 2025 13:00,385.2,0,385.2
Saturday,16 Aug 2025 14:00,493.91,0,493.91
Saturday,16 Aug 2025 15:00,556.97,0,556.97
Saturday,16 Aug 2025 16:00,387.76,0,387.76
Saturday,16 Aug 2025 17:00,374.47,0,374.47
Saturday,16 Aug 2025 18:00,346.95,0,346.95
Saturday,16 Aug 2025 19:00,340.34,0,340.34
Saturday,16 Aug 2025 20:00,333.21,0,333.21
Saturday,16 Aug 2025 21:00,335.54,0,335.54
Saturday,16 Aug 2025 22:00,335.13,0,335.13
Saturday,16 Aug 2025 23:00,243.6,0,324.34
Sunday,17 Aug 2025 0:00,325.51,0,244.78
Sunday,17 Aug 2025 1:00,326.42,0,326.42
Sunday,17 Aug 2025 2:00,336.13,0,336.13
Sunday,17 Aug 2025 3:00,662.26,0,330.72
Sunday,17 Aug 2025 4:00,330.08,0,330.08
Sunday,17 Aug 2025 5:00,328.4,0,328.4
Sunday,17 Aug 2025 6:00,327.41,0,327.41
Sunday,17 Aug 2025 7:00,327.84,0,327.84
Sunday,17 Aug 2025 8:00,425.78,0,425.78
Sunday,17 Aug 2025 9:00,702.71,0,702.71
Sunday,17 Aug 2025 10:00,"1,026",0,"1,026"
Sunday,17 Aug 2025 11:00,"1,360",0,"1,360"
Sunday,17 Aug 2025 12:00,"1,428",0,"1,428"
Sunday,17 Aug 2025 13:00,"1,503",0,"1,503"
Sunday,17 Aug 2025 14:00,"1,474",0,"1,474"
Sunday,17 Aug 2025 15:00,"1,394",0,"1,394"
Sunday,17 Aug 2025 16:00,"1,252",0,"1,252"
Sunday,17 Aug 2025 17:00,"1,079",0,"1,079"
Sunday,17 Aug 2025 18:00,977.71,0,977.71
Sunday,17 Aug 2025 19:00,803.79,0,803.79
Sunday,17 Aug 2025 20:00,488.35,0,488.35
Sunday,17 Aug 2025 21:00,335.38,0,335.38
Sunday,17 Aug 2025 22:00,334.27,0,334.27
Sunday,17 Aug 2025 23:00,250.06,0,335.42
Monday,18 Aug 2025 0:00,416.89,0,331.53
Monday,18 Aug 2025 1:00,331.47,0,331.47
Monday,18 Aug 2025 2:00,332.27,0,332.27
Monday,18 Aug 2025 3:00,653.63,0,327.69
Monday,18 Aug 2025 4:00,333.06,0,333.06
Monday,18 Aug 2025 5:00,332.74,0,332.74
Monday,18 Aug 2025 6:00,328.37,0,328.37
Monday,18 Aug 2025 7:00,322.92,0,322.92
Monday,18 Aug 2025 8:00,330.94,0,330.94
Monday,18 Aug 2025 9:00,320.15,0,320.15
Monday,18 Aug 2025 10:00,326.51,0,326.51
Monday,18 Aug 2025 11:00,325.47,0,325.47
Monday,18 Aug 2025 12:00,320.11,0,320.11
Monday,18 Aug 2025 13:00,314.69,0,314.69
Monday,18 Aug 2025 14:00,326.75,0,326.75
Monday,18 Aug 2025 15:00,321.19,0,321.19
Monday,18 Aug 2025 16:00,322.57,0,322.57
Monday,18 Aug 2025 17:00,325.35,0,325.35
Monday,18 Aug 2025 18:00,328.18,0,328.18
Monday,18 Aug 2025 19:00,332.89,0,332.89
Monday,18 Aug 2025 20:00,326.76,0,326.76
Monday,18 Aug 2025 21:00,329.28,0,329.28
Monday,18 Aug 2025 22:00,333.01,0,333.01
Monday,18 Aug 2025 23:00,244.93,0,325.77
Tuesday,19 Aug 2025 0:00,408.47,0,327.63
Tuesday,19 Aug 2025 1:00,332.61,0,332.61
Tuesday,19 Aug 2025 2:00,325.47,0,325.47
Tuesday,19 Aug 2025 3:00,572.02,0,325.93
Tuesday,19 Aug 2025 4:00,406.33,0,324.3
Tuesday,19 Aug 2025 5:00,321.35,0,321.35
Tuesday,19 Aug 2025 6:00,329.9,0,329.9
Tuesday,19 Aug 2025 7:00,331.58,0,331.58
Tuesday,19 Aug 2025 8:00,337.14,0,337.14
Tuesday,19 Aug 2025 9:00,332.07,0,332.07
Tuesday,19 Aug 2025 10:00,330.27,0,330.27
Tuesday,19 Aug 2025 11:00,328.42,0,328.42
Tuesday,19 Aug 2025 12:00,320.85,0,320.85
Tuesday,19 Aug 2025 13:00,334.06,0,334.06
Tuesday,19 Aug 2025 14:00,329.1,0,329.1
Tuesday,19 Aug 2025 15:00,395.12,0,395.12
Tuesday,19 Aug 2025 16:00,327.77,0,327.77
Tuesday,19 Aug 2025 17:00,322.14,0,322.14
Tuesday,19 Aug 2025 18:00,324.54,0,324.54
Tuesday,19 Aug 2025 19:00,331.59,0,331.59
Tuesday,19 Aug 2025 20:00,335.48,0,335.48
Tuesday,19 Aug 2025 21:00,331.26,0,331.26
Tuesday,19 Aug 2025 22:00,333.19,0,333.19
Tuesday,19 Aug 2025 23:00,248.32,0,332.65
Wednesday,20 Aug 2025 0:00,414.23,0,329.89
Wednesday,20 Aug 2025 1:00,332.26,0,332.26
Wednesday,20 Aug 2025 2:00,324.88,0,324.88
Wednesday,20 Aug 2025 3:00,657.67,0,331.06
Wednesday,20 Aug 2025 4:00,329.77,0,329.77
Wednesday,20 Aug 2025 5:00,336.28,0,336.28
Wednesday,20 Aug 2025 6:00,330.55,0,330.55
Wednesday,20 Aug 2025 7:00,330.22,0,330.22
Wednesday,20 Aug 2025 8:00,326.11,0,326.11
Wednesday,20 Aug 2025 9:00,326.79,0,326.79
Wednesday,20 Aug 2025 10:00,319.88,0,319.88
Wednesday,20 Aug 2025 11:00,326.87,0,326.87
Wednesday,20 Aug 2025 12:00,325.37,0,325.37
Wednesday,20 Aug 2025 13:00,331.56,0,331.56
Wednesday,20 Aug 2025 14:00,326.08,0,326.08
Wednesday,20 Aug 2025 15:00,326.13,0,326.13
Wednesday,20 Aug 2025 16:00,327.72,0,327.72
Wednesday,20 Aug 2025 17:00,326.49,0,326.49
Wednesday,20 Aug 2025 18:00,326.6,0,326.6
Wednesday,20 Aug 2025 19:00,325.81,0,325.81
Wednesday,20 Aug 2025 20:00,327.8,0,327.8
Wednesday,20 Aug 2025 21:00,332.01,0,332.01
Wednesday,20 Aug 2025 22:00,334.5,0,334.5
Wednesday,20 Aug 2025 23:00,247.83,0,328.56
Thursday,21 Aug 2025 0:00,409.2,0,328.48
Thursday,21 Aug 2025 1:00,332.36,0,332.36
Thursday,21 Aug 2025 2:00,330.19,0,330.19
Thursday,21 Aug 2025 3:00,668.11,0,332.91
Thursday,21 Aug 2025 4:00,328.52,0,328.52
Thursday,21 Aug 2025 5:00,322.48,0,322.48
Thursday,21 Aug 2025 6:00,326.42,0,326.42
Thursday,21 Aug 2025 7:00,323.73,0,323.73
Thursday,21 Aug 2025 8:00,358.35,0,358.35
Thursday,21 Aug 2025 9:00,342.81,0,342.81
Thursday,21 Aug 2025 10:00,329.38,0,329.38
Thursday,21 Aug 2025 11:00,329.54,0,329.54
Thursday,21 Aug 2025 12:00,333.11,0,333.11
Thursday,21 Aug 2025 13:00,326.49,0,326.49
Thursday,21 Aug 2025 14:00,332.72,0,332.72
Thursday,21 Aug 2025 15:00,351.2,0,351.2
Thursday,21 Aug 2025 16:00,344.78,0,344.78
Thursday,21 Aug 2025 17:00,328.8,0,328.8
Thursday,21 Aug 2025 18:00,329.56,0,329.56
Thursday,21 Aug 2025 19:00,336.03,0,336.03
Thursday,21 Aug 2025 20:00,333.76,0,333.76
Thursday,21 Aug 2025 21:00,336.92,0,336.92
Thursday,21 Aug 2025 22:00,331.5,0,331.5
Thursday,21 Aug 2025 23:00,253.04,0,337.81
Friday,22 Aug 2025 0:00,425.99,0,341.22
Friday,22 Aug 2025 1:00,335.01,0,335.01
Friday,22 Aug 2025 2:00,329.99,0,329.99
Friday,22 Aug 2025 3:00,570.13,0,327.49
Friday,22 Aug 2025 4:00,328.88,0,248
Friday,22 Aug 2025 5:00,329.41,0,329.41
Friday,22 Aug 2025 6:00,329.49,0,329.49
Friday,22 Aug 2025 7:00,327.2,0,327.2
Friday,22 Aug 2025 8:00,543.95,0,543.95
Friday,22 Aug 2025 9:00,493.3,0,493.3
Friday,22 Aug 2025 10:00,507.87,0,507.87
Friday,22 Aug 2025 11:00,566.21,0,566.21
Friday,22 Aug 2025 12:00,599.28,0,599.28
Friday,22 Aug 2025 13:00,473.81,0,473.81
Friday,22 Aug 2025 14:00,527.18,0,527.18
Friday,22 Aug 2025 15:00,619.8,0,619.8
Friday,22 Aug 2025 16:00,657.08,0,657.08
Friday,22 Aug 2025 17:00,636.98,0,636.98
Friday,22 Aug 2025 18:00,374.2,0,374.2
Friday,22 Aug 2025 19:00,339.11,0,339.11
Friday,22 Aug 2025 20:00,333.87,0,333.87
Friday,22 Aug 2025 21:00,335.05,0,335.05
Friday,22 Aug 2025 22:00,331.4,0,331.4
Friday,22 Aug 2025 23:00,331.08,0,331.08
Saturday,23 Aug 2025 0:00,338.35,0,338.35
Saturday,23 Aug 2025 1:00,336.49,0,336.49
Saturday,23 Aug 2025 2:00,336.08,0,336.08
Saturday,23 Aug 2025 3:00,666.05,0,334.85
Saturday,23 Aug 2025 4:00,328.71,0,328.71
Saturday,23 Aug 2025 5:00,324.77,0,324.77
Saturday,23 Aug 2025 6:00,330.66,0,330.66
Saturday,23 Aug 2025 7:00,334,0,334
Saturday,23 Aug 2025 8:00,334.89,0,334.89
Saturday,23 Aug 2025 9:00,324.68,0,324.68
Saturday,23 Aug 2025 10:00,374.35,0,374.35
Saturday,23 Aug 2025 11:00,356.37,0,356.37
Saturday,23 Aug 2025 12:00,340.63,0,340.63
Saturday,23 Aug 2025 13:00,336.45,0,336.45
Saturday,23 Aug 2025 14:00,381.01,0,381.01
Saturday,23 Aug 2025 15:00,417.21,0,417.21
Saturday,23 Aug 2025 16:00,371.4,0,371.4
Saturday,23 Aug 2025 17:00,416.89,0,416.89
Saturday,23 Aug 2025 18:00,339.15,0,339.15
Saturday,23 Aug 2025 19:00,331.22,0,331.22
Saturday,23 Aug 2025 20:00,333.19,0,333.19
Saturday,23 Aug 2025 21:00,336.82,0,336.82
Saturday,23 Aug 2025 22:00,326.66,0,326.66
Saturday,23 Aug 2025 23:00,249.13,0,333.28
Sunday,24 Aug 2025 0:00,410.38,0,326.23
Sunday,24 Aug 2025 1:00,324.69,0,324.69
Sunday,24 Aug 2025 2:00,325.37,0,325.37
Sunday,24 Aug 2025 3:00,653.93,0,331.94
Sunday,24 Aug 2025 4:00,331.61,0,331.61
Sunday,24 Aug 2025 5:00,333.1,0,333.1
Sunday,24 Aug 2025 6:00,328.42,0,328.42
Sunday,24 Aug 2025 7:00,330.85,0,330.85
Sunday,24 Aug 2025 8:00,459.43,0,459.43
Sunday,24 Aug 2025 9:00,414.05,0,414.05
Sunday,24 Aug 2025 10:00,335.11,0,335.11
Sunday,24 Aug 2025 11:00,334.32,0,334.32
Sunday,24 Aug 2025 12:00,403.52,0,403.52
Sunday,24 Aug 2025 13:00,507.86,0,507.86
Sunday,24 Aug 2025 14:00,751.03,0,751.03
Sunday,24 Aug 2025 15:00,640.07,0,640.07
Sunday,24 Aug 2025 16:00,597.46,0,597.46
Sunday,24 Aug 2025 17:00,645.37,0,645.37
Sunday,24 Aug 2025 18:00,575.34,0,575.34
Sunday,24 Aug 2025 19:00,334.68,0,334.68
Sunday,24 Aug 2025 20:00,334.9,0,334.9
Sunday,24 Aug 2025 21:00,332.73,0,332.73
Sunday,24 Aug 2025 22:00,338.8,0,338.8
Sunday,24 Aug 2025 23:00,340.02,0,340.02
Monday,25 Aug 2025 0:00,332.72,0,332.72
Monday,25 Aug 2025 1:00,365.38,0,365.38
Monday,25 Aug 2025 2:00,380.77,0,380.77
Monday,25 Aug 2025 3:00,896.47,0,378.84
Monday,25 Aug 2025 4:00,357.06,0,357.06
Monday,25 Aug 2025 5:00,329.54,0,329.54
Monday,25 Aug 2025 6:00,332.07,0,332.07
Monday,25 Aug 2025 7:00,399.32,0,399.32
Monday,25 Aug 2025 8:00,735.09,0,735.09
Monday,25 Aug 2025 9:00,763.03,0,763.03
Monday,25 Aug 2025 10:00,938.36,0,938.36
Monday,25 Aug 2025 11:00,"1,132",0,"1,132"
Monday,25 Aug 2025 12:00,"1,273",0,"1,273"
Monday,25 Aug 2025 13:00,"1,323",0,"1,323"
Monday,25 Aug 2025 14:00,"1,723",0,"1,723"
Monday,25 Aug 2025 15:00,"1,662",0,"1,662"
Monday,25 Aug 2025 16:00,"1,671",0,"1,671"
Monday,25 Aug 2025 17:00,"1,428",0,"1,428"
Monday,25 Aug 2025 18:00,"1,038",0,"1,038"
Monday,25 Aug 2025 19:00,695.11,0,695.11
Monday,25 Aug 2025 20:00,565.96,0,565.96
Monday,25 Aug 2025 21:00,338.62,0,338.62
Monday,25 Aug 2025 22:00,336.96,0,336.96
Monday,25 Aug 2025 23:00,251.23,0,340.87
Tuesday,26 Aug 2025 0:00,419.69,0,330.06
Tuesday,26 Aug 2025 1:00,328.92,0,328.92
Tuesday,26 Aug 2025 2:00,336.56,0,336.56
Tuesday,26 Aug 2025 3:00,673.03,0,334.27
Tuesday,26 Aug 2025 4:00,332.23,0,332.23
Tuesday,26 Aug 2025 5:00,334.8,0,334.8
Tuesday,26 Aug 2025 6:00,401.65,0,401.65
Tuesday,26 Aug 2025 7:00,326.93,0,326.93
Tuesday,26 Aug 2025 8:00,594.44,0,594.44
Tuesday,26 Aug 2025 9:00,354.33,0,354.33
Tuesday,26 Aug 2025 10:00,567.83,0,567.83
Tuesday,26 Aug 2025 11:00,598.17,0,598.17
Tuesday,26 Aug 2025 12:00,537.04,0,537.04
Tuesday,26 Aug 2025 13:00,478.69,0,478.69
Tuesday,26 Aug 2025 14:00,373.2,0,373.2
Tuesday,26 Aug 2025 15:00,476.28,0,476.28
Tuesday,26 Aug 2025 16:00,452.24,0,452.24
Tuesday,26 Aug 2025 17:00,581.88,0,581.88
Tuesday,26 Aug 2025 18:00,324.52,0,324.52
Tuesday,26 Aug 2025 19:00,323.1,0,323.1
Tuesday,26 Aug 2025 20:00,331.23,0,331.23
Tuesday,26 Aug 2025 21:00,334.82,0,334.82
Tuesday,26 Aug 2025 22:00,334.58,0,334.58
Tuesday,26 Aug 2025 23:00,249.75,0,332.42
Wednesday,27 Aug 2025 0:00,421.76,0,339.09
Wednesday,27 Aug 2025 1:00,336.96,0,336.96
Wednesday,27 Aug 2025 2:00,329.22,0,329.22
Wednesday,27 Aug 2025 3:00,575.48,0,330.49
Wednesday,27 Aug 2025 4:00,415.15,0,333.49
Wednesday,27 Aug 2025 5:00,328.41,0,328.41
Wednesday,27 Aug 2025 6:00,327.72,0,327.72
Wednesday,27 Aug 2025 7:00,331.28,0,331.28
Wednesday,27 Aug 2025 8:00,335.39,0,335.39
Wednesday,27 Aug 2025 9:00,247.81,0,247.81
Wednesday,27 Aug 2025 10:00,358.05,0,358.05
Wednesday,27 Aug 2025 11:00,382.21,0,382.21
Wednesday,27 Aug 2025 12:00,472.2,0,472.2
Wednesday,27 Aug 2025 13:00,429.46,0,429.46
Wednesday,27 Aug 2025 14:00,599.03,0,599.03
Wednesday,27 Aug 2025 15:00,369.64,0,369.64
Wednesday,27 Aug 2025 16:00,334.08,0,334.08
Wednesday,27 Aug 2025 17:00,337.02,0,337.02
Wednesday,27 Aug 2025 18:00,332.03,0,332.03
Wednesday,27 Aug 2025 19:00,328.25,0,328.25
Wednesday,27 Aug 2025 20:00,331.17,0,331.17
Wednesday,27 Aug 2025 21:00,331.88,0,331.88
Wednesday,27 Aug 2025 22:00,335.83,0,335.83
Wednesday,27 Aug 2025 23:00,325.93,0,325.93
Thursday,28 Aug 2025 0:00,335.11,0,335.11
Thursday,28 Aug 2025 1:00,336.13,0,336.13
Thursday,28 Aug 2025 2:00,332.03,0,332.03
Thursday,28 Aug 2025 3:00,657.99,0,326.85
Thursday,28 Aug 2025 4:00,325.87,0,325.87
Thursday,28 Aug 2025 5:00,323.13,0,323.13
Thursday,28 Aug 2025 6:00,331.98,0,331.98
Thursday,28 Aug 2025 7:00,332.79,0,332.79
Thursday,28 Aug 2025 8:00,404.49,0,404.49
Thursday,28 Aug 2025 9:00,369.47,0,369.47
Thursday,28 Aug 2025 10:00,346.41,0,346.41
Thursday,28 Aug 2025 11:00,427.4,0,427.4
Thursday,28 Aug 2025 12:00,400.15,0,400.15
Thursday,28 Aug 2025 13:00,324.08,0,324.08
Thursday,28 Aug 2025 14:00,322.51,0,322.51
Thursday,28 Aug 2025 15:00,318.97,0,318.97
Thursday,28 Aug 2025 16:00,326.15,0,326.15
Thursday,28 Aug 2025 17:00,325.91,0,325.91
Thursday,28 Aug 2025 18:00,325.19,0,325.19
Thursday,28 Aug 2025 19:00,328.6,0,328.6
Thursday,28 Aug 2025 20:00,332.14,0,332.14
Thursday,28 Aug 2025 21:00,333.89,0,333.89
Thursday,28 Aug 2025 22:00,331.8,0,331.8
Thursday,28 Aug 2025 23:00,245.93,0,327.13
Friday,29 Aug 2025 0:00,410.55,0,329.35
Friday,29 Aug 2025 1:00,330.01,0,330.01
Friday,29 Aug 2025 2:00,332.96,0,332.96
Friday,29 Aug 2025 3:00,659.53,0,332.13
Friday,29 Aug 2025 4:00,332.55,0,332.55
Friday,29 Aug 2025 5:00,327.53,0,327.53
Friday,29 Aug 2025 6:00,341.17,0,341.17
Friday,29 Aug 2025 7:00,335.82,0,335.82
Friday,29 Aug 2025 8:00,328.49,0,328.49
Friday,29 Aug 2025 9:00,331.23,0,331.23
Friday,29 Aug 2025 10:00,388.8,0,388.8
Friday,29 Aug 2025 11:00,325.05,0,325.05
Friday,29 Aug 2025 12:00,325.4,0,325.4
Friday,29 Aug 2025 13:00,321.39,0,321.39
Friday,29 Aug 2025 14:00,337.4,0,337.4
Friday,29 Aug 2025 15:00,243.18,0,243.18
Friday,29 Aug 2025 16:00,329.77,0,329.77
Friday,29 Aug 2025 17:00,329.65,0,329.65
Friday,29 Aug 2025 18:00,329.57,0,329.57
Friday,29 Aug 2025 19:00,328.17,0,328.17
Friday,29 Aug 2025 20:00,333.76,0,333.76
Friday,29 Aug 2025 21:00,331.75,0,331.75
Friday,29 Aug 2025 22:00,335.87,0,335.87
Friday,29 Aug 2025 23:00,331.79,0,331.79
Saturday,30 Aug 2025 0:00,337.48,0,337.48
Saturday,30 Aug 2025 1:00,332.21,0,332.21
Saturday,30 Aug 2025 2:00,333.47,0,333.47
Saturday,30 Aug 2025 3:00,656.28,0,329.7
Saturday,30 Aug 2025 4:00,328.08,0,328.08
Saturday,30 Aug 2025 5:00,332.61,0,332.61
Saturday,30 Aug 2025 6:00,330.36,0,330.36
Saturday,30 Aug 2025 7:00,330.02,0,330.02
Saturday,30 Aug 2025 8:00,327.7,0,327.7
Saturday,30 Aug 2025 9:00,328.18,0,328.18
Saturday,30 Aug 2025 10:00,329.15,0,329.15
Saturday,30 Aug 2025 11:00,329.62,0,329.62
Saturday,30 Aug 2025 12:00,328.73,0,328.73
Saturday,30 Aug 2025 13:00,327.8,0,327.8
Saturday,30 Aug 2025 14:00,333.74,0,333.74
Saturday,30 Aug 2025 15:00,326.48,0,326.48
Saturday,30 Aug 2025 16:00,324.12,0,324.12
Saturday,30 Aug 2025 17:00,336.4,0,336.4
Saturday,30 Aug 2025 18:00,332.77,0,332.77
Saturday,30 Aug 2025 19:00,331.04,0,331.04
Saturday,30 Aug 2025 20:00,337.1,0,337.1
Saturday,30 Aug 2025 21:00,335.34,0,335.34
Saturday,30 Aug 2025 22:00,334.17,0,334.17
Saturday,30 Aug 2025 23:00,329.63,0,329.63
Sunday,31 Aug 2025 0:00,334.2,0,334.2
Sunday,31 Aug 2025 1:00,329.59,0,329.59
Sunday,31 Aug 2025 2:00,332.05,0,332.05
Sunday,31 Aug 2025 3:00,670.74,0,334.97
Sunday,31 Aug 2025 4:00,330.04,0,330.04
Sunday,31 Aug 2025 5:00,327.57,0,327.57
Sunday,31 Aug 2025 6:00,325.28,0,325.28
Sunday,31 Aug 2025 7:00,320.24,0,320.24
Sunday,31 Aug 2025 8:00,327.26,0,327.26
Sunday,31 Aug 2025 9:00,325.51,0,325.51
Sunday,31 Aug 2025 10:00,319.21,0,319.21
Sunday,31 Aug 2025 11:00,325.62,0,325.62
Sunday,31 Aug 2025 12:00,322.31,0,322.31
Sunday,31 Aug 2025 13:00,326.75,0,326.75
Sunday,31 Aug 2025 14:00,334.26,0,334.26
Sunday,31 Aug 2025 15:00,333.67,0,333.67
Sunday,31 Aug 2025 16:00,342.34,0,342.34
Sunday,31 Aug 2025 17:00,333.07,0,333.07
Sunday,31 Aug 2025 18:00,323.77,0,323.77
Sunday,31 Aug 2025 19:00,332.48,0,332.48
Sunday,31 Aug 2025 20:00,334.12,0,334.12
Sunday,31 Aug 2025 21:00,329.59,0,329.59
Sunday,31 Aug 2025 22:00,329.54,0,329.54
Sunday,31 Aug 2025 23:00,248.05,0,330.44
Monday,01 Sep 2025 0:00,417.5,0,335.1
Monday,01 Sep 2025 1:00,327.25,0,327.25
Monday,01 Sep 2025 2:00,327.51,0,327.51
Monday,01 Sep 2025 3:00,664.89,0,333.17
Monday,01 Sep 2025 4:00,330.58,0,330.58
Monday,01 Sep 2025 5:00,334.36,0,334.36
Monday,01 Sep 2025 6:00,330.08,0,330.08
Monday,01 Sep 2025 7:00,330.03,0,330.03
Monday,01 Sep 2025 8:00,325.47,0,325.47
Monday,01 Sep 2025 9:00,328.4,0,328.4
Monday,01 Sep 2025 10:00,329.47,0,329.47
Monday,01 Sep 2025 11:00,332.13,0,332.13
Monday,01 Sep 2025 12:00,325.83,0,325.83
Monday,01 Sep 2025 13:00,247.07,0,247.07
Monday,01 Sep 2025 14:00,324.06,0,324.06
Monday,01 Sep 2025 15:00,335.07,0,335.07
Monday,01 Sep 2025 16:00,342.89,0,342.89
Monday,01 Sep 2025 17:00,329.36,0,329.36
Monday,01 Sep 2025 18:00,333.97,0,333.97
Monday,01 Sep 2025 19:00,335.08,0,335.08
Monday,01 Sep 2025 20:00,333.95,0,333.95
Monday,01 Sep 2025 21:00,334.53,0,334.53
Monday,01 Sep 2025 22:00,331.22,0,331.22
Monday,01 Sep 2025 23:00,330.66,0,330.66
Tuesday,02 Sep 2025 0:00,331.1,0,331.1
Tuesday,02 Sep 2025 1:00,329.48,0,329.48
Tuesday,02 Sep 2025 2:00,327.97,0,327.97
Tuesday,02 Sep 2025 3:00,668.55,0,330.15
Tuesday,02 Sep 2025 4:00,327.67,0,327.67
Tuesday,02 Sep 2025 5:00,326.99,0,326.99
Tuesday,02 Sep 2025 6:00,323.51,0,323.51
Tuesday,02 Sep 2025 7:00,380.61,0,380.61
Tuesday,02 Sep 2025 8:00,374.94,0,374.94
Tuesday,02 Sep 2025 9:00,335.85,0,335.85
Tuesday,02 Sep 2025 10:00,332.22,0,332.22
Tuesday,02 Sep 2025 11:00,331.38,0,331.38
Tuesday,02 Sep 2025 12:00,335.61,0,335.61
Tuesday,02 Sep 2025 13:00,319.76,0,319.76
Tuesday,02 Sep 2025 14:00,530.93,0,530.93
Tuesday,02 Sep 2025 15:00,460.29,0,460.29
Tuesday,02 Sep 2025 16:00,345.87,0,345.87
Tuesday,02 Sep 2025 17:00,473.25,0,473.25
Tuesday,02 Sep 2025 18:00,336.06,0,336.06
Tuesday,02 Sep 2025 19:00,333.69,0,333.69
Tuesday,02 Sep 2025 20:00,335.82,0,335.82
Tuesday,02 Sep 2025 21:00,337.73,0,337.73
Tuesday,02 Sep 2025 22:00,336.24,0,336.24
Tuesday,02 Sep 2025 23:00,338.91,0,338.91
Wednesday,03 Sep 2025 0:00,335.14,0,335.14
Wednesday,03 Sep 2025 1:00,329.77,0,329.77
Wednesday,03 Sep 2025 2:00,326.39,0,326.39
Wednesday,03 Sep 2025 3:00,676.6,0,333.22
Wednesday,03 Sep 2025 4:00,329.1,0,329.1
Wednesday,03 Sep 2025 5:00,328.95,0,328.95
Wednesday,03 Sep 2025 6:00,330.52,0,330.52
Wednesday,03 Sep 2025 7:00,351.84,0,351.84
Wednesday,03 Sep 2025 8:00,374.04,0,374.04
Wednesday,03 Sep 2025 9:00,409.8,0,409.8
Wednesday,03 Sep 2025 10:00,532.31,0,532.31
Wednesday,03 Sep 2025 11:00,397.29,0,397.29
Wednesday,03 Sep 2025 12:00,430.54,0,430.54
Wednesday,03 Sep 2025 13:00,587.59,0,587.59
Wednesday,03 Sep 2025 14:00,636.41,0,636.41
Wednesday,03 Sep 2025 15:00,527.01,0,527.01
Wednesday,03 Sep 2025 16:00,562.54,0,562.54
Wednesday,03 Sep 2025 17:00,385.65,0,385.65
Wednesday,03 Sep 2025 18:00,340.34,0,340.34
Wednesday,03 Sep 2025 19:00,332.79,0,332.79
Wednesday,03 Sep 2025 20:00,335.22,0,335.22
Wednesday,03 Sep 2025 21:00,328.41,0,328.41
Wednesday,03 Sep 2025 22:00,329.57,0,329.57
Wednesday,03 Sep 2025 23:00,251.67,0,337.16
Thursday,04 Sep 2025 0:00,417.32,0,331.84
Thursday,04 Sep 2025 1:00,331.51,0,331.51
Thursday,04 Sep 2025 2:00,323.35,0,323.35
Thursday,04 Sep 2025 3:00,579.65,0,331.22
Thursday,04 Sep 2025 4:00,328.82,0,246.01
Thursday,04 Sep 2025 5:00,326.85,0,326.85
Thursday,04 Sep 2025 6:00,327.86,0,327.86
Thursday,04 Sep 2025 7:00,332.97,0,332.97
Thursday,04 Sep 2025 8:00,329,0,329
Thursday,04 Sep 2025 9:00,437.47,0,437.47
Thursday,04 Sep 2025 10:00,340.97,0,340.97
Thursday,04 Sep 2025 11:00,327.31,0,327.31
Thursday,04 Sep 2025 12:00,328.04,0,328.04
Thursday,04 Sep 2025 13:00,331.95,0,331.95
Thursday,04 Sep 2025 14:00,357.06,0,357.06
Thursday,04 Sep 2025 15:00,453.29,0,453.29
Thursday,04 Sep 2025 16:00,370.46,0,370.46
Thursday,04 Sep 2025 17:00,284.42,0,371.68
Thursday,04 Sep 2025 18:00,411.52,0,324.26
Thursday,04 Sep 2025 19:00,331.89,0,331.89
Thursday,04 Sep 2025 20:00,332.75,0,332.75
Thursday,04 Sep 2025 21:00,336.34,0,336.34
Thursday,04 Sep 2025 22:00,340.05,0,340.05
Thursday,04 Sep 2025 23:00,343.1,0,343.1
Friday,05 Sep 2025 0:00,335.63,0,335.63
Friday,05 Sep 2025 1:00,325.9,0,325.9
Friday,05 Sep 2025 2:00,328.64,0,328.64
Friday,05 Sep 2025 3:00,663.9,0,329.09
Friday,05 Sep 2025 4:00,326.77,0,326.77
Friday,05 Sep 2025 5:00,321.91,0,321.91
Friday,05 Sep 2025 6:00,322.56,0,322.56
Friday,05 Sep 2025 7:00,326.38,0,326.38
Friday,05 Sep 2025 8:00,513.79,0,513.79
Friday,05 Sep 2025 9:00,462.06,0,462.06
Friday,05 Sep 2025 10:00,539.72,0,539.72
Friday,05 Sep 2025 11:00,731.52,0,731.52
Friday,05 Sep 2025 12:00,"1,015",0,"1,015"
Friday,05 Sep 2025 13:00,"1,260",0,"1,260"
Friday,05 Sep 2025 14:00,"1,452",0,"1,452"
Friday,05 Sep 2025 15:00,"1,405",0,"1,405"
Friday,05 Sep 2025 16:00,"1,521",0,"1,521"
Friday,05 Sep 2025 17:00,"1,283",0,"1,283"
Friday,05 Sep 2025 18:00,853.46,0,853.46
Friday,05 Sep 2025 19:00,585.99,0,585.99
Friday,05 Sep 2025 20:00,377.94,0,377.94
Friday,05 Sep 2025 21:00,395.06,0,395.06
Friday,05 Sep 2025 22:00,388.02,0,388.02
Friday,05 Sep 2025 23:00,388.69,0,474.86
Saturday,06 Sep 2025 0:00,428.67,0,342.5
Saturday,06 Sep 2025 1:00,339.91,0,339.91
Saturday,06 Sep 2025 2:00,349.09,0,349.09
Saturday,06 Sep 2025 3:00,659.57,0,330.86
Saturday,06 Sep 2025 4:00,517.66,0,517.66
Saturday,06 Sep 2025 5:00,330.35,0,330.35
Saturday,06 Sep 2025 6:00,337.57,0,337.57
Saturday,06 Sep 2025 7:00,514.36,0,514.36
Saturday,06 Sep 2025 8:00,706.34,0,706.34
Saturday,06 Sep 2025 9:00,"1,059",0,"1,059"
Saturday,06 Sep 2025 10:00,"1,030",0,"1,030"
Saturday,06 Sep 2025 11:00,"1,583",0,"1,583"
Saturday,06 Sep 2025 12:00,"1,739",0,"1,739"
Saturday,06 Sep 2025 13:00,"1,783",0,"1,783"
Saturday,06 Sep 2025 14:00,"1,975",0,"1,975"
Saturday,06 Sep 2025 15:00,"1,975",0,"1,975"
Saturday,06 Sep 2025 16:00,"2,411",0,"2,411"
Saturday,06 Sep 2025 17:00,"1,952",0,"1,952"
Saturday,06 Sep 2025 18:00,"1,443",0,"1,443"
Saturday,06 Sep 2025 19:00,738.82,0,738.82
Saturday,06 Sep 2025 20:00,895.3,0,895.3
Saturday,06 Sep 2025 21:00,822.68,0,822.68
Saturday,06 Sep 2025 22:00,947.37,0,947.37
Saturday,06 Sep 2025 23:00,913.43,0,913.43
Sunday,07 Sep 2025 0:00,411.49,0,411.49
Sunday,07 Sep 2025 1:00,348.71,0,348.71
Sunday,07 Sep 2025 2:00,419.24,0,419.24
Sunday,07 Sep 2025 3:00,727.98,0,354.25
Sunday,07 Sep 2025 4:00,591.14,0,591.14
Sunday,07 Sep 2025 5:00,374.45,0,374.45
Sunday,07 Sep 2025 6:00,335.51,0,335.51
Sunday,07 Sep 2025 7:00,444.15,0,444.15
Sunday,07 Sep 2025 8:00,715.68,0,715.68
Sunday,07 Sep 2025 9:00,755.76,0,755.76
Sunday,07 Sep 2025 10:00,664.59,0,664.59
Sunday,07 Sep 2025 11:00,512.49,0,512.49
Sunday,07 Sep 2025 12:00,326.31,0,326.31
Sunday,07 Sep 2025 13:00,329.49,0,329.49
Sunday,07 Sep 2025 14:00,342.91,0,342.91
Sunday,07 Sep 2025 15:00,371.67,0,371.67
Sunday,07 Sep 2025 16:00,375.22,0,375.22
Sunday,07 Sep 2025 17:00,395.74,0,395.74
Sunday,07 Sep 2025 18:00,326.69,0,326.69
Sunday,07 Sep 2025 19:00,325.37,0,325.37
Sunday,07 Sep 2025 20:00,333.25,0,333.25
Sunday,07 Sep 2025 21:00,334.76,0,334.76
Sunday,07 Sep 2025 22:00,336.83,0,336.83
Sunday,07 Sep 2025 23:00,253.63,0,336.38
Monday,08 Sep 2025 0:00,416.94,0,334.19
Monday,08 Sep 2025 1:00,332.33,0,332.33
Monday,08 Sep 2025 2:00,332.22,0,332.22
Monday,08 Sep 2025 3:00,664.44,0,331.55
Monday,08 Sep 2025 4:00,330.59,0,330.59
Monday,08 Sep 2025 5:00,322.22,0,322.22
Monday,08 Sep 2025 6:00,345.5,0,345.5
Monday,08 Sep 2025 7:00,432.68,0,432.68
Monday,08 Sep 2025 8:00,453.75,0,453.75
Monday,08 Sep 2025 9:00,321.42,0,321.42
Monday,08 Sep 2025 10:00,345.84,0,345.84
Monday,08 Sep 2025 11:00,490.39,0,490.39
Monday,08 Sep 2025 12:00,380.78,0,380.78
Monday,08 Sep 2025 13:00,358.75,0,358.75
Monday,08 Sep 2025 14:00,325.68,0,325.68
Monday,08 Sep 2025 15:00,323.73,0,323.73
Monday,08 Sep 2025 16:00,333.98,0,333.98
Monday,08 Sep 2025 17:00,322.76,0,322.76
Monday,08 Sep 2025 18:00,318.94,0,318.94
Monday,08 Sep 2025 19:00,244.12,0,326.28
Monday,08 Sep 2025 20:00,326.24,0,326.24
Monday,08 Sep 2025 21:00,328.47,0,328.47
Monday,08 Sep 2025 22:00,245.92,0,245.92
Monday,08 Sep 2025 23:00,247.69,0,328.92
Tuesday,09 Sep 2025 0:00,416.23,0,335
Tuesday,09 Sep 2025 1:00,331.57,0,331.57
Tuesday,09 Sep 2025 2:00,330.4,0,330.4
Tuesday,09 Sep 2025 3:00,568.98,0,324.86
Tuesday,09 Sep 2025 4:00,406.68,0,325.3
Tuesday,09 Sep 2025 5:00,320.44,0,320.44
Tuesday,09 Sep 2025 6:00,321.91,0,321.91
Tuesday,09 Sep 2025 7:00,319.5,0,319.5
Tuesday,09 Sep 2025 8:00,371.37,0,371.37
Tuesday,09 Sep 2025 9:00,328.7,0,328.7
Tuesday,09 Sep 2025 10:00,360.42,0,360.42
Tuesday,09 Sep 2025 11:00,324.52,0,324.52
Tuesday,09 Sep 2025 12:00,355.85,0,355.85
Tuesday,09 Sep 2025 13:00,329.99,0,329.99
Tuesday,09 Sep 2025 14:00,394.69,0,394.69
Tuesday,09 Sep 2025 15:00,334.28,0,334.28
Tuesday,09 Sep 2025 16:00,344.81,0,344.81
Tuesday,09 Sep 2025 17:00,324.1,0,324.1
Tuesday,09 Sep 2025 18:00,315.37,0,315.37
Tuesday,09 Sep 2025 19:00,324.97,0,324.97
Tuesday,09 Sep 2025 20:00,326.93,0,326.93
Tuesday,09 Sep 2025 21:00,334.32,0,334.32
Tuesday,09 Sep 2025 22:00,333.32,0,333.32
Tuesday,09 Sep 2025 23:00,332.83,0,332.83
Wednesday,10 Sep 2025 0:00,333.16,0,333.16
Wednesday,10 Sep 2025 1:00,333.4,0,333.4
Wednesday,10 Sep 2025 2:00,328.49,0,328.49
Wednesday,10 Sep 2025 3:00,661.26,0,329.05
Wednesday,10 Sep 2025 4:00,323.09,0,323.09
Wednesday,10 Sep 2025 5:00,323.77,0,323.77
Wednesday,10 Sep 2025 6:00,320.46,0,320.46
Wednesday,10 Sep 2025 7:00,328.88,0,328.88
Wednesday,10 Sep 2025 8:00,402.31,0,402.31
Wednesday,10 Sep 2025 9:00,330.92,0,330.92
Wednesday,10 Sep 2025 10:00,332.53,0,332.53
Wednesday,10 Sep 2025 11:00,426.67,0,426.67
Wednesday,10 Sep 2025 12:00,331.53,0,331.53
Wednesday,10 Sep 2025 13:00,321.71,0,321.71
Wednesday,10 Sep 2025 14:00,320.92,0,320.92
Wednesday,10 Sep 2025 15:00,322.67,0,322.67
Wednesday,10 Sep 2025 16:00,325.27,0,325.27
Wednesday,10 Sep 2025 17:00,331.89,0,331.89
Wednesday,10 Sep 2025 18:00,325.35,0,325.35
Wednesday,10 Sep 2025 19:00,327.97,0,327.97
Wednesday,10 Sep 2025 20:00,331.17,0,331.17
Wednesday,10 Sep 2025 21:00,325.27,0,325.27
Wednesday,10 Sep 2025 22:00,318.99,0,318.99
Wednesday,10 Sep 2025 23:00,240.62,0,322.76
Thursday,11 Sep 2025 0:00,402.85,0,320.71
Thursday,11 Sep 2025 1:00,325.33,0,325.33
Thursday,11 Sep 2025 2:00,326.34,0,326.34
Thursday,11 Sep 2025 3:00,658.95,0,328.63
Thursday,11 Sep 2025 4:00,329.42,0,329.42
Thursday,11 Sep 2025 5:00,327.74,0,327.74
Thursday,11 Sep 2025 6:00,326.81,0,326.81
Thursday,11 Sep 2025 7:00,329.04,0,329.04
Thursday,11 Sep 2025 8:00,323.54,0,323.54
Thursday,11 Sep 2025 9:00,377.83,0,377.83
Thursday,11 Sep 2025 10:00,351.71,0,351.71
Thursday,11 Sep 2025 11:00,334.29,0,334.29
Thursday,11 Sep 2025 12:00,346.02,0,346.02
Thursday,11 Sep 2025 13:00,448.61,0,448.61
Thursday,11 Sep 2025 14:00,535.17,0,535.17
Thursday,11 Sep 2025 15:00,434.75,0,434.75
Thursday,11 Sep 2025 16:00,362.22,0,362.22
Thursday,11 Sep 2025 17:00,329.94,0,329.94
Thursday,11 Sep 2025 18:00,330.89,0,330.89
Thursday,11 Sep 2025 19:00,325.56,0,325.56
Thursday,11 Sep 2025 20:00,323.58,0,323.58
Thursday,11 Sep 2025 21:00,327.92,0,327.92
Thursday,11 Sep 2025 22:00,325.4,0,325.4
Thursday,11 Sep 2025 23:00,248.81,0,331.51
Friday,12 Sep 2025 0:00,413.59,0,330.9
Friday,12 Sep 2025 1:00,332.45,0,332.45
Friday,12 Sep 2025 2:00,244.95,0,244.95
Friday,12 Sep 2025 3:00,655.04,0,329.9
Friday,12 Sep 2025 4:00,332.99,0,332.99
Friday,12 Sep 2025 5:00,326.51,0,326.51
Friday,12 Sep 2025 6:00,325.46,0,325.46
Friday,12 Sep 2025 7:00,326.46,0,326.46
Friday,12 Sep 2025 8:00,337.36,0,337.36
Friday,12 Sep 2025 9:00,339.36,0,339.36
Friday,12 Sep 2025 10:00,348.4,0,348.4
Friday,12 Sep 2025 11:00,321.96,0,321.96
Friday,12 Sep 2025 12:00,327.46,0,327.46
Friday,12 Sep 2025 13:00,322.13,0,322.13
Friday,12 Sep 2025 14:00,324.73,0,324.73
Friday,12 Sep 2025 15:00,328.15,0,328.15
Friday,12 Sep 2025 16:00,323.54,0,323.54
Friday,12 Sep 2025 17:00,328.27,0,328.27
Friday,12 Sep 2025 18:00,323.48,0,323.48
Friday,12 Sep 2025 19:00,323.46,0,323.46
Friday,12 Sep 2025 20:00,328.09,0,328.09
Friday,12 Sep 2025 21:00,327.06,0,327.06
Friday,12 Sep 2025 22:00,329.17,0,329.17
Friday,12 Sep 2025 23:00,330.68,0,330.68
Saturday,13 Sep 2025 0:00,328.15,0,328.15
Saturday,13 Sep 2025 1:00,328.81,0,328.81
Saturday,13 Sep 2025 2:00,323.66,0,323.66
Saturday,13 Sep 2025 3:00,655.28,0,330.27
Saturday,13 Sep 2025 4:00,327.76,0,327.76
Saturday,13 Sep 2025 5:00,244.64,0,326.52
Saturday,13 Sep 2025 6:00,410.06,0,328.18
Saturday,13 Sep 2025 7:00,330.66,0,330.66
Saturday,13 Sep 2025 8:00,332.06,0,332.06
Saturday,13 Sep 2025 9:00,321.97,0,321.97
Saturday,13 Sep 2025 10:00,321.82,0,321.82
Saturday,13 Sep 2025 11:00,319.72,0,319.72
Saturday,13 Sep 2025 12:00,322.48,0,322.48
Saturday,13 Sep 2025 13:00,324.05,0,324.05
Saturday,13 Sep 2025 14:00,334.18,0,334.18
Saturday,13 Sep 2025 15:00,326.53,0,326.53
Saturday,13 Sep 2025 16:00,322.25,0,322.25
Saturday,13 Sep 2025 17:00,327.01,0,327.01
Saturday,13 Sep 2025 18:00,325.92,0,325.92
Saturday,13 Sep 2025 19:00,325.88,0,325.88
Saturday,13 Sep 2025 20:00,331.41,0,331.41
Saturday,13 Sep 2025 21:00,324.61,0,324.61
Saturday,13 Sep 2025 22:00,325.72,0,325.72
Saturday,13 Sep 2025 23:00,243.48,0,324.15
Sunday,14 Sep 2025 0:00,405.88,0,325.21
Sunday,14 Sep 2025 1:00,325.51,0,325.51
Sunday,14 Sep 2025 2:00,327.47,0,327.47
Sunday,14 Sep 2025 3:00,649.71,0,324.02
Sunday,14 Sep 2025 4:00,323.46,0,323.46
Sunday,14 Sep 2025 5:00,325.74,0,325.74
Sunday,14 Sep 2025 6:00,328.57,0,328.57
Sunday,14 Sep 2025 7:00,326.38,0,326.38
Sunday,14 Sep 2025 8:00,319.78,0,319.78
Sunday,14 Sep 2025 9:00,434.57,0,434.57
Sunday,14 Sep 2025 10:00,323.33,0,323.33
Sunday,14 Sep 2025 11:00,325.94,0,325.94
Sunday,14 Sep 2025 12:00,322.06,0,322.06
Sunday,14 Sep 2025 13:00,326.97,0,326.97
Sunday,14 Sep 2025 14:00,330.23,0,330.23
Sunday,14 Sep 2025 15:00,330.25,0,330.25
Sunday,14 Sep 2025 16:00,324.07,0,324.07
Sunday,14 Sep 2025 17:00,325.75,0,325.75
Sunday,14 Sep 2025 18:00,328.94,0,328.94
Sunday,14 Sep 2025 19:00,328.03,0,328.03
Sunday,14 Sep 2025 20:00,328.39,0,328.39
Sunday,14 Sep 2025 21:00,330.52,0,330.52
Sunday,14 Sep 2025 22:00,335.55,0,335.55
Sunday,14 Sep 2025 23:00,332.88,0,332.88
Monday,15 Sep 2025 0:00,329.98,0,329.98
Monday,15 Sep 2025 1:00,325.47,0,325.47
Monday,15 Sep 2025 2:00,326.35,0,326.35
Monday,15 Sep 2025 3:00,658.58,0,328.59
Monday,15 Sep 2025 4:00,330.77,0,330.77
Monday,15 Sep 2025 5:00,323.93,0,323.93
Monday,15 Sep 2025 6:00,323.06,0,323.06
Monday,15 Sep 2025 7:00,340.78,0,340.78
Monday,15 Sep 2025 8:00,339.91,0,339.91
Monday,15 Sep 2025 9:00,336.96,0,336.96
Monday,15 Sep 2025 10:00,328.4,0,328.4
Monday,15 Sep 2025 11:00,360.04,0,360.04
Monday,15 Sep 2025 12:00,362.87,0,362.87
Monday,15 Sep 2025 13:00,300.71,0,300.71
Monday,15 Sep 2025 14:00,315.03,0,315.03
Monday,15 Sep 2025 15:00,318.51,0,318.51
Monday,15 Sep 2025 16:00,329.55,0,329.55
Monday,15 Sep 2025 17:00,340.94,0,340.94
Monday,15 Sep 2025 18:00,328.26,0,328.26
Monday,15 Sep 2025 19:00,327.89,0,327.89
Monday,15 Sep 2025 20:00,331.43,0,331.43
Monday,15 Sep 2025 21:00,334.42,0,334.42
Monday,15 Sep 2025 22:00,326.62,0,326.62
Monday,15 Sep 2025 23:00,253.63,0,338.4
Tuesday,16 Sep 2025 0:00,412.93,0,328.16
Tuesday,16 Sep 2025 1:00,327.94,0,327.94
Tuesday,16 Sep 2025 2:00,332.05,0,332.05
Tuesday,16 Sep 2025 3:00,654.67,0,329.47
Tuesday,16 Sep 2025 4:00,329.94,0,329.94
Tuesday,16 Sep 2025 5:00,325.32,0,325.32
Tuesday,16 Sep 2025 6:00,318.58,0,318.58
Tuesday,16 Sep 2025 7:00,298.44,0,298.44
Tuesday,16 Sep 2025 8:00,348.43,0,348.43
Tuesday,16 Sep 2025 9:00,347.8,0,347.8
Tuesday,16 Sep 2025 10:00,478.53,0,478.53
Tuesday,16 Sep 2025 11:00,337.92,0,337.92
Tuesday,16 Sep 2025 12:00,365.21,0,365.21
Tuesday,16 Sep 2025 13:00,328.43,0,328.43
Tuesday,16 Sep 2025 14:00,363.29,0,363.29
Tuesday,16 Sep 2025 15:00,480.8,0,480.8
Tuesday,16 Sep 2025 16:00,324.01,0,324.01
Tuesday,16 Sep 2025 17:00,324,0,324
Tuesday,16 Sep 2025 18:00,328.66,0,328.66
Tuesday,16 Sep 2025 19:00,333,0,333
Tuesday,16 Sep 2025 20:00,332.71,0,332.71
Tuesday,16 Sep 2025 21:00,331.42,0,331.42
Tuesday,16 Sep 2025 22:00,334.03,0,334.03
Tuesday,16 Sep 2025 23:00,249.12,0,334.43
Wednesday,17 Sep 2025 0:00,410.97,0,325.67
Wednesday,17 Sep 2025 1:00,325.3,0,325.3
Wednesday,17 Sep 2025 2:00,326.3,0,326.3
Wednesday,17 Sep 2025 3:00,579.01,0,328.18
Wednesday,17 Sep 2025 4:00,413.41,0,329.8
Wednesday,17 Sep 2025 5:00,327.57,0,327.57
Wednesday,17 Sep 2025 6:00,321.17,0,321.17
Wednesday,17 Sep 2025 7:00,244.73,0,244.73
Wednesday,17 Sep 2025 8:00,323.67,0,323.67
Wednesday,17 Sep 2025 9:00,318.18,0,318.18
Wednesday,17 Sep 2025 10:00,322.94,0,322.94
Wednesday,17 Sep 2025 11:00,376.21,0,376.21
Wednesday,17 Sep 2025 12:00,332.59,0,332.59
Wednesday,17 Sep 2025 13:00,340.48,0,340.48
Wednesday,17 Sep 2025 14:00,316.17,0,316.17
Wednesday,17 Sep 2025 15:00,313.89,0,313.89
Wednesday,17 Sep 2025 16:00,320.97,0,320.97
Wednesday,17 Sep 2025 17:00,325.68,0,325.68
Wednesday,17 Sep 2025 18:00,328.75,0,328.75
Wednesday,17 Sep 2025 19:00,325.86,0,325.86
Wednesday,17 Sep 2025 20:00,329.44,0,329.44
Wednesday,17 Sep 2025 21:00,326.84,0,326.84
Wednesday,17 Sep 2025 22:00,328,0,328
Wednesday,17 Sep 2025 23:00,327.65,0,327.65
Thursday,18 Sep 2025 0:00,325.91,0,325.91
Thursday,18 Sep 2025 1:00,327.12,0,327.12
Thursday,18 Sep 2025 2:00,327.96,0,327.96
Thursday,18 Sep 2025 3:00,652.5,0,325.1
Thursday,18 Sep 2025 4:00,326.76,0,326.76
Thursday,18 Sep 2025 5:00,328.34,0,328.34
Thursday,18 Sep 2025 6:00,322.36,0,322.36
Thursday,18 Sep 2025 7:00,320.15,0,320.15
Thursday,18 Sep 2025 8:00,348.91,0,348.91
Thursday,18 Sep 2025 9:00,319.19,0,319.19
Thursday,18 Sep 2025 10:00,340.97,0,340.97
Thursday,18 Sep 2025 11:00,314.73,0,314.73
Thursday,18 Sep 2025 12:00,398.84,0,398.84
Thursday,18 Sep 2025 13:00,740.22,0,740.22
Thursday,18 Sep 2025 14:00,796.32,0,796.32
Thursday,18 Sep 2025 15:00,835.91,0,835.91
Thursday,18 Sep 2025 16:00,458.64,0,458.64
Thursday,18 Sep 2025 17:00,528.21,0,528.21
Thursday,18 Sep 2025 18:00,393.32,0,393.32
Thursday,18 Sep 2025 19:00,323.67,0,323.67
Thursday,18 Sep 2025 20:00,324.54,0,324.54
Thursday,18 Sep 2025 21:00,323.91,0,323.91
Thursday,18 Sep 2025 22:00,328.05,0,328.05
Thursday,18 Sep 2025 23:00,243.94,0,326.7
Friday,19 Sep 2025 0:00,408.14,0,325.38
Friday,19 Sep 2025 1:00,324.32,0,324.32
Friday,19 Sep 2025 2:00,327.86,0,327.86
Friday,19 Sep 2025 3:00,661.98,0,329.6
Friday,19 Sep 2025 4:00,328.16,0,328.16
Friday,19 Sep 2025 5:00,322.2,0,322.2
Friday,19 Sep 2025 6:00,315.57,0,315.57
Friday,19 Sep 2025 7:00,336.03,0,336.03
Friday,19 Sep 2025 8:00,403.67,0,403.67
Friday,19 Sep 2025 9:00,369.42,0,369.42
Friday,19 Sep 2025 10:00,311.19,0,311.19
Friday,19 Sep 2025 11:00,311.23,0,311.23
Friday,19 Sep 2025 12:00,362.98,0,362.98
Friday,19 Sep 2025 13:00,416.23,0,416.23
Friday,19 Sep 2025 14:00,324.11,0,324.11
Friday,19 Sep 2025 15:00,323.99,0,323.99
Friday,19 Sep 2025 16:00,412.63,0,412.63
Friday,19 Sep 2025 17:00,325.01,0,325.01
Friday,19 Sep 2025 18:00,342.06,0,342.06
Friday,19 Sep 2025 19:00,330.98,0,330.98
Friday,19 Sep 2025 20:00,333.29,0,333.29
Friday,19 Sep 2025 21:00,330.16,0,330.16
Friday,19 Sep 2025 22:00,324.22,0,324.22
Friday,19 Sep 2025 23:00,332.92,0,332.92
Saturday,20 Sep 2025 0:00,330.56,0,330.56
Saturday,20 Sep 2025 1:00,330.38,0,330.38
Saturday,20 Sep 2025 2:00,324.79,0,324.79
Saturday,20 Sep 2025 3:00,246.48,0,246.48
Saturday,20 Sep 2025 4:00,481.04,0,241.55
Saturday,20 Sep 2025 5:00,329.38,0,329.38
Saturday,20 Sep 2025 6:00,326.52,0,326.52
Saturday,20 Sep 2025 7:00,322.86,0,322.86
Saturday,20 Sep 2025 8:00,325.57,0,325.57
Saturday,20 Sep 2025 9:00,321.31,0,321.31
Saturday,20 Sep 2025 10:00,320.77,0,320.77
Saturday,20 Sep 2025 11:00,326.66,0,326.66
Saturday,20 Sep 2025 12:00,322.65,0,322.65
Saturday,20 Sep 2025 13:00,325.24,0,325.24
Saturday,20 Sep 2025 14:00,321.95,0,321.95
Saturday,20 Sep 2025 15:00,325.19,0,325.19
Saturday,20 Sep 2025 16:00,324.51,0,324.51
Saturday,20 Sep 2025 17:00,326.52,0,326.52
Saturday,20 Sep 2025 18:00,326.94,0,326.94
Saturday,20 Sep 2025 19:00,326.65,0,326.65
Saturday,20 Sep 2025 20:00,329.37,0,329.37
Saturday,20 Sep 2025 21:00,325.41,0,325.41
Saturday,20 Sep 2025 22:00,331.01,0,331.01
Saturday,20 Sep 2025 23:00,333.09,0,333.09
Sunday,21 Sep 2025 0:00,327.28,0,327.28
Sunday,21 Sep 2025 1:00,325.27,0,325.27
Sunday,21 Sep 2025 2:00,327.2,0,327.2
Sunday,21 Sep 2025 3:00,663.43,0,329.71
Sunday,21 Sep 2025 4:00,328.69,0,328.69
Sunday,21 Sep 2025 5:00,328.79,0,328.79
Sunday,21 Sep 2025 6:00,329.43,0,329.43
Sunday,21 Sep 2025 7:00,325.25,0,325.25
Sunday,21 Sep 2025 8:00,321.62,0,321.62
Sunday,21 Sep 2025 9:00,325.06,0,325.06
Sunday,21 Sep 2025 10:00,321.83,0,321.83
Sunday,21 Sep 2025 11:00,323.38,0,323.38
Sunday,21 Sep 2025 12:00,324.11,0,324.11
Sunday,21 Sep 2025 13:00,319.05,0,319.05
Sunday,21 Sep 2025 14:00,324.1,0,324.1
Sunday,21 Sep 2025 15:00,321.79,0,321.79
Sunday,21 Sep 2025 16:00,323.88,0,323.88
Sunday,21 Sep 2025 17:00,319.59,0,319.59
Sunday,21 Sep 2025 18:00,319.04,0,319.04
Sunday,21 Sep 2025 19:00,323.65,0,323.65
Sunday,21 Sep 2025 20:00,326.22,0,326.22
Sunday,21 Sep 2025 21:00,323.13,0,323.13
Sunday,21 Sep 2025 22:00,329.49,0,329.49
Sunday,21 Sep 2025 23:00,329.18,0,329.18
Monday,22 Sep 2025 0:00,324.64,0,324.64
Monday,22 Sep 2025 1:00,324.9,0,324.9
Monday,22 Sep 2025 2:00,323.64,0,323.64
Monday,22 Sep 2025 3:00,660.91,0,331.12
Monday,22 Sep 2025 4:00,326.08,0,326.08
Monday,22 Sep 2025 5:00,319.14,0,319.14
Monday,22 Sep 2025 6:00,311.19,0,311.19
Monday,22 Sep 2025 7:00,290.86,0,290.86
Monday,22 Sep 2025 8:00,296.3,0,296.3
Monday,22 Sep 2025 9:00,313.46,0,313.46
Monday,22 Sep 2025 10:00,318.55,0,318.55
Monday,22 Sep 2025 11:00,315.48,0,315.48
Monday,22 Sep 2025 12:00,320.15,0,320.15
Monday,22 Sep 2025 13:00,369.07,0,369.07
Monday,22 Sep 2025 14:00,318.86,0,318.86
Monday,22 Sep 2025 15:00,321,0,321
Monday,22 Sep 2025 16:00,348.14,0,348.14
Monday,22 Sep 2025 17:00,323.07,0,323.07
Monday,22 Sep 2025 18:00,323.79,0,323.79
Monday,22 Sep 2025 19:00,328.21,0,328.21
Monday,22 Sep 2025 20:00,325.62,0,325.62
Monday,22 Sep 2025 21:00,326.27,0,326.27
Monday,22 Sep 2025 22:00,331.86,0,331.86
Monday,22 Sep 2025 23:00,246.56,0,328.23
Tuesday,23 Sep 2025 0:00,407.64,0,325.97
Tuesday,23 Sep 2025 1:00,324.79,0,324.79
Tuesday,23 Sep 2025 2:00,325.2,0,325.2
Tuesday,23 Sep 2025 3:00,652.33,0,324.33
Tuesday,23 Sep 2025 4:00,328.85,0,328.85
Tuesday,23 Sep 2025 5:00,324.64,0,324.64
Tuesday,23 Sep 2025 6:00,310.48,0,310.48
Tuesday,23 Sep 2025 7:00,308.07,0,308.07
Tuesday,23 Sep 2025 8:00,502.37,0,502.37
Tuesday,23 Sep 2025 9:00,226.43,0,226.43
Tuesday,23 Sep 2025 10:00,415.75,0,415.75
Tuesday,23 Sep 2025 11:00,640.69,0,640.69
Tuesday,23 Sep 2025 12:00,"1,211",0,"1,211"
Tuesday,23 Sep 2025 13:00,"1,215",0,"1,215"
Tuesday,23 Sep 2025 14:00,"1,290",0,"1,290"
Tuesday,23 Sep 2025 15:00,"1,078",0,"1,078"
Tuesday,23 Sep 2025 16:00,825.9,0,825.9
Tuesday,23 Sep 2025 17:00,"1,155",0,"1,155"
Tuesday,23 Sep 2025 18:00,726,0,726
Tuesday,23 Sep 2025 19:00,533.98,0,533.98
Tuesday,23 Sep 2025 20:00,343.84,0,343.84
Tuesday,23 Sep 2025 21:00,331.66,0,331.66
Tuesday,23 Sep 2025 22:00,330.04,0,330.04
Tuesday,23 Sep 2025 23:00,327.66,0,327.66
Wednesday,24 Sep 2025 0:00,332.81,0,332.81
Wednesday,24 Sep 2025 1:00,326.38,0,326.38
Wednesday,24 Sep 2025 2:00,335.17,0,335.17
Wednesday,24 Sep 2025 3:00,822.9,0,457.5
Wednesday,24 Sep 2025 4:00,328.44,0,328.44
Wednesday,24 Sep 2025 5:00,325.53,0,325.53
Wednesday,24 Sep 2025 6:00,356.9,0,356.9
Wednesday,24 Sep 2025 7:00,436.22,0,436.22
Wednesday,24 Sep 2025 8:00,400.57,0,400.57
Wednesday,24 Sep 2025 9:00,468.94,0,468.94
Wednesday,24 Sep 2025 10:00,459.27,0,459.27
Wednesday,24 Sep 2025 11:00,443.4,0,443.4
Wednesday,24 Sep 2025 12:00,358.23,0,358.23
Wednesday,24 Sep 2025 13:00,347.24,0,347.24
Wednesday,24 Sep 2025 14:00,390.23,0,390.23
Wednesday,24 Sep 2025 15:00,320.37,0,320.37
Wednesday,24 Sep 2025 16:00,318.63,0,318.63
Wednesday,24 Sep 2025 17:00,320.03,0,320.03
Wednesday,24 Sep 2025 18:00,326.48,0,326.48
Wednesday,24 Sep 2025 19:00,319.38,0,319.38
Wednesday,24 Sep 2025 20:00,320.15,0,320.15
Wednesday,24 Sep 2025 21:00,327.16,0,327.16
Wednesday,24 Sep 2025 22:00,322.52,0,322.52
Wednesday,24 Sep 2025 23:00,241.46,0,322.13
Thursday,25 Sep 2025 0:00,403.14,0,322.47
Thursday,25 Sep 2025 1:00,324.52,0,324.52
Thursday,25 Sep 2025 2:00,325.78,0,325.78
Thursday,25 Sep 2025 3:00,657.98,0,327.41
Thursday,25 Sep 2025 4:00,322.43,0,322.43
Thursday,25 Sep 2025 5:00,323.71,0,323.71
Thursday,25 Sep 2025 6:00,315.36,0,315.36
Thursday,25 Sep 2025 7:00,420.44,0,420.44
Thursday,25 Sep 2025 8:00,580.49,0,580.49
Thursday,25 Sep 2025 9:00,621.41,0,621.41
Thursday,25 Sep 2025 10:00,488.74,0,488.74
Thursday,25 Sep 2025 11:00,856.58,0,856.58
Thursday,25 Sep 2025 12:00,"1,079",0,"1,079"
Thursday,25 Sep 2025 13:00,"1,070",0,"1,070"
Thursday,25 Sep 2025 14:00,"1,270",0,"1,270"
Thursday,25 Sep 2025 15:00,"1,279",0,"1,279"
Thursday,25 Sep 2025 16:00,"1,248",0,"1,248"
Thursday,25 Sep 2025 17:00,"1,165",0,"1,165"
Thursday,25 Sep 2025 18:00,946.9,0,946.9
Thursday,25 Sep 2025 19:00,668.91,0,668.91
Thursday,25 Sep 2025 20:00,555.7,0,555.7
Thursday,25 Sep 2025 21:00,522.19,0,522.19
Thursday,25 Sep 2025 22:00,453.35,0,453.35
Thursday,25 Sep 2025 23:00,402.06,0,402.06
Friday,26 Sep 2025 0:00,377.42,0,377.42
Friday,26 Sep 2025 1:00,456.87,0,456.87
Friday,26 Sep 2025 2:00,359.08,0,359.08
Friday,26 Sep 2025 3:00,767.4,0,442.56
Friday,26 Sep 2025 4:00,383,0,383
Friday,26 Sep 2025 5:00,326.58,0,326.58
Friday,26 Sep 2025 6:00,305.49,0,305.49
Friday,26 Sep 2025 7:00,312.1,0,312.1
Friday,26 Sep 2025 8:00,405.5,0,405.5
Friday,26 Sep 2025 9:00,500.68,0,500.68
Friday,26 Sep 2025 10:00,794.27,0,794.27
Friday,26 Sep 2025 11:00,870.58,0,870.58
Friday,26 Sep 2025 12:00,"1,085",0,"1,085"
Friday,26 Sep 2025 13:00,"1,028",0,"1,028"
Friday,26 Sep 2025 14:00,"1,102",0,"1,102"
Friday,26 Sep 2025 15:00,980.71,0,980.71
Friday,26 Sep 2025 16:00,995.62,0,995.62
Friday,26 Sep 2025 17:00,825.21,0,825.21
Friday,26 Sep 2025 18:00,473.39,0,473.39
Friday,26 Sep 2025 19:00,336.66,0,336.66
Friday,26 Sep 2025 20:00,330.19,0,330.19
Friday,26 Sep 2025 21:00,327.42,0,327.42
Friday,26 Sep 2025 22:00,330.17,0,330.17
Friday,26 Sep 2025 23:00,328.75,0,328.75
Saturday,27 Sep 2025 0:00,328.39,0,328.39
Saturday,27 Sep 2025 1:00,329.33,0,329.33
Saturday,27 Sep 2025 2:00,330.73,0,330.73
Saturday,27 Sep 2025 3:00,652.43,0,329.26
Saturday,27 Sep 2025 4:00,326.67,0,326.67
Saturday,27 Sep 2025 5:00,326,0,326
Saturday,27 Sep 2025 6:00,324.11,0,324.11
Saturday,27 Sep 2025 7:00,322.04,0,322.04
Saturday,27 Sep 2025 8:00,448.43,0,448.43
Saturday,27 Sep 2025 9:00,333.42,0,333.42
Saturday,27 Sep 2025 10:00,326.49,0,326.49
Saturday,27 Sep 2025 11:00,348.03,0,348.03
Saturday,27 Sep 2025 12:00,324.11,0,324.11
Saturday,27 Sep 2025 13:00,323.75,0,323.75
Saturday,27 Sep 2025 14:00,323.78,0,323.78
Saturday,27 Sep 2025 15:00,356.71,0,356.71
Saturday,27 Sep 2025 16:00,327.47,0,327.47
Saturday,27 Sep 2025 17:00,331.57,0,331.57
Saturday,27 Sep 2025 18:00,331.16,0,331.16
Saturday,27 Sep 2025 19:00,328.14,0,328.14
Saturday,27 Sep 2025 20:00,328.29,0,328.29
Saturday,27 Sep 2025 21:00,332.64,0,332.64
Saturday,27 Sep 2025 22:00,331.04,0,331.04
Saturday,27 Sep 2025 23:00,248.48,0,330.02
Sunday,28 Sep 2025 0:00,409.03,0,327.49
Sunday,28 Sep 2025 1:00,321.39,0,321.39
Sunday,28 Sep 2025 2:00,247.04,0,328.8
Sunday,28 Sep 2025 3:00,659.83,0,327.76
Sunday,28 Sep 2025 4:00,412.46,0,329.03
Sunday,28 Sep 2025 5:00,326.83,0,326.83
Sunday,28 Sep 2025 6:00,327.61,0,327.61
Sunday,28 Sep 2025 7:00,328.25,0,328.25
Sunday,28 Sep 2025 8:00,338.9,0,338.9
Sunday,28 Sep 2025 9:00,331.53,0,331.53
Sunday,28 Sep 2025 10:00,401.68,0,401.68
Sunday,28 Sep 2025 11:00,554.65,0,554.65
Sunday,28 Sep 2025 12:00,466.23,0,466.23
Sunday,28 Sep 2025 13:00,778.86,0,778.86
Sunday,28 Sep 2025 14:00,844.94,0,844.94
Sunday,28 Sep 2025 15:00,517.02,0,517.02
Sunday,28 Sep 2025 16:00,834.85,0,834.85
Sunday,28 Sep 2025 17:00,757.24,0,757.24
Sunday,28 Sep 2025 18:00,415,0,415
Sunday,28 Sep 2025 19:00,356.46,0,356.46
Sunday,28 Sep 2025 20:00,336.89,0,336.89
Sunday,28 Sep 2025 21:00,389.92,0,389.92
Sunday,28 Sep 2025 22:00,334.26,0,334.26
Sunday,28 Sep 2025 23:00,253.24,0,337.24
Monday,29 Sep 2025 0:00,421,0,337
Monday,29 Sep 2025 1:00,334.46,0,334.46
Monday,29 Sep 2025 2:00,331.69,0,331.69
Monday,29 Sep 2025 3:00,660.11,0,328.51
Monday,29 Sep 2025 4:00,331.77,0,331.77
Monday,29 Sep 2025 5:00,376.73,0,376.73
Monday,29 Sep 2025 6:00,329.61,0,329.61
Monday,29 Sep 2025 7:00,329.26,0,329.26
Monday,29 Sep 2025 8:00,325.3,0,325.3
Monday,29 Sep 2025 9:00,348.91,0,348.91
Monday,29 Sep 2025 10:00,416.35,0,416.35
Monday,29 Sep 2025 11:00,332.59,0,332.59
Monday,29 Sep 2025 12:00,325.06,0,325.06
Monday,29 Sep 2025 13:00,321.01,0,321.01
Monday,29 Sep 2025 14:00,344.19,0,344.19
Monday,29 Sep 2025 15:00,340.63,0,340.63
Monday,29 Sep 2025 16:00,368.24,0,368.24
Monday,29 Sep 2025 17:00,326.39,0,326.39
Monday,29 Sep 2025 18:00,325.85,0,325.85
Monday,29 Sep 2025 19:00,328.71,0,328.71
Monday,29 Sep 2025 20:00,331.35,0,331.35
Monday,29 Sep 2025 21:00,327.92,0,327.92
Monday,29 Sep 2025 22:00,329.47,0,329.47
Monday,29 Sep 2025 23:00,249.26,0,333.31
Tuesday,30 Sep 2025 0:00,414.94,0,330.89
Tuesday,30 Sep 2025 1:00,249.77,0,334.7
Tuesday,30 Sep 2025 2:00,336.12,0,335.93
Tuesday,30 Sep 2025 3:00,746.6,0,331
Tuesday,30 Sep 2025 4:00,335.84,0,335.84
Tuesday,30 Sep 2025 5:00,330.27,0,330.27
Tuesday,30 Sep 2025 6:00,332.25,0,332.25
Tuesday,30 Sep 2025 7:00,327.53,0,327.53
Tuesday,30 Sep 2025 8:00,394.46,0,394.46
Tuesday,30 Sep 2025 9:00,540.93,0,540.93
Tuesday,30 Sep 2025 10:00,358.17,0,358.17
Tuesday,30 Sep 2025 11:00,444.52,0,444.52
Tuesday,30 Sep 2025 12:00,327.78,0,327.78
Tuesday,30 Sep 2025 13:00,397.56,0,397.56
Tuesday,30 Sep 2025 14:00,342.44,0,342.44
Tuesday,30 Sep 2025 15:00,358.53,0,358.53
Tuesday,30 Sep 2025 16:00,332.08,0,332.08
Tuesday,30 Sep 2025 17:00,340.91,0,340.91
Tuesday,30 Sep 2025 18:00,331.12,0,331.12
Tuesday,30 Sep 2025 19:00,328.62,0,328.62
Tuesday,30 Sep 2025 20:00,330.04,0,330.04
Tuesday,30 Sep 2025 21:00,331.66,0,331.66
Tuesday,30 Sep 2025 22:00,343.49,0,343.49
Tuesday,30 Sep 2025 23:00,248.02,0,332.13
Wednesday,01 Oct 2025 0:00,416.35,0,332.24
Wednesday,01 Oct 2025 1:00,334.69,0,334.69
Wednesday,01 Oct 2025 2:00,341.24,0,341.24
Wednesday,01 Oct 2025 3:00,592.1,0,337.06
Wednesday,01 Oct 2025 4:00,336.28,0,251.27
Wednesday,01 Oct 2025 5:00,331.7,0,331.7
Wednesday,01 Oct 2025 6:00,331.44,0,331.44
Wednesday,01 Oct 2025 7:00,331.48,0,331.48
Wednesday,01 Oct 2025 8:00,334.26,0,334.26
Wednesday,01 Oct 2025 9:00,332.15,0,332.15
Wednesday,01 Oct 2025 10:00,324.78,0,324.78
Wednesday,01 Oct 2025 11:00,320.99,0,320.99
Wednesday,01 Oct 2025 12:00,360.16,0,360.16
Wednesday,01 Oct 2025 13:00,361.3,0,361.3
Wednesday,01 Oct 2025 14:00,334.58,0,334.58
Wednesday,01 Oct 2025 15:00,340.21,0,340.21
Wednesday,01 Oct 2025 16:00,325.92,0,325.92
Wednesday,01 Oct 2025 17:00,326.19,0,326.19
Wednesday,01 Oct 2025 18:00,324.09,0,324.09
Wednesday,01 Oct 2025 19:00,326.48,0,326.48
Wednesday,01 Oct 2025 20:00,317.02,0,317.02
Wednesday,01 Oct 2025 21:00,323.9,0,323.9
Wednesday,01 Oct 2025 22:00,332.3,0,332.3
Wednesday,01 Oct 2025 23:00,244.48,0,326.13
Thursday,02 Oct 2025 0:00,408.13,0,326.48
Thursday,02 Oct 2025 1:00,323.99,0,323.99
Thursday,02 Oct 2025 2:00,330.51,0,330.51
Thursday,02 Oct 2025 3:00,657.9,0,332.16
Thursday,02 Oct 2025 4:00,331.72,0,331.72
Thursday,02 Oct 2025 5:00,322.06,0,322.06
Thursday,02 Oct 2025 6:00,323.39,0,323.39
Thursday,02 Oct 2025 7:00,323.06,0,323.06
Thursday,02 Oct 2025 8:00,356.22,0,356.22
Thursday,02 Oct 2025 9:00,318.65,0,318.65
Thursday,02 Oct 2025 10:00,321.51,0,321.51
Thursday,02 Oct 2025 11:00,314.85,0,314.85
Thursday,02 Oct 2025 12:00,319.84,0,319.84
Thursday,02 Oct 2025 13:00,323.94,0,323.94
Thursday,02 Oct 2025 14:00,321.74,0,321.74
Thursday,02 Oct 2025 15:00,322.53,0,322.53
Thursday,02 Oct 2025 16:00,324.94,0,324.94
Thursday,02 Oct 2025 17:00,321.63,0,321.63
Thursday,02 Oct 2025 18:00,330.38,0,330.38
Thursday,02 Oct 2025 19:00,326.64,0,326.64
Thursday,02 Oct 2025 20:00,329.59,0,329.59
Thursday,02 Oct 2025 21:00,331.45,0,331.45
Thursday,02 Oct 2025 22:00,329.54,0,329.54
Thursday,02 Oct 2025 23:00,246.21,0,327.61
Friday,03 Oct 2025 0:00,409.95,0,328.54
Friday,03 Oct 2025 1:00,332.14,0,332.14
Friday,03 Oct 2025 2:00,327.89,0,327.89
Friday,03 Oct 2025 3:00,653.62,0,329.58
Friday,03 Oct 2025 4:00,330.42,0,330.42
Friday,03 Oct 2025 5:00,327.23,0,327.23
Friday,03 Oct 2025 6:00,319.28,0,319.28
Friday,03 Oct 2025 7:00,316.64,0,316.64
Friday,03 Oct 2025 8:00,329.07,0,329.07
Friday,03 Oct 2025 9:00,321.68,0,321.68
Friday,03 Oct 2025 10:00,319.89,0,319.89
Friday,03 Oct 2025 11:00,321.02,0,321.02
Friday,03 Oct 2025 12:00,329.16,0,329.16
Friday,03 Oct 2025 13:00,331.76,0,331.76
Friday,03 Oct 2025 14:00,321.83,0,321.83
Friday,03 Oct 2025 15:00,327.3,0,327.3
Friday,03 Oct 2025 16:00,325.83,0,325.83
Friday,03 Oct 2025 17:00,321.83,0,321.83
Friday,03 Oct 2025 18:00,322.74,0,322.74
Friday,03 Oct 2025 19:00,329.37,0,329.37
Friday,03 Oct 2025 20:00,324.32,0,324.32
Friday,03 Oct 2025 21:00,322.48,0,322.48
Friday,03 Oct 2025 22:00,322.77,0,322.77
Friday,03 Oct 2025 23:00,322.92,0,322.92
Saturday,04 Oct 2025 0:00,322.35,0,322.35
Saturday,04 Oct 2025 1:00,327.82,0,327.82
Saturday,04 Oct 2025 2:00,331.95,0,331.95
Saturday,04 Oct 2025 3:00,649.61,0,324.56
Saturday,04 Oct 2025 4:00,328.02,0,328.02
Saturday,04 Oct 2025 5:00,323.99,0,323.99
Saturday,04 Oct 2025 6:00,323.18,0,323.18
Saturday,04 Oct 2025 7:00,321.95,0,321.95
Saturday,04 Oct 2025 8:00,327.76,0,327.76
Saturday,04 Oct 2025 9:00,324.77,0,324.77
Saturday,04 Oct 2025 10:00,320.57,0,320.57
Saturday,04 Oct 2025 11:00,320.67,0,320.67
Saturday,04 Oct 2025 12:00,357.47,0,357.47
Saturday,04 Oct 2025 13:00,340.09,0,340.09
Saturday,04 Oct 2025 14:00,359.29,0,359.29
Saturday,04 Oct 2025 15:00,562.14,0,562.14
Saturday,04 Oct 2025 16:00,929.88,0,929.88
Saturday,04 Oct 2025 17:00,402.13,0,402.13
Saturday,04 Oct 2025 18:00,337.7,0,337.7
Saturday,04 Oct 2025 19:00,327.34,0,327.34
Saturday,04 Oct 2025 20:00,332.38,0,332.38
Saturday,04 Oct 2025 21:00,333.23,0,333.23
Saturday,04 Oct 2025 22:00,326.52,0,326.52
Saturday,04 Oct 2025 23:00,245.62,0,328.51
Sunday,05 Oct 2025 0:00,414.6,0,331.72
Sunday,05 Oct 2025 1:00,328.18,0,328.18
Sunday,05 Oct 2025 2:00,327.38,0,327.38
Sunday,05 Oct 2025 3:00,652.55,0,324.07
Sunday,05 Oct 2025 4:00,329.41,0,329.41
Sunday,05 Oct 2025 5:00,326.54,0,326.54
Sunday,05 Oct 2025 6:00,329.05,0,329.05
Sunday,05 Oct 2025 7:00,327.18,0,327.18
Sunday,05 Oct 2025 8:00,417.17,0,417.17
Sunday,05 Oct 2025 9:00,335.95,0,335.95
Sunday,05 Oct 2025 10:00,357.83,0,357.83
Sunday,05 Oct 2025 11:00,353.35,0,353.35
Sunday,05 Oct 2025 12:00,336.56,0,336.56
Sunday,05 Oct 2025 13:00,385.15,0,385.15
Sunday,05 Oct 2025 14:00,702.47,0,702.47
Sunday,05 Oct 2025 15:00,844.65,0,844.65
Sunday,05 Oct 2025 16:00,855.3,0,855.3
Sunday,05 Oct 2025 17:00,649.99,0,649.99
Sunday,05 Oct 2025 18:00,364.83,0,364.83
Sunday,05 Oct 2025 19:00,355.18,0,355.18
Sunday,05 Oct 2025 20:00,341.16,0,341.16
Sunday,05 Oct 2025 21:00,337.46,0,337.46
Sunday,05 Oct 2025 22:00,331.91,0,331.91
Sunday,05 Oct 2025 23:00,248.78,0,333.46
Monday,06 Oct 2025 0:00,416.13,0,331.45
Monday,06 Oct 2025 1:00,329.08,0,329.08
Monday,06 Oct 2025 2:00,328.96,0,328.96
Monday,06 Oct 2025 3:00,567.39,0,326.26
Monday,06 Oct 2025 4:00,405.35,0,324.97
Monday,06 Oct 2025 5:00,327,0,327
Monday,06 Oct 2025 6:00,325.71,0,325.71
Monday,06 Oct 2025 7:00,370.79,0,370.79
Monday,06 Oct 2025 8:00,694.96,0,694.96
Monday,06 Oct 2025 9:00,789.62,0,789.62
Monday,06 Oct 2025 10:00,721.61,0,721.61
Monday,06 Oct 2025 11:00,"1,335",0,"1,335"
Monday,06 Oct 2025 12:00,"1,178",0,"1,178"
Monday,06 Oct 2025 13:00,"1,352",0,"1,352"
Monday,06 Oct 2025 14:00,"1,148",0,"1,148"
Monday,06 Oct 2025 15:00,"1,160",0,"1,160"
Monday,06 Oct 2025 16:00,"1,115",0,"1,115"
Monday,06 Oct 2025 17:00,885.34,0,885.34
Monday,06 Oct 2025 18:00,592.78,0,592.78
Monday,06 Oct 2025 19:00,609.65,0,609.65
Monday,06 Oct 2025 20:00,338.12,0,338.12
Monday,06 Oct 2025 21:00,331.79,0,331.79
Monday,06 Oct 2025 22:00,334.55,0,334.55
Monday,06 Oct 2025 23:00,335.81,0,335.81
Tuesday,07 Oct 2025 0:00,328.21,0,328.21
Tuesday,07 Oct 2025 1:00,332.32,0,332.32
Tuesday,07 Oct 2025 2:00,329.73,0,329.73
Tuesday,07 Oct 2025 3:00,659.6,0,330.2
Tuesday,07 Oct 2025 4:00,330.98,0,330.98
Tuesday,07 Oct 2025 5:00,340.16,0,340.16
Tuesday,07 Oct 2025 6:00,330.49,0,330.49
Tuesday,07 Oct 2025 7:00,330.74,0,330.74
Tuesday,07 Oct 2025 8:00,662.14,0,662.14
Tuesday,07 Oct 2025 9:00,660.65,0,660.65
Tuesday,07 Oct 2025 10:00,625.57,0,625.57
Tuesday,07 Oct 2025 11:00,685.2,0,685.2
Tuesday,07 Oct 2025 12:00,939.07,0,939.07
Tuesday,07 Oct 2025 13:00,"1,064",0,"1,064"
Tuesday,07 Oct 2025 14:00,"1,008",0,"1,008"
Tuesday,07 Oct 2025 15:00,"1,116",0,"1,116"
Tuesday,07 Oct 2025 16:00,909.64,0,909.64
Tuesday,07 Oct 2025 17:00,721.34,0,721.34
Tuesday,07 Oct 2025 18:00,531,0,531
Tuesday,07 Oct 2025 19:00,336.11,0,336.11
Tuesday,07 Oct 2025 20:00,323.45,0,323.45
Tuesday,07 Oct 2025 21:00,332.4,0,332.4
Tuesday,07 Oct 2025 22:00,335.83,0,335.83
Tuesday,07 Oct 2025 23:00,290.23,0,381.58
Wednesday,08 Oct 2025 0:00,430.79,0,339.43
Wednesday,08 Oct 2025 1:00,369.48,0,369.48
Wednesday,08 Oct 2025 2:00,336.15,0,336.15
Wednesday,08 Oct 2025 3:00,661.35,0,328.59
Wednesday,08 Oct 2025 4:00,322.42,0,322.42
Wednesday,08 Oct 2025 5:00,349.7,0,349.7
Wednesday,08 Oct 2025 6:00,499.67,0,499.67
Wednesday,08 Oct 2025 7:00,527.65,0,527.65
Wednesday,08 Oct 2025 8:00,875.22,0,875.22
Wednesday,08 Oct 2025 9:00,936.44,0,936.44
Wednesday,08 Oct 2025 10:00,356.35,0,356.35
Wednesday,08 Oct 2025 11:00,"1,683",0,"1,683"
Wednesday,08 Oct 2025 12:00,"3,175",0,"3,175"
Wednesday,08 Oct 2025 13:00,"3,827",0,"3,827"
Wednesday,08 Oct 2025 14:00,"3,398",0,"3,398"
Wednesday,08 Oct 2025 15:00,"3,772",0,"3,772"
Wednesday,08 Oct 2025 16:00,"4,359",0,"4,359"
Wednesday,08 Oct 2025 17:00,"4,062",0,"4,062"
Wednesday,08 Oct 2025 18:00,"3,626",0,"3,626"
Wednesday,08 Oct 2025 19:00,"3,284",0,"3,284"
Wednesday,08 Oct 2025 20:00,"2,281",0,"2,281"
Wednesday,08 Oct 2025 21:00,"3,274",0,"3,274"
Wednesday,08 Oct 2025 22:00,"3,024",0,"3,024"
Wednesday,08 Oct 2025 23:00,"2,176",0,"2,903"
Thursday,09 Oct 2025 0:00,"3,706",0,"2,980"
Thursday,09 Oct 2025 1:00,"3,267",0,"3,267"
Thursday,09 Oct 2025 2:00,"2,219",0,"2,219"
Thursday,09 Oct 2025 3:00,"5,885",0,"2,965"
Thursday,09 Oct 2025 4:00,"3,178",0,"3,178"
Thursday,09 Oct 2025 5:00,"2,979",0,"2,979"
Thursday,09 Oct 2025 6:00,"3,347",0,"3,347"
Thursday,09 Oct 2025 7:00,"3,362",0,"3,362"
Thursday,09 Oct 2025 8:00,"3,759",0,"3,759"
Thursday,09 Oct 2025 9:00,"4,315",0,"4,315"
Thursday,09 Oct 2025 10:00,"4,152",0,"4,152"
Thursday,09 Oct 2025 11:00,"3,912",0,"3,912"
Thursday,09 Oct 2025 12:00,"3,694",0,"3,694"
Thursday,09 Oct 2025 13:00,"4,021",0,"4,021"
Thursday,09 Oct 2025 14:00,"3,831",0,"3,831"
Thursday,09 Oct 2025 15:00,"4,152",0,"4,152"
Thursday,09 Oct 2025 16:00,"3,929",0,"3,929"
Thursday,09 Oct 2025 17:00,"3,468",0,"3,468"
Thursday,09 Oct 2025 18:00,"3,425",0,"3,425"
Thursday,09 Oct 2025 19:00,"3,090",0,"3,090"
Thursday,09 Oct 2025 20:00,"3,230",0,"3,230"
Thursday,09 Oct 2025 21:00,"3,148",0,"3,148"
Thursday,09 Oct 2025 22:00,"3,361",0,"3,361"
Thursday,09 Oct 2025 23:00,"3,472",0,"3,472"
Friday,10 Oct 2025 0:00,"3,217",0,"3,217"
Friday,10 Oct 2025 1:00,"3,001",0,"3,001"
Friday,10 Oct 2025 2:00,"3,440",0,"3,440"
Friday,10 Oct 2025 3:00,"7,186",0,"3,622"
Friday,10 Oct 2025 4:00,"3,202",0,"3,202"
Friday,10 Oct 2025 5:00,"3,172",0,"3,172"
Friday,10 Oct 2025 6:00,"3,621",0,"3,621"
Friday,10 Oct 2025 7:00,"3,514",0,"3,514"
Friday,10 Oct 2025 8:00,"4,045",0,"4,045"
Friday,10 Oct 2025 9:00,"3,623",0,"3,623"
Friday,10 Oct 2025 10:00,"3,911",0,"3,911"
Friday,10 Oct 2025 11:00,"3,846",0,"3,846"
Friday,10 Oct 2025 12:00,"3,855",0,"3,855"
Friday,10 Oct 2025 13:00,"3,779",0,"3,779"
Friday,10 Oct 2025 14:00,"3,817",0,"3,817"
Friday,10 Oct 2025 15:00,"3,866",0,"3,866"
Friday,10 Oct 2025 16:00,"3,742",0,"3,742"
Friday,10 Oct 2025 17:00,"3,733",0,"3,733"
Friday,10 Oct 2025 18:00,"3,534",0,"3,534"
Friday,10 Oct 2025 19:00,"3,311",0,"3,311"
Friday,10 Oct 2025 20:00,"3,069",0,"3,069"
Friday,10 Oct 2025 21:00,"3,133",0,"3,133"
Friday,10 Oct 2025 22:00,"2,998",0,"2,998"
Friday,10 Oct 2025 23:00,"2,273",0,"3,090"
Saturday,11 Oct 2025 0:00,"3,680",0,"2,863"
Saturday,11 Oct 2025 1:00,"2,796",0,"2,796"
Saturday,11 Oct 2025 2:00,"2,697",0,"2,697"
Saturday,11 Oct 2025 3:00,"5,327",0,"2,618"
Saturday,11 Oct 2025 4:00,"2,681",0,"2,681"
Saturday,11 Oct 2025 5:00,"2,438",0,"2,438"
Saturday,11 Oct 2025 6:00,"2,518",0,"2,518"
Saturday,11 Oct 2025 7:00,"2,603",0,"2,603"
Saturday,11 Oct 2025 8:00,"3,079",0,"3,079"
Saturday,11 Oct 2025 9:00,"2,927",0,"2,927"
Saturday,11 Oct 2025 10:00,"3,104",0,"3,104"
Saturday,11 Oct 2025 11:00,"3,607",0,"3,607"
Saturday,11 Oct 2025 12:00,"3,559",0,"3,559"
Saturday,11 Oct 2025 13:00,"3,661",0,"3,661"
Saturday,11 Oct 2025 14:00,"3,513",0,"3,513"
Saturday,11 Oct 2025 15:00,"3,567",0,"3,567"
Saturday,11 Oct 2025 16:00,"3,694",0,"3,694"
Saturday,11 Oct 2025 17:00,"3,324",0,"3,324"
Saturday,11 Oct 2025 18:00,"3,252",0,"3,252"
Saturday,11 Oct 2025 19:00,"2,788",0,"2,788"
Saturday,11 Oct 2025 20:00,"3,043",0,"3,043"
Saturday,11 Oct 2025 21:00,"2,991",0,"2,991"
Saturday,11 Oct 2025 22:00,"3,119",0,"3,119"
Saturday,11 Oct 2025 23:00,"2,698",0,"2,698"
Sunday,12 Oct 2025 0:00,"2,727",0,"2,727"
Sunday,12 Oct 2025 1:00,"2,618",0,"2,618"
Sunday,12 Oct 2025 2:00,"2,663",0,"2,663"
Sunday,12 Oct 2025 3:00,"5,450",0,"2,727"
Sunday,12 Oct 2025 4:00,"2,721",0,"2,721"
Sunday,12 Oct 2025 5:00,"2,805",0,"2,805"
Sunday,12 Oct 2025 6:00,"2,745",0,"2,745"
Sunday,12 Oct 2025 7:00,"2,834",0,"2,834"
Sunday,12 Oct 2025 8:00,"3,182",0,"3,182"
Sunday,12 Oct 2025 9:00,"3,475",0,"3,475"
Sunday,12 Oct 2025 10:00,"3,057",0,"3,057"
Sunday,12 Oct 2025 11:00,"3,277",0,"3,277"
Sunday,12 Oct 2025 12:00,"3,173",0,"3,173"
Sunday,12 Oct 2025 13:00,"3,254",0,"3,254"
Sunday,12 Oct 2025 14:00,"2,975",0,"2,975"
Sunday,12 Oct 2025 15:00,"3,004",0,"3,004"
Sunday,12 Oct 2025 16:00,"3,548",0,"3,548"
Sunday,12 Oct 2025 17:00,"3,143",0,"3,143"
Sunday,12 Oct 2025 18:00,"3,508",0,"3,508"
Sunday,12 Oct 2025 19:00,"3,146",0,"3,146"
Sunday,12 Oct 2025 20:00,"2,916",0,"2,916"
Sunday,12 Oct 2025 21:00,"3,120",0,"3,120"
Sunday,12 Oct 2025 22:00,"2,796",0,"2,796"
Sunday,12 Oct 2025 23:00,"2,096",0,"2,850"
Monday,13 Oct 2025 0:00,"3,626",0,"2,873"
Monday,13 Oct 2025 1:00,"2,916",0,"2,916"
Monday,13 Oct 2025 2:00,"2,707",0,"2,707"
Monday,13 Oct 2025 3:00,"5,832",0,"2,790"
Monday,13 Oct 2025 4:00,"2,921",0,"2,921"
Monday,13 Oct 2025 5:00,"2,899",0,"2,899"
Monday,13 Oct 2025 6:00,"2,898",0,"2,898"
Monday,13 Oct 2025 7:00,"3,121",0,"3,121"
Monday,13 Oct 2025 8:00,"3,544",0,"3,544"
Monday,13 Oct 2025 9:00,"3,408",0,"3,408"
Monday,13 Oct 2025 10:00,"3,366",0,"3,366"
Monday,13 Oct 2025 11:00,"3,478",0,"3,478"
Monday,13 Oct 2025 12:00,"3,594",0,"3,594"
Monday,13 Oct 2025 13:00,"3,310",0,"3,310"
Monday,13 Oct 2025 14:00,"3,177",0,"3,177"
Monday,13 Oct 2025 15:00,"3,302",0,"3,302"
Monday,13 Oct 2025 16:00,"3,352",0,"3,352"
Monday,13 Oct 2025 17:00,"3,378",0,"3,378"
Monday,13 Oct 2025 18:00,"3,078",0,"3,078"
Monday,13 Oct 2025 19:00,"2,987",0,"2,987"
Monday,13 Oct 2025 20:00,"3,016",0,"3,016"
Monday,13 Oct 2025 21:00,"2,765",0,"2,765"
Monday,13 Oct 2025 22:00,"2,830",0,"2,830"
Monday,13 Oct 2025 23:00,"2,457",0,"3,222"
Tuesday,14 Oct 2025 0:00,"3,852",0,"3,086"
Tuesday,14 Oct 2025 1:00,"3,027",0,"3,027"
Tuesday,14 Oct 2025 2:00,"2,675",0,"2,675"
Tuesday,14 Oct 2025 3:00,"4,739",0,"2,705"
Tuesday,14 Oct 2025 4:00,"3,376",0,"2,698"
Tuesday,14 Oct 2025 5:00,"2,787",0,"2,787"
Tuesday,14 Oct 2025 6:00,"3,186",0,"3,186"
Tuesday,14 Oct 2025 7:00,"3,368",0,"3,368"
Tuesday,14 Oct 2025 8:00,"4,036",0,"4,036"
Tuesday,14 Oct 2025 9:00,"2,785",0,"2,785"
Tuesday,14 Oct 2025 10:00,"3,516",0,"3,516"
Tuesday,14 Oct 2025 11:00,"3,546",0,"3,546"
Tuesday,14 Oct 2025 12:00,"3,561",0,"3,561"
Tuesday,14 Oct 2025 13:00,"3,705",0,"3,705"
Tuesday,14 Oct 2025 14:00,"3,822",0,"3,822"
Tuesday,14 Oct 2025 15:00,"4,394",0,"4,394"
Tuesday,14 Oct 2025 16:00,"3,762",0,"3,762"
Tuesday,14 Oct 2025 17:00,"3,621",0,"3,621"
Tuesday,14 Oct 2025 18:00,"3,506",0,"3,506"
Tuesday,14 Oct 2025 19:00,"2,969",0,"2,969"
Tuesday,14 Oct 2025 20:00,"2,973",0,"2,973"
Tuesday,14 Oct 2025 21:00,"2,982",0,"2,982"
Tuesday,14 Oct 2025 22:00,"2,876",0,"2,876"
Tuesday,14 Oct 2025 23:00,"2,952",0,"2,952"
Wednesday,15 Oct 2025 0:00,"2,307",0,"2,307"
Wednesday,15 Oct 2025 1:00,"3,101",0,"3,101"
Wednesday,15 Oct 2025 2:00,"2,972",0,"2,972"
Wednesday,15 Oct 2025 3:00,"6,031",0,"3,087"
Wednesday,15 Oct 2025 4:00,"2,852",0,"2,852"
Wednesday,15 Oct 2025 5:00,"2,970",0,"2,970"
Wednesday,15 Oct 2025 6:00,"3,029",0,"3,029"
Wednesday,15 Oct 2025 7:00,"3,253",0,"3,253"
Wednesday,15 Oct 2025 8:00,"3,725",0,"3,725"
Wednesday,15 Oct 2025 9:00,"3,772",0,"3,772"
Wednesday,15 Oct 2025 10:00,"3,817",0,"3,817"
Wednesday,15 Oct 2025 11:00,"3,781",0,"3,781"
Wednesday,15 Oct 2025 12:00,"3,980",0,"3,980"
Wednesday,15 Oct 2025 13:00,"3,709",0,"3,709"
Wednesday,15 Oct 2025 14:00,"3,505",0,"3,505"
Wednesday,15 Oct 2025 15:00,"3,555",0,"3,555"
Wednesday,15 Oct 2025 16:00,"3,245",0,"3,245"
Wednesday,15 Oct 2025 17:00,"2,984",0,"2,984"
Wednesday,15 Oct 2025 18:00,"2,766",0,"2,766"
Wednesday,15 Oct 2025 19:00,"2,560",0,"2,560"
Wednesday,15 Oct 2025 20:00,"2,680",0,"2,680"
Wednesday,15 Oct 2025 21:00,"2,722",0,"2,722"
Wednesday,15 Oct 2025 22:00,"2,762",0,"2,762"
Wednesday,15 Oct 2025 23:00,"1,859",0,"2,477"
Thursday,16 Oct 2025 0:00,"3,304",0,"2,686"
Thursday,16 Oct 2025 1:00,"1,917",0,"1,917"
Thursday,16 Oct 2025 2:00,"3,051",0,"3,051"
Thursday,16 Oct 2025 3:00,"5,544",0,"2,899"
Thursday,16 Oct 2025 4:00,"2,924",0,"2,924"
Thursday,16 Oct 2025 5:00,"2,709",0,"2,709"
Thursday,16 Oct 2025 6:00,"2,795",0,"2,795"
Thursday,16 Oct 2025 7:00,"3,013",0,"3,013"
Thursday,16 Oct 2025 8:00,"3,539",0,"3,539"
Thursday,16 Oct 2025 9:00,"3,608",0,"3,608"
Thursday,16 Oct 2025 10:00,"3,785",0,"3,785"
Thursday,16 Oct 2025 11:00,"3,824",0,"3,824"
Thursday,16 Oct 2025 12:00,"3,610",0,"3,610"
Thursday,16 Oct 2025 13:00,"3,628",0,"3,628"
Thursday,16 Oct 2025 14:00,"3,372",0,"3,372"
Thursday,16 Oct 2025 15:00,"3,347",0,"3,347"
Thursday,16 Oct 2025 16:00,"3,169",0,"3,169"
Thursday,16 Oct 2025 17:00,"3,034",0,"3,034"
Thursday,16 Oct 2025 18:00,"3,213",0,"3,213"
Thursday,16 Oct 2025 19:00,"2,797",0,"2,797"
Thursday,16 Oct 2025 20:00,"2,835",0,"2,835"
Thursday,16 Oct 2025 21:00,"2,989",0,"2,989"
Thursday,16 Oct 2025 22:00,"2,712",0,"2,712"
Thursday,16 Oct 2025 23:00,"2,037",0,"2,750"
Friday,17 Oct 2025 0:00,"3,506",0,"2,793"
Friday,17 Oct 2025 1:00,"2,036",0,"2,036"
Friday,17 Oct 2025 2:00,"2,575",0,"2,575"
Friday,17 Oct 2025 3:00,"5,070",0,"2,519"
Friday,17 Oct 2025 4:00,"2,474",0,"2,474"
Friday,17 Oct 2025 5:00,"2,794",0,"2,794"
Friday,17 Oct 2025 6:00,"6,496",0,"6,496"
Friday,17 Oct 2025 7:00,"6,748",0,"6,748"
Friday,17 Oct 2025 8:00,"2,053",0,"2,053"
Friday,17 Oct 2025 9:00,"2,363",0,"2,363"
Friday,17 Oct 2025 10:00,"2,455",0,"2,455"
Friday,17 Oct 2025 11:00,"2,321",0,"2,321"
Friday,17 Oct 2025 12:00,"2,205",0,"2,205"
Friday,17 Oct 2025 13:00,"2,627",0,"2,627"
Friday,17 Oct 2025 14:00,"3,530",0,"3,530"
Friday,17 Oct 2025 15:00,"3,813",0,"3,813"
Friday,17 Oct 2025 16:00,"4,318",0,"4,318"
Friday,17 Oct 2025 17:00,"3,229",0,"3,229"
Friday,17 Oct 2025 18:00,"2,753",0,"2,753"
Friday,17 Oct 2025 19:00,"2,439",0,"2,439"
Friday,17 Oct 2025 20:00,"1,683",0,"2,157"
Friday,17 Oct 2025 21:00,"2,049",0,"2,049"
Friday,17 Oct 2025 22:00,"1,913",0,"1,913"
Friday,17 Oct 2025 23:00,"1,917",0,"1,917"
Saturday,18 Oct 2025 0:00,"1,856",0,"1,856"
Saturday,18 Oct 2025 1:00,"1,737",0,"1,737"
Saturday,18 Oct 2025 2:00,"1,902",0,"1,902"
Saturday,18 Oct 2025 3:00,"4,175",0,"2,221"
Saturday,18 Oct 2025 4:00,"1,839",0,"1,839"
Saturday,18 Oct 2025 5:00,"1,864",0,"1,864"
Saturday,18 Oct 2025 6:00,"1,874",0,"1,874"
Saturday,18 Oct 2025 7:00,"2,277",0,"2,277"
Saturday,18 Oct 2025 8:00,"2,111",0,"2,111"
Saturday,18 Oct 2025 9:00,"2,150",0,"2,150"
Saturday,18 Oct 2025 10:00,"2,291",0,"2,291"
Saturday,18 Oct 2025 11:00,"2,045",0,"2,045"
Saturday,18 Oct 2025 12:00,"2,146",0,"2,146"
Saturday,18 Oct 2025 13:00,"2,211",0,"2,211"
Saturday,18 Oct 2025 14:00,"2,299",0,"2,299"
Saturday,18 Oct 2025 15:00,"2,378",0,"2,378"
Saturday,18 Oct 2025 16:00,"2,540",0,"2,540"
Saturday,18 Oct 2025 17:00,"2,400",0,"2,400"
Saturday,18 Oct 2025 18:00,"2,075",0,"2,075"
Saturday,18 Oct 2025 19:00,"1,958",0,"1,958"
Saturday,18 Oct 2025 20:00,"1,794",0,"1,794"
Saturday,18 Oct 2025 21:00,"1,915",0,"1,915"
Saturday,18 Oct 2025 22:00,"2,127",0,"2,127"
Saturday,18 Oct 2025 23:00,"1,440",0,"1,897"
Sunday,19 Oct 2025 0:00,"2,304",0,"1,847"
Sunday,19 Oct 2025 1:00,"1,981",0,"1,981"
Sunday,19 Oct 2025 2:00,"1,933",0,"1,933"
Sunday,19 Oct 2025 3:00,"4,049",0,"2,163"
Sunday,19 Oct 2025 4:00,"1,717",0,"1,717"
Sunday,19 Oct 2025 5:00,"1,834",0,"1,834"
Sunday,19 Oct 2025 6:00,"1,803",0,"1,803"
Sunday,19 Oct 2025 7:00,"2,094",0,"2,094"
Sunday,19 Oct 2025 8:00,"2,323",0,"2,323"
Sunday,19 Oct 2025 9:00,"2,578",0,"2,578"
Sunday,19 Oct 2025 10:00,"2,513",0,"2,513"
Sunday,19 Oct 2025 11:00,"2,728",0,"2,728"
Sunday,19 Oct 2025 12:00,"2,738",0,"2,738"
Sunday,19 Oct 2025 13:00,"2,837",0,"2,837"
Sunday,19 Oct 2025 14:00,"2,788",0,"2,788"
Sunday,19 Oct 2025 15:00,"2,801",0,"2,801"
Sunday,19 Oct 2025 16:00,"3,014",0,"3,014"
Sunday,19 Oct 2025 17:00,"2,837",0,"2,837"
Sunday,19 Oct 2025 18:00,"2,501",0,"2,501"
Sunday,19 Oct 2025 19:00,"2,135",0,"2,135"
Sunday,19 Oct 2025 20:00,"2,020",0,"2,020"
Sunday,19 Oct 2025 21:00,"2,101",0,"2,101"
Sunday,19 Oct 2025 22:00,"2,204",0,"2,204"
Sunday,19 Oct 2025 23:00,"2,351",0,"2,351"
Monday,20 Oct 2025 0:00,"2,216",0,"2,216"
Monday,20 Oct 2025 1:00,"2,360",0,"2,360"
Monday,20 Oct 2025 2:00,"2,414",0,"2,414"
Monday,20 Oct 2025 3:00,"5,097",0,"2,587"
Monday,20 Oct 2025 4:00,"2,431",0,"2,431"
Monday,20 Oct 2025 5:00,"2,748",0,"2,748"
Monday,20 Oct 2025 6:00,"2,928",0,"2,928"
Monday,20 Oct 2025 7:00,"3,170",0,"3,170"
Monday,20 Oct 2025 8:00,"3,784",0,"3,784"
Monday,20 Oct 2025 9:00,"3,956",0,"3,956"
Monday,20 Oct 2025 10:00,"3,821",0,"3,821"
Monday,20 Oct 2025 11:00,"3,680",0,"3,680"
Monday,20 Oct 2025 12:00,"3,656",0,"3,656"
Monday,20 Oct 2025 13:00,"3,638",0,"3,638"
Monday,20 Oct 2025 14:00,"3,571",0,"3,571"
Monday,20 Oct 2025 15:00,"3,189",0,"3,189"
Monday,20 Oct 2025 16:00,"3,184",0,"3,184"
Monday,20 Oct 2025 17:00,"3,017",0,"3,017"
Monday,20 Oct 2025 18:00,"2,527",0,"2,527"
Monday,20 Oct 2025 19:00,"2,303",0,"2,303"
Monday,20 Oct 2025 20:00,"2,114",0,"2,114"
Monday,20 Oct 2025 21:00,"1,999",0,"1,999"
Monday,20 Oct 2025 22:00,"1,943",0,"1,943"
Monday,20 Oct 2025 23:00,"1,901",0,"1,901"
Tuesday,21 Oct 2025 0:00,"2,003",0,"2,003"
Tuesday,21 Oct 2025 1:00,"1,998",0,"1,998"
Tuesday,21 Oct 2025 2:00,"1,933",0,"1,933"
Tuesday,21 Oct 2025 3:00,"3,721",0,"1,879"
Tuesday,21 Oct 2025 4:00,"2,094",0,"2,094"
Tuesday,21 Oct 2025 5:00,"1,944",0,"1,944"
Tuesday,21 Oct 2025 6:00,"2,276",0,"2,276"
Tuesday,21 Oct 2025 7:00,"2,401",0,"2,401"
Tuesday,21 Oct 2025 8:00,"2,796",0,"2,796"
Tuesday,21 Oct 2025 9:00,"2,828",0,"2,828"
Tuesday,21 Oct 2025 10:00,"2,961",0,"2,961"
Tuesday,21 Oct 2025 11:00,"2,987",0,"2,987"
Tuesday,21 Oct 2025 12:00,"3,112",0,"3,112"
Tuesday,21 Oct 2025 13:00,"3,018",0,"3,018"
Tuesday,21 Oct 2025 14:00,"2,992",0,"2,992"
Tuesday,21 Oct 2025 15:00,"3,038",0,"3,038"
Tuesday,21 Oct 2025 16:00,"3,037",0,"3,037"
Tuesday,21 Oct 2025 17:00,"2,784",0,"2,784"
Tuesday,21 Oct 2025 18:00,"2,586",0,"2,586"
Tuesday,21 Oct 2025 19:00,"2,239",0,"2,239"
Tuesday,21 Oct 2025 20:00,"2,180",0,"2,180"
Tuesday,21 Oct 2025 21:00,"2,007",0,"2,007"
Tuesday,21 Oct 2025 22:00,"1,966",0,"1,966"
Tuesday,21 Oct 2025 23:00,"1,483",0,"1,988"
Wednesday,22 Oct 2025 0:00,"2,456",0,"1,951"
Wednesday,22 Oct 2025 1:00,"1,841",0,"1,841"
Wednesday,22 Oct 2025 2:00,"2,109",0,"2,109"
Wednesday,22 Oct 2025 3:00,"4,157",0,"2,312"
Wednesday,22 Oct 2025 4:00,"3,137",0,"2,522"
Wednesday,22 Oct 2025 5:00,"2,118",0,"2,118"
Wednesday,22 Oct 2025 6:00,"2,542",0,"2,542"
Wednesday,22 Oct 2025 7:00,"2,561",0,"2,561"
Wednesday,22 Oct 2025 8:00,"2,852",0,"2,852"
Wednesday,22 Oct 2025 9:00,"3,070",0,"3,070"
Wednesday,22 Oct 2025 10:00,"2,252",0,"2,252"
Wednesday,22 Oct 2025 11:00,"3,144",0,"3,144"
Wednesday,22 Oct 2025 12:00,"3,245",0,"3,245"
Wednesday,22 Oct 2025 13:00,"3,229",0,"3,229"
Wednesday,22 Oct 2025 14:00,"3,079",0,"3,079"
Wednesday,22 Oct 2025 15:00,"2,943",0,"2,943"
Wednesday,22 Oct 2025 16:00,"2,784",0,"2,784"
Wednesday,22 Oct 2025 17:00,"2,912",0,"2,912"
Wednesday,22 Oct 2025 18:00,"2,655",0,"2,655"
Wednesday,22 Oct 2025 19:00,"2,327",0,"2,327"
Wednesday,22 Oct 2025 20:00,"2,109",0,"2,109"
Wednesday,22 Oct 2025 21:00,"2,141",0,"2,141"
Wednesday,22 Oct 2025 22:00,"2,119",0,"2,119"
Wednesday,22 Oct 2025 23:00,"1,906",0,"1,906"
Thursday,23 Oct 2025 0:00,"2,243",0,"2,243"
Thursday,23 Oct 2025 1:00,"1,993",0,"1,993"
Thursday,23 Oct 2025 2:00,"2,007",0,"2,007"
Thursday,23 Oct 2025 3:00,"4,090",0,"2,168"
Thursday,23 Oct 2025 4:00,"1,858",0,"1,858"
Thursday,23 Oct 2025 5:00,"1,957",0,"1,957"
Thursday,23 Oct 2025 6:00,"2,348",0,"2,348"
Thursday,23 Oct 2025 7:00,"2,500",0,"2,500"
Thursday,23 Oct 2025 8:00,"2,886",0,"2,886"
Thursday,23 Oct 2025 9:00,"2,641",0,"2,641"
Thursday,23 Oct 2025 10:00,"2,643",0,"2,643"
Thursday,23 Oct 2025 11:00,"2,712",0,"2,712"
Thursday,23 Oct 2025 12:00,"2,698",0,"2,698"
Thursday,23 Oct 2025 13:00,"2,834",0,"2,834"
Thursday,23 Oct 2025 14:00,"2,906",0,"2,906"
Thursday,23 Oct 2025 15:00,"2,720",0,"2,720"
Thursday,23 Oct 2025 16:00,"2,723",0,"2,723"
Thursday,23 Oct 2025 17:00,"2,643",0,"2,643"
Thursday,23 Oct 2025 18:00,"2,213",0,"2,213"
Thursday,23 Oct 2025 19:00,"1,909",0,"1,909"
Thursday,23 Oct 2025 20:00,"1,901",0,"1,901"
Thursday,23 Oct 2025 21:00,"2,014",0,"2,014"
Thursday,23 Oct 2025 22:00,"1,822",0,"1,822"
Thursday,23 Oct 2025 23:00,"1,477",0,"1,974"
Friday,24 Oct 2025 0:00,"2,680",0,"2,184"
Friday,24 Oct 2025 1:00,"2,092",0,"2,092"
Friday,24 Oct 2025 2:00,"2,132",0,"2,132"
Friday,24 Oct 2025 3:00,"4,810",0,"2,403"
Friday,24 Oct 2025 4:00,"2,002",0,"2,002"
Friday,24 Oct 2025 5:00,"1,974",0,"1,974"
Friday,24 Oct 2025 6:00,"2,364",0,"2,364"
Friday,24 Oct 2025 7:00,"2,583",0,"2,583"
Friday,24 Oct 2025 8:00,"2,785",0,"2,785"
Friday,24 Oct 2025 9:00,"2,507",0,"2,507"
Friday,24 Oct 2025 10:00,"2,659",0,"2,659"
Friday,24 Oct 2025 11:00,"2,517",0,"2,517"
Friday,24 Oct 2025 12:00,"2,473",0,"2,473"
Friday,24 Oct 2025 13:00,"2,482",0,"2,482"
Friday,24 Oct 2025 14:00,"2,661",0,"2,661"
Friday,24 Oct 2025 15:00,"2,423",0,"2,423"
Friday,24 Oct 2025 16:00,"2,382",0,"2,382"
Friday,24 Oct 2025 17:00,"2,331",0,"2,331"
Friday,24 Oct 2025 18:00,"2,154",0,"2,154"
Friday,24 Oct 2025 19:00,"2,114",0,"2,114"
Friday,24 Oct 2025 20:00,"1,834",0,"1,834"
Friday,24 Oct 2025 21:00,"1,825",0,"1,825"
Friday,24 Oct 2025 22:00,"1,770",0,"1,770"
Friday,24 Oct 2025 23:00,"1,469",0,"1,984"
Saturday,25 Oct 2025 0:00,"2,705",0,"2,190"
Saturday,25 Oct 2025 1:00,"2,062",0,"2,062"
Saturday,25 Oct 2025 2:00,"1,554",0,"1,554"
Saturday,25 Oct 2025 3:00,"4,044",0,"2,104"
Saturday,25 Oct 2025 4:00,"1,905",0,"1,905"
Saturday,25 Oct 2025 5:00,"1,831",0,"1,831"
Saturday,25 Oct 2025 6:00,"1,885",0,"1,885"
Saturday,25 Oct 2025 7:00,"2,121",0,"2,121"
Saturday,25 Oct 2025 8:00,"1,758",0,"1,758"
Saturday,25 Oct 2025 9:00,"2,187",0,"2,187"
Saturday,25 Oct 2025 10:00,"2,226",0,"2,226"
Saturday,25 Oct 2025 11:00,580.92,0,580.92
Saturday,25 Oct 2025 13:00,953.81,0,"1,440"
Saturday,25 Oct 2025 14:00,"1,999",0,"1,999"
Saturday,25 Oct 2025 15:00,"2,092",0,"2,092"
Saturday,25 Oct 2025 16:00,"1,605",0,"1,605"
Saturday,25 Oct 2025 17:00,"2,167",0,"2,167"
Saturday,25 Oct 2025 18:00,"2,211",0,"2,211"
Saturday,25 Oct 2025 19:00,"2,110",0,"2,110"
Saturday,25 Oct 2025 20:00,"1,864",0,"1,864"
Saturday,25 Oct 2025 21:00,"2,051",0,"2,051"
Saturday,25 Oct 2025 22:00,"1,916",0,"1,916"
Saturday,25 Oct 2025 23:00,"1,360",0,"1,888"
Sunday,26 Oct 2025 0:00,"2,453",0,"1,925"
Sunday,26 Oct 2025 1:00,"1,969",0,"1,969"
Sunday,26 Oct 2025 2:00,"1,900",0,"1,900"
Sunday,26 Oct 2025 3:00,"3,822",0,"1,991"
Sunday,26 Oct 2025 4:00,"1,799",0,"1,799"
Sunday,26 Oct 2025 5:00,"1,833",0,"1,833"
Sunday,26 Oct 2025 6:00,"1,831",0,"1,831"
Sunday,26 Oct 2025 7:00,"2,060",0,"2,060"
Sunday,26 Oct 2025 8:00,"2,171",0,"2,171"
Sunday,26 Oct 2025 9:00,"2,319",0,"2,319"
Sunday,26 Oct 2025 10:00,"2,109",0,"2,109"
Sunday,26 Oct 2025 11:00,"2,243",0,"2,243"
Sunday,26 Oct 2025 12:00,"2,118",0,"2,118"
Sunday,26 Oct 2025 13:00,"2,183",0,"2,183"
Sunday,26 Oct 2025 14:00,"2,146",0,"2,146"
Sunday,26 Oct 2025 15:00,"2,166",0,"2,166"
Sunday,26 Oct 2025 16:00,"2,123",0,"2,123"
Sunday,26 Oct 2025 17:00,"2,028",0,"2,028"
Sunday,26 Oct 2025 18:00,"1,974",0,"1,974"
Sunday,26 Oct 2025 19:00,"2,052",0,"2,052"
Sunday,26 Oct 2025 20:00,"1,998",0,"1,998"
Sunday,26 Oct 2025 21:00,"2,162",0,"2,162"
Sunday,26 Oct 2025 22:00,"1,936",0,"1,936"
Sunday,26 Oct 2025 23:00,"1,442",0,"1,958"
Monday,27 Oct 2025 0:00,"2,822",0,"2,306"
Monday,27 Oct 2025 1:00,"2,426",0,"2,426"
Monday,27 Oct 2025 2:00,"2,033",0,"2,033"
Monday,27 Oct 2025 3:00,"3,818",0,"2,101"
Monday,27 Oct 2025 4:00,"2,505",0,"1,933"
Monday,27 Oct 2025 5:00,"2,068",0,"2,068"
Monday,27 Oct 2025 6:00,"2,354",0,"2,354"
Monday,27 Oct 2025 7:00,"2,514",0,"2,514"
Monday,27 Oct 2025 8:00,"2,721",0,"2,721"
Monday,27 Oct 2025 9:00,"3,220",0,"3,220"
Monday,27 Oct 2025 10:00,"2,807",0,"2,807"
Monday,27 Oct 2025 11:00,"3,619",0,"3,619"
Monday,27 Oct 2025 12:00,"2,404",0,"2,404"
Monday,27 Oct 2025 13:00,317.04,0,317.04
Monday,27 Oct 2025 14:00,363.22,0,363.22
Monday,27 Oct 2025 15:00,316.96,0,316.96
Monday,27 Oct 2025 16:00,327.55,0,327.55
Monday,27 Oct 2025 17:00,336.61,0,336.61
Monday,27 Oct 2025 18:00,324.45,0,324.45
Monday,27 Oct 2025 19:00,325.72,0,325.72
Monday,27 Oct 2025 20:00,322.58,0,322.58
Monday,27 Oct 2025 21:00,319.32,0,319.32
Monday,27 Oct 2025 22:00,321.07,0,321.07
Monday,27 Oct 2025 23:00,244.56,0,323.91
Tuesday,28 Oct 2025 0:00,401.32,0,321.97
Tuesday,28 Oct 2025 1:00,317.4,0,317.4
Tuesday,28 Oct 2025 2:00,319.92,0,319.92
Tuesday,28 Oct 2025 3:00,633.08,0,314.89
Tuesday,28 Oct 2025 4:00,312.4,0,312.4
Tuesday,28 Oct 2025 5:00,320.02,0,320.02
Tuesday,28 Oct 2025 6:00,330.41,0,330.41
Tuesday,28 Oct 2025 7:00,328.98,0,328.98
Tuesday,28 Oct 2025 8:00,361.96,0,361.96
Tuesday,28 Oct 2025 9:00,318.1,0,318.1
Tuesday,28 Oct 2025 10:00,338.2,0,338.2
Tuesday,28 Oct 2025 11:00,317.84,0,317.84
Tuesday,28 Oct 2025 12:00,314.75,0,314.75
Tuesday,28 Oct 2025 13:00,315.35,0,315.35
Tuesday,28 Oct 2025 14:00,316.04,0,316.04
Tuesday,28 Oct 2025 15:00,318.8,0,318.8
Tuesday,28 Oct 2025 16:00,314.22,0,314.22
Tuesday,28 Oct 2025 17:00,315.51,0,315.51
Tuesday,28 Oct 2025 18:00,322.16,0,322.16
Tuesday,28 Oct 2025 19:00,328.24,0,328.24
Tuesday,28 Oct 2025 20:00,326.01,0,326.01
Tuesday,28 Oct 2025 21:00,328.31,0,328.31
Tuesday,28 Oct 2025 22:00,320.62,0,320.62
Tuesday,28 Oct 2025 23:00,240.63,0,320.86
Wednesday,29 Oct 2025 0:00,401.89,0,321.66
Wednesday,29 Oct 2025 1:00,325.5,0,325.5
Wednesday,29 Oct 2025 2:00,325.63,0,325.63
Wednesday,29 Oct 2025 3:00,641.54,0,320.66
Wednesday,29 Oct 2025 4:00,326.53,0,326.53
Wednesday,29 Oct 2025 5:00,318.64,0,318.64
Wednesday,29 Oct 2025 6:00,339.44,0,339.44
Wednesday,29 Oct 2025 7:00,322.71,0,322.71
Wednesday,29 Oct 2025 8:00,417.69,0,417.69
Wednesday,29 Oct 2025 9:00,412.79,0,412.79
Wednesday,29 Oct 2025 10:00,353.31,0,353.31
Wednesday,29 Oct 2025 11:00,325.19,0,325.19
Wednesday,29 Oct 2025 12:00,317.04,0,317.04
Wednesday,29 Oct 2025 13:00,326,0,326
Wednesday,29 Oct 2025 14:00,326.34,0,326.34
Wednesday,29 Oct 2025 15:00,327.45,0,327.45
Wednesday,29 Oct 2025 16:00,409.82,0,409.82
Wednesday,29 Oct 2025 17:00,340.2,0,340.2
Wednesday,29 Oct 2025 18:00,323.77,0,323.77
Wednesday,29 Oct 2025 19:00,319.51,0,319.51
Wednesday,29 Oct 2025 20:00,316.85,0,316.85
Wednesday,29 Oct 2025 21:00,323.2,0,323.2
Wednesday,29 Oct 2025 22:00,319.98,0,319.98
Wednesday,29 Oct 2025 23:00,243.19,0,326.26
Thursday,30 Oct 2025 0:00,403.22,0,320.15
Thursday,30 Oct 2025 1:00,326.21,0,326.21
Thursday,30 Oct 2025 2:00,324.1,0,324.1
Thursday,30 Oct 2025 3:00,407.24,0,323.91
Thursday,30 Oct 2025 4:00,410.66,0,160.69
Thursday,30 Oct 2025 5:00,319.71,0,319.71
Thursday,30 Oct 2025 6:00,328.11,0,328.11
Thursday,30 Oct 2025 7:00,534.98,0,534.98
Thursday,30 Oct 2025 8:00,331.53,0,331.53
Thursday,30 Oct 2025 9:00,334.86,0,334.86
Thursday,30 Oct 2025 10:00,330.87,0,330.87
Thursday,30 Oct 2025 11:00,357.3,0,357.3
Thursday,30 Oct 2025 12:00,323.39,0,323.39
Thursday,30 Oct 2025 13:00,322.75,0,322.75
Thursday,30 Oct 2025 14:00,320.01,0,320.01
Thursday,30 Oct 2025 15:00,314.43,0,314.43
Thursday,30 Oct 2025 16:00,344.09,0,344.09
Thursday,30 Oct 2025 17:00,326.55,0,326.55
Thursday,30 Oct 2025 18:00,327.04,0,327.04
Thursday,30 Oct 2025 19:00,326.53,0,326.53
Thursday,30 Oct 2025 20:00,327.48,0,327.48
Thursday,30 Oct 2025 21:00,317.52,0,317.52
Thursday,30 Oct 2025 22:00,315.95,0,315.95
Thursday,30 Oct 2025 23:00,240.5,0,320.91
Friday,31 Oct 2025 0:00,402.84,0,322.42
Friday,31 Oct 2025 1:00,319.94,0,319.94
Friday,31 Oct 2025 2:00,319.26,0,319.26
Friday,31 Oct 2025 3:00,637.7,0,320.3
Friday,31 Oct 2025 4:00,325.79,0,325.79
Friday,31 Oct 2025 5:00,326.7,0,326.7
Friday,31 Oct 2025 6:00,317.4,0,317.4
Friday,31 Oct 2025 7:00,305.72,0,305.72
Friday,31 Oct 2025 8:00,324.37,0,324.37
Friday,31 Oct 2025 9:00,316.33,0,316.33
Friday,31 Oct 2025 10:00,328.05,0,328.05
Friday,31 Oct 2025 11:00,322.31,0,322.31
Friday,31 Oct 2025 12:00,318.7,0,318.7
Friday,31 Oct 2025 13:00,325.3,0,325.3
Friday,31 Oct 2025 14:00,322.02,0,322.02
Friday,31 Oct 2025 15:00,328.74,0,328.74
Friday,31 Oct 2025 16:00,322.81,0,322.81
Friday,31 Oct 2025 17:00,322.7,0,322.7
Friday,31 Oct 2025 18:00,323.94,0,323.94
Friday,31 Oct 2025 19:00,329.61,0,329.61
Friday,31 Oct 2025 20:00,324.72,0,324.72
Friday,31 Oct 2025 21:00,326.21,0,326.21
Friday,31 Oct 2025 22:00,322.79,0,322.79
Friday,31 Oct 2025 23:00,242.78,0,321.56
Saturday,01 Nov 2025 0:00,402.19,0,323.41
Saturday,01 Nov 2025 1:00,317.44,0,317.44
Saturday,01 Nov 2025 2:00,324.45,0,324.45
Saturday,01 Nov 2025 3:00,662.77,0,327.77
Saturday,01 Nov 2025 4:00,326.27,0,326.27
Saturday,01 Nov 2025 5:00,321.18,0,321.18
Saturday,01 Nov 2025 6:00,318.99,0,318.99
Saturday,01 Nov 2025 7:00,324.97,0,324.97
Saturday,01 Nov 2025 8:00,324.61,0,324.61
Saturday,01 Nov 2025 9:00,320.76,0,320.76
Saturday,01 Nov 2025 10:00,318.01,0,318.01
Saturday,01 Nov 2025 11:00,321.57,0,321.57
Saturday,01 Nov 2025 12:00,322.23,0,322.23
Saturday,01 Nov 2025 13:00,320.26,0,320.26
Saturday,01 Nov 2025 14:00,80.5,0,80.5
Saturday,01 Nov 2025 15:00,322.25,0,322.25
Saturday,01 Nov 2025 16:00,322.19,0,322.19
Saturday,01 Nov 2025 17:00,319.3,0,319.3
Saturday,01 Nov 2025 18:00,317.59,0,317.59
Saturday,01 Nov 2025 19:00,323.55,0,323.55
Saturday,01 Nov 2025 20:00,321.35,0,321.35
Saturday,01 Nov 2025 21:00,322.44,0,322.44
Saturday,01 Nov 2025 22:00,326.81,0,326.81
Saturday,01 Nov 2025 23:00,242.63,0,324.24
Sunday,02 Nov 2025 0:00,488.97,0,407.36
Sunday,02 Nov 2025 1:00,899.85,0,899.85
Sunday,02 Nov 2025 2:00,323.93,0,323.93
Sunday,02 Nov 2025 3:00,241.77,0,241.77
Sunday,02 Nov 2025 4:00,653.96,0,322.03
Sunday,02 Nov 2025 5:00,323.58,0,323.58
Sunday,02 Nov 2025 6:00,320.83,0,320.83
Sunday,02 Nov 2025 7:00,316.88,0,316.88
Sunday,02 Nov 2025 8:00,323.02,0,323.02
Sunday,02 Nov 2025 9:00,315.82,0,315.82
Sunday,02 Nov 2025 10:00,"1,441",0,"1,441"
Sunday,02 Nov 2025 11:00,316.49,0,316.49
Sunday,02 Nov 2025 12:00,319.61,0,319.61
Sunday,02 Nov 2025 13:00,324.94,0,324.94
Sunday,02 Nov 2025 14:00,318.15,0,318.15
Sunday,02 Nov 2025 15:00,316.11,0,316.11
Sunday,02 Nov 2025 16:00,320.79,0,320.79
Sunday,02 Nov 2025 17:00,319.97,0,319.97
Sunday,02 Nov 2025 18:00,318.12,0,318.12
Sunday,02 Nov 2025 19:00,326.3,0,326.3
Sunday,02 Nov 2025 20:00,328.04,0,328.04
Sunday,02 Nov 2025 21:00,323.16,0,323.16
Sunday,02 Nov 2025 22:00,318.02,0,318.02
Sunday,02 Nov 2025 23:00,242.93,0,324.23
Monday,03 Nov 2025 0:00,396.67,0,315.38
Monday,03 Nov 2025 1:00,323.54,0,323.54
Monday,03 Nov 2025 2:00,316.97,0,316.97
Monday,03 Nov 2025 3:00,643.02,0,320.77
Monday,03 Nov 2025 4:00,319.64,0,319.64
Monday,03 Nov 2025 5:00,320.45,0,320.45
Monday,03 Nov 2025 6:00,304.76,0,304.76
Monday,03 Nov 2025 7:00,325.59,0,325.59
Monday,03 Nov 2025 8:00,446.72,0,446.72
Monday,03 Nov 2025 9:00,330.35,0,330.35
Monday,03 Nov 2025 10:00,428.34,0,428.34
Monday,03 Nov 2025 11:00,363.64,0,363.64
Monday,03 Nov 2025 12:00,422.47,0,422.47
Monday,03 Nov 2025 13:00,311.84,0,311.84
Monday,03 Nov 2025 14:00,310.56,0,310.56
Monday,03 Nov 2025 15:00,318.38,0,318.38
Monday,03 Nov 2025 16:00,314.39,0,314.39
Monday,03 Nov 2025 17:00,309.64,0,309.64
Monday,03 Nov 2025 18:00,230.46,0,309.11
Monday,03 Nov 2025 19:00,396.65,0,318
Monday,03 Nov 2025 20:00,318.7,0,318.7
Monday,03 Nov 2025 21:00,331.6,0,331.6
Monday,03 Nov 2025 22:00,244.99,0,329.11
Monday,03 Nov 2025 23:00,330.46,0,329.46
Tuesday,04 Nov 2025 0:00,413.12,0,330.01
Tuesday,04 Nov 2025 1:00,323.87,0,323.87
Tuesday,04 Nov 2025 2:00,318.08,0,318.08
Tuesday,04 Nov 2025 3:00,556.52,0,320.21
Tuesday,04 Nov 2025 4:00,393.12,0,314.36
Tuesday,04 Nov 2025 5:00,319,0,319
Tuesday,04 Nov 2025 6:00,239.05,0,239.05
Tuesday,04 Nov 2025 7:00,322.83,0,322.83
Tuesday,04 Nov 2025 8:00,368.44,0,368.44
Tuesday,04 Nov 2025 9:00,340.06,0,340.06
Tuesday,04 Nov 2025 10:00,322.05,0,322.05
Tuesday,04 Nov 2025 11:00,313.15,0,313.15
Tuesday,04 Nov 2025 12:00,310.69,0,310.69
Tuesday,04 Nov 2025 13:00,313.02,0,313.02
Tuesday,04 Nov 2025 14:00,317.59,0,317.59
Tuesday,04 Nov 2025 15:00,320.33,0,320.33
Tuesday,04 Nov 2025 16:00,321.9,0,321.9
Tuesday,04 Nov 2025 17:00,322.88,0,322.88
Tuesday,04 Nov 2025 18:00,319.11,0,319.11
Tuesday,04 Nov 2025 19:00,314.58,0,314.58
Tuesday,04 Nov 2025 20:00,314.12,0,314.12
Tuesday,04 Nov 2025 21:00,318.3,0,318.3
Tuesday,04 Nov 2025 22:00,320.58,0,320.58
Tuesday,04 Nov 2025 23:00,246.09,0,330.38
Wednesday,05 Nov 2025 0:00,408.65,0,324.35
Wednesday,05 Nov 2025 1:00,324.51,0,324.51
Wednesday,05 Nov 2025 2:00,326.76,0,326.76
Wednesday,05 Nov 2025 3:00,644.22,0,322.85
Wednesday,05 Nov 2025 4:00,316.52,0,316.52
Wednesday,05 Nov 2025 5:00,317.88,0,317.88
Wednesday,05 Nov 2025 6:00,301.51,0,301.51
Wednesday,05 Nov 2025 7:00,303.58,0,303.58
Wednesday,05 Nov 2025 8:00,301.44,0,301.44
Wednesday,05 Nov 2025 9:00,316.31,0,316.31
Wednesday,05 Nov 2025 10:00,322.6,0,322.6
Wednesday,05 Nov 2025 11:00,315.14,0,315.14
Wednesday,05 Nov 2025 12:00,319.16,0,319.16
Wednesday,05 Nov 2025 13:00,320.48,0,320.48
Wednesday,05 Nov 2025 14:00,321.2,0,321.2
Wednesday,05 Nov 2025 15:00,306.32,0,306.32
Wednesday,05 Nov 2025 16:00,316.43,0,316.43
Wednesday,05 Nov 2025 17:00,314.12,0,314.12
Wednesday,05 Nov 2025 18:00,324.43,0,324.43
Wednesday,05 Nov 2025 19:00,330.45,0,330.45
Wednesday,05 Nov 2025 20:00,325.31,0,325.31
Wednesday,05 Nov 2025 21:00,322.81,0,322.81
Wednesday,05 Nov 2025 22:00,321.43,0,321.43
Wednesday,05 Nov 2025 23:00,243.39,0,320.41
Thursday,06 Nov 2025 0:00,403.64,0,326.62
Thursday,06 Nov 2025 1:00,328.19,0,328.19
Thursday,06 Nov 2025 2:00,319.36,0,319.36
Thursday,06 Nov 2025 3:00,659.17,0,328.56
Thursday,06 Nov 2025 4:00,328.3,0,328.3
Thursday,06 Nov 2025 5:00,320.73,0,320.73
Thursday,06 Nov 2025 6:00,317.71,0,317.71
Thursday,06 Nov 2025 7:00,314.39,0,314.39
Thursday,06 Nov 2025 8:00,316.84,0,316.84
Thursday,06 Nov 2025 9:00,313.42,0,313.42
Thursday,06 Nov 2025 10:00,310.47,0,310.47
Thursday,06 Nov 2025 11:00,314.45,0,314.45
Thursday,06 Nov 2025 12:00,320.03,0,320.03
Thursday,06 Nov 2025 13:00,322.14,0,322.14
Thursday,06 Nov 2025 14:00,323.13,0,323.13
Thursday,06 Nov 2025 15:00,323.13,0,323.13
Thursday,06 Nov 2025 16:00,311.06,0,311.06
Thursday,06 Nov 2025 17:00,317.31,0,317.31
Thursday,06 Nov 2025 18:00,313.66,0,313.66
Thursday,06 Nov 2025 19:00,312.95,0,312.95
Thursday,06 Nov 2025 20:00,318.38,0,318.38
Thursday,06 Nov 2025 21:00,323.71,0,323.71
Thursday,06 Nov 2025 22:00,243.53,0,243.53
Thursday,06 Nov 2025 23:00,320.75,0,320.75
Friday,07 Nov 2025 0:00,321.55,0,321.55
Friday,07 Nov 2025 1:00,314.98,0,314.98
Friday,07 Nov 2025 2:00,318.43,0,318.43
Friday,07 Nov 2025 3:00,644.03,0,319.79
Friday,07 Nov 2025 4:00,318.33,0,318.33
Friday,07 Nov 2025 5:00,318.01,0,318.01
Friday,07 Nov 2025 6:00,319.98,0,319.98
Friday,07 Nov 2025 7:00,311.13,0,311.13
Friday,07 Nov 2025 8:00,318.83,0,318.83
Friday,07 Nov 2025 9:00,323.1,0,323.1
Friday,07 Nov 2025 10:00,312.58,0,312.58
Friday,07 Nov 2025 11:00,311.3,0,311.3
Friday,07 Nov 2025 12:00,312.6,0,312.6
Friday,07 Nov 2025 13:00,316.4,0,316.4
Friday,07 Nov 2025 14:00,316.01,0,316.01
Friday,07 Nov 2025 15:00,316.62,0,316.62
Friday,07 Nov 2025 16:00,318.59,0,318.59
Friday,07 Nov 2025 17:00,321.51,0,321.51
Friday,07 Nov 2025 18:00,320.9,0,320.9
Friday,07 Nov 2025 19:00,316.33,0,316.33
Friday,07 Nov 2025 20:00,318.9,0,318.9
Friday,07 Nov 2025 21:00,318.53,0,318.53
Friday,07 Nov 2025 22:00,321.06,0,321.06
Friday,07 Nov 2025 23:00,240.55,0,319
Saturday,08 Nov 2025 0:00,391.31,0,312.86
Saturday,08 Nov 2025 1:00,315.85,0,315.85
Saturday,08 Nov 2025 2:00,317.32,0,317.32
Saturday,08 Nov 2025 3:00,642.32,0,321.76
Saturday,08 Nov 2025 4:00,322.49,0,322.49
Saturday,08 Nov 2025 5:00,318.89,0,318.89
Saturday,08 Nov 2025 6:00,322.3,0,322.3
Saturday,08 Nov 2025 7:00,328.05,0,328.05
Saturday,08 Nov 2025 8:00,317.2,0,317.2
Saturday,08 Nov 2025 9:00,79.63,0,159.44
Saturday,08 Nov 2025 10:00,317.63,0,317.63
Saturday,08 Nov 2025 11:00,317.37,0,317.37
Saturday,08 Nov 2025 12:00,314.99,0,314.99
Saturday,08 Nov 2025 13:00,321.63,0,321.63
Saturday,08 Nov 2025 14:00,322.54,0,322.54
Saturday,08 Nov 2025 15:00,322.84,0,322.84
Saturday,08 Nov 2025 16:00,321.3,0,321.3
Saturday,08 Nov 2025 17:00,324.8,0,324.8
Saturday,08 Nov 2025 18:00,326.22,0,326.22
Saturday,08 Nov 2025 19:00,323.79,0,323.79
Saturday,08 Nov 2025 20:00,318.28,0,318.28
Saturday,08 Nov 2025 21:00,324.21,0,324.21
Saturday,08 Nov 2025 22:00,322.91,0,322.91
Saturday,08 Nov 2025 23:00,239.11,0,318.09
Sunday,09 Nov 2025 0:00,397.6,0,318.61
Sunday,09 Nov 2025 1:00,322.1,0,322.1
Sunday,09 Nov 2025 2:00,319.64,0,319.64
Sunday,09 Nov 2025 3:00,571.8,0,327.06
Sunday,09 Nov 2025 4:00,403.15,0,321.57
Sunday,09 Nov 2025 5:00,323.24,0,323.24
Sunday,09 Nov 2025 6:00,321.08,0,321.08
Sunday,09 Nov 2025 7:00,323.92,0,323.92
Sunday,09 Nov 2025 8:00,322.43,0,322.43
Sunday,09 Nov 2025 9:00,327.79,0,327.79
Sunday,09 Nov 2025 10:00,321.35,0,321.35
Sunday,09 Nov 2025 11:00,244.34,0,244.34
Sunday,09 Nov 2025 12:00,318.62,0,318.62
Sunday,09 Nov 2025 13:00,315.59,0,315.59
Sunday,09 Nov 2025 14:00,324.48,0,324.48
Sunday,09 Nov 2025 15:00,325.45,0,325.45
Sunday,09 Nov 2025 16:00,326.31,0,326.31
Sunday,09 Nov 2025 17:00,321.4,0,321.4
Sunday,09 Nov 2025 18:00,320.3,0,320.3
Sunday,09 Nov 2025 19:00,322.75,0,322.75
Sunday,09 Nov 2025 20:00,318.16,0,318.16
Sunday,09 Nov 2025 21:00,323.33,0,323.33
Sunday,09 Nov 2025 22:00,323.77,0,323.77
Sunday,09 Nov 2025 23:00,322.62,0,322.62
Monday,10 Nov 2025 0:00,318.85,0,318.85
Monday,10 Nov 2025 1:00,311,0,311
Monday,10 Nov 2025 2:00,327.19,0,327.19
Monday,10 Nov 2025 3:00,650.11,0,325
Monday,10 Nov 2025 4:00,323.79,0,323.79
Monday,10 Nov 2025 5:00,320.46,0,320.46
Monday,10 Nov 2025 6:00,322.74,0,322.74
Monday,10 Nov 2025 7:00,322.2,0,322.2
Monday,10 Nov 2025 8:00,320.82,0,320.82
Monday,10 Nov 2025 9:00,322.42,0,322.42
Monday,10 Nov 2025 10:00,315.09,0,315.09
Monday,10 Nov 2025 11:00,310.75,0,310.75
Monday,10 Nov 2025 12:00,319.23,0,319.23
Monday,10 Nov 2025 13:00,320.96,0,320.96
Monday,10 Nov 2025 14:00,317.89,0,317.89
Monday,10 Nov 2025 15:00,320.4,0,320.4
Monday,10 Nov 2025 16:00,321.14,0,321.14
Monday,10 Nov 2025 17:00,320.68,0,320.68
Monday,10 Nov 2025 18:00,322.03,0,322.03
Monday,10 Nov 2025 19:00,321.39,0,321.39
Monday,10 Nov 2025 20:00,321.25,0,321.25
Monday,10 Nov 2025 21:00,327.64,0,327.64
Monday,10 Nov 2025 22:00,327.63,0,327.63
Monday,10 Nov 2025 23:00,246.82,0,327.78
Tuesday,11 Nov 2025 0:00,404.21,0,323.25
Tuesday,11 Nov 2025 1:00,321.91,0,321.91
Tuesday,11 Nov 2025 2:00,322.39,0,322.39
Tuesday,11 Nov 2025 3:00,634.78,0,314.3
Tuesday,11 Nov 2025 4:00,317.28,0,317.28
Tuesday,11 Nov 2025 5:00,320.81,0,320.81
Tuesday,11 Nov 2025 6:00,319.23,0,319.23
Tuesday,11 Nov 2025 7:00,321.84,0,321.84
Tuesday,11 Nov 2025 8:00,320.42,0,320.42
Tuesday,11 Nov 2025 9:00,319.53,0,319.53
Tuesday,11 Nov 2025 10:00,240.25,0,320.92
Tuesday,11 Nov 2025 11:00,410.28,0,329.61
Tuesday,11 Nov 2025 12:00,324.17,0,324.17
Tuesday,11 Nov 2025 13:00,310.92,0,310.92
Tuesday,11 Nov 2025 14:00,314.88,0,314.88
Tuesday,11 Nov 2025 15:00,318.92,0,318.92
Tuesday,11 Nov 2025 16:00,320.31,0,320.31
Tuesday,11 Nov 2025 17:00,315.14,0,315.14
Tuesday,11 Nov 2025 18:00,316.58,0,316.58
Tuesday,11 Nov 2025 19:00,325.41,0,325.41
Tuesday,11 Nov 2025 20:00,321.3,0,321.3
Tuesday,11 Nov 2025 21:00,326.47,0,326.47
Tuesday,11 Nov 2025 22:00,323.24,0,323.24
Tuesday,11 Nov 2025 23:00,243.06,0,322.27
Wednesday,12 Nov 2025 0:00,392.43,0,313.23
Wednesday,12 Nov 2025 1:00,319.95,0,319.95
Wednesday,12 Nov 2025 2:00,314.8,0,314.8
Wednesday,12 Nov 2025 3:00,547.3,0,238.31
Wednesday,12 Nov 2025 4:00,318.2,0,318.2
Wednesday,12 Nov 2025 5:00,317.81,0,317.81
Wednesday,12 Nov 2025 6:00,314.53,0,314.53
Wednesday,12 Nov 2025 7:00,317.98,0,317.98
Wednesday,12 Nov 2025 8:00,318.39,0,318.39
Wednesday,12 Nov 2025 9:00,326.34,0,326.34
Wednesday,12 Nov 2025 10:00,326.61,0,326.61
Wednesday,12 Nov 2025 11:00,317.73,0,317.73
Wednesday,12 Nov 2025 12:00,329.11,0,329.11
Wednesday,12 Nov 2025 13:00,317.51,0,317.51
Wednesday,12 Nov 2025 14:00,313.17,0,313.17
Wednesday,12 Nov 2025 15:00,317.4,0,317.4
Wednesday,12 Nov 2025 16:00,318.85,0,318.85
Wednesday,12 Nov 2025 17:00,324.36,0,324.36
Wednesday,12 Nov 2025 18:00,323.2,0,323.2
Wednesday,12 Nov 2025 19:00,323.55,0,323.55
Wednesday,12 Nov 2025 20:00,326.44,0,326.44
Wednesday,12 Nov 2025 21:00,322.52,0,322.52
Wednesday,12 Nov 2025 22:00,321.62,0,321.62
Wednesday,12 Nov 2025 23:00,330.09,0,330.09
Thursday,13 Nov 2025 0:00,331.94,0,331.94
Thursday,13 Nov 2025 1:00,329.72,0,329.72
Thursday,13 Nov 2025 2:00,323.56,0,323.56
Thursday,13 Nov 2025 3:00,640.63,0,318.19
Thursday,13 Nov 2025 4:00,319.85,0,319.85
Thursday,13 Nov 2025 5:00,322.75,0,322.75
Thursday,13 Nov 2025 6:00,324,0,324
Thursday,13 Nov 2025 7:00,316.6,0,316.6
Thursday,13 Nov 2025 8:00,314.21,0,314.21
Thursday,13 Nov 2025 9:00,349.87,0,349.87
Thursday,13 Nov 2025 10:00,329.97,0,329.97
Thursday,13 Nov 2025 11:00,325.57,0,325.57
Thursday,13 Nov 2025 12:00,315.1,0,315.1
Thursday,13 Nov 2025 13:00,323.51,0,323.51
Thursday,13 Nov 2025 14:00,324.43,0,324.43
Thursday,13 Nov 2025 15:00,322.29,0,322.29
Thursday,13 Nov 2025 16:00,323.66,0,323.66
Thursday,13 Nov 2025 17:00,321.44,0,321.44
Thursday,13 Nov 2025 18:00,316.39,0,316.39
Thursday,13 Nov 2025 19:00,312.62,0,312.62
Thursday,13 Nov 2025 20:00,322.13,0,322.13
Thursday,13 Nov 2025 21:00,326.42,0,326.42
Thursday,13 Nov 2025 22:00,326.95,0,326.95
Thursday,13 Nov 2025 23:00,247.73,0,329.44
Friday,14 Nov 2025 0:00,398.54,0,316.84
Friday,14 Nov 2025 1:00,323.66,0,323.66
Friday,14 Nov 2025 2:00,329.11,0,329.11
Friday,14 Nov 2025 3:00,653.52,0,333.8
Friday,14 Nov 2025 4:00,325.07,0,325.07
Friday,14 Nov 2025 5:00,318.51,0,318.51
Friday,14 Nov 2025 6:00,311.61,0,311.61
Friday,14 Nov 2025 7:00,313.14,0,313.14
Friday,14 Nov 2025 8:00,316.29,0,316.29
Friday,14 Nov 2025 9:00,316.69,0,316.69
Friday,14 Nov 2025 10:00,317.86,0,317.86
Friday,14 Nov 2025 11:00,311.75,0,311.75
Friday,14 Nov 2025 12:00,316.65,0,316.65
Friday,14 Nov 2025 13:00,325.48,0,325.48
Friday,14 Nov 2025 14:00,326.74,0,326.74
Friday,14 Nov 2025 15:00,323.4,0,323.4
Friday,14 Nov 2025 16:00,325.22,0,325.22
Friday,14 Nov 2025 17:00,318.21,0,318.21
Friday,14 Nov 2025 18:00,325.49,0,325.49
Friday,14 Nov 2025 19:00,241.82,0,241.82
Friday,14 Nov 2025 20:00,322.31,0,322.31
Friday,14 Nov 2025 21:00,334.31,0,334.31
Friday,14 Nov 2025 22:00,323.48,0,323.48
Friday,14 Nov 2025 23:00,318.84,0,318.84
Saturday,15 Nov 2025 0:00,328.3,0,328.3
Saturday,15 Nov 2025 1:00,311.2,0,311.2
Saturday,15 Nov 2025 2:00,315.26,0,315.26
Saturday,15 Nov 2025 3:00,642.3,0,316.73
Saturday,15 Nov 2025 4:00,318.41,0,318.41
Saturday,15 Nov 2025 5:00,313.07,0,313.07
Saturday,15 Nov 2025 6:00,316.03,0,316.03
Saturday,15 Nov 2025 7:00,309.56,0,309.56
Saturday,15 Nov 2025 8:00,319.07,0,319.07
Saturday,15 Nov 2025 9:00,317.82,0,317.82
Saturday,15 Nov 2025 10:00,317.85,0,317.85
Saturday,15 Nov 2025 11:00,322.76,0,322.76
Saturday,15 Nov 2025 12:00,315.39,0,315.39
Saturday,15 Nov 2025 13:00,322.99,0,322.99
Saturday,15 Nov 2025 14:00,328.06,0,328.06
Saturday,15 Nov 2025 15:00,324.72,0,324.72
Saturday,15 Nov 2025 16:00,324.24,0,324.24
Saturday,15 Nov 2025 17:00,315.71,0,315.71
Saturday,15 Nov 2025 18:00,318,0,318
Saturday,15 Nov 2025 19:00,323.23,0,323.23
Saturday,15 Nov 2025 20:00,315.42,0,315.42
Saturday,15 Nov 2025 21:00,326.05,0,326.05
Saturday,15 Nov 2025 22:00,325.32,0,325.32
Saturday,15 Nov 2025 23:00,322.22,0,322.22
Sunday,16 Nov 2025 0:00,324.04,0,324.04
Sunday,16 Nov 2025 1:00,318.77,0,318.77
Sunday,16 Nov 2025 2:00,317.08,0,317.08
Sunday,16 Nov 2025 3:00,657.71,0,329.57
Sunday,16 Nov 2025 4:00,323.92,0,323.92
Sunday,16 Nov 2025 5:00,322.36,0,322.36
Sunday,16 Nov 2025 6:00,319.88,0,319.88
Sunday,16 Nov 2025 7:00,311.62,0,311.62
Sunday,16 Nov 2025 8:00,312.11,0,312.11
Sunday,16 Nov 2025 9:00,323.07,0,323.07
Sunday,16 Nov 2025 10:00,328.69,0,328.69
Sunday,16 Nov 2025 11:00,327.14,0,327.14
Sunday,16 Nov 2025 12:00,324.64,0,324.64
Sunday,16 Nov 2025 13:00,331.3,0,331.3
Sunday,16 Nov 2025 14:00,317.57,0,317.57
Sunday,16 Nov 2025 15:00,321.84,0,321.84
Sunday,16 Nov 2025 16:00,319.49,0,319.49
Sunday,16 Nov 2025 17:00,323.82,0,323.82
Sunday,16 Nov 2025 18:00,322.76,0,322.76
Sunday,16 Nov 2025 19:00,324.33,0,324.33
Sunday,16 Nov 2025 20:00,321.55,0,321.55
Sunday,16 Nov 2025 21:00,325.36,0,325.36
Sunday,16 Nov 2025 22:00,325.3,0,325.3
Sunday,16 Nov 2025 23:00,244.99,0,323.38
Monday,17 Nov 2025 0:00,399.95,0,321.56
Monday,17 Nov 2025 1:00,328.83,0,328.83
Monday,17 Nov 2025 2:00,318.25,0,318.25
Monday,17 Nov 2025 3:00,562.18,0,318.76
Monday,17 Nov 2025 4:00,406.31,0,325.17
Monday,17 Nov 2025 5:00,313.99,0,313.99
Monday,17 Nov 2025 6:00,315.26,0,315.26
Monday,17 Nov 2025 7:00,312.45,0,312.45
Monday,17 Nov 2025 8:00,317.69,0,317.69
Monday,17 Nov 2025 9:00,316.5,0,316.5
Monday,17 Nov 2025 10:00,323.9,0,323.9
Monday,17 Nov 2025 11:00,322.89,0,322.89
Monday,17 Nov 2025 12:00,317.26,0,317.26
Monday,17 Nov 2025 13:00,314.72,0,314.72
Monday,17 Nov 2025 14:00,313.87,0,313.87
Monday,17 Nov 2025 15:00,321.76,0,321.76
Monday,17 Nov 2025 16:00,324.54,0,324.54
Monday,17 Nov 2025 17:00,320.79,0,320.79
Monday,17 Nov 2025 18:00,324.76,0,324.76
Monday,17 Nov 2025 19:00,314.48,0,314.48
Monday,17 Nov 2025 20:00,318.91,0,318.91
Monday,17 Nov 2025 21:00,321.86,0,321.86
Monday,17 Nov 2025 22:00,324.88,0,324.88
Monday,17 Nov 2025 23:00,325.53,0,325.53
Tuesday,18 Nov 2025 0:00,328.02,0,328.02
Tuesday,18 Nov 2025 1:00,326.97,0,326.97
Tuesday,18 Nov 2025 2:00,311.04,0,311.04
Tuesday,18 Nov 2025 3:00,637.62,0,317.63
Tuesday,18 Nov 2025 4:00,326.23,0,326.23
Tuesday,18 Nov 2025 5:00,317.23,0,317.23
Tuesday,18 Nov 2025 6:00,312.35,0,312.35
Tuesday,18 Nov 2025 7:00,309.7,0,309.7
Tuesday,18 Nov 2025 8:00,313.58,0,313.58
Tuesday,18 Nov 2025 9:00,306.77,0,306.77
Tuesday,18 Nov 2025 10:00,319.2,0,319.2
Tuesday,18 Nov 2025 11:00,308.54,0,308.54
Tuesday,18 Nov 2025 12:00,319.11,0,319.11
Tuesday,18 Nov 2025 13:00,313.73,0,313.73
Tuesday,18 Nov 2025 14:00,320.82,0,320.82
Tuesday,18 Nov 2025 15:00,309.81,0,309.81
Tuesday,18 Nov 2025 16:00,315.94,0,315.94
Tuesday,18 Nov 2025 17:00,321.87,0,321.87
Tuesday,18 Nov 2025 18:00,316.16,0,316.16
Tuesday,18 Nov 2025 19:00,315.79,0,315.79
Tuesday,18 Nov 2025 20:00,314.17,0,314.17
Tuesday,18 Nov 2025 21:00,321.36,0,321.36
Tuesday,18 Nov 2025 22:00,324.03,0,324.03
Tuesday,18 Nov 2025 23:00,237.17,0,316.19
Wednesday,19 Nov 2025 0:00,404.22,0,325.2
Wednesday,19 Nov 2025 1:00,322.45,0,322.45
Wednesday,19 Nov 2025 2:00,316.37,0,316.37
Wednesday,19 Nov 2025 3:00,635.33,0,318.45
Wednesday,19 Nov 2025 4:00,310.55,0,310.55
Wednesday,19 Nov 2025 5:00,315.48,0,315.48
Wednesday,19 Nov 2025 6:00,309.7,0,309.7
Wednesday,19 Nov 2025 7:00,319.92,0,319.92
Wednesday,19 Nov 2025 8:00,324.06,0,324.06
Wednesday,19 Nov 2025 9:00,315.17,0,315.17
Wednesday,19 Nov 2025 10:00,368.01,0,368.01
Wednesday,19 Nov 2025 11:00,317.9,0,317.9
Wednesday,19 Nov 2025 12:00,407.75,0,407.75
Wednesday,19 Nov 2025 13:00,322.32,0,322.32
Wednesday,19 Nov 2025 14:00,310.88,0,310.88
Wednesday,19 Nov 2025 15:00,310.97,0,310.97
Wednesday,19 Nov 2025 16:00,307.9,0,307.9
Wednesday,19 Nov 2025 17:00,319.57,0,319.57
Wednesday,19 Nov 2025 18:00,310.69,0,310.69
Wednesday,19 Nov 2025 19:00,313.51,0,313.51
Wednesday,19 Nov 2025 20:00,318.83,0,318.83
Wednesday,19 Nov 2025 21:00,316.2,0,316.2
Wednesday,19 Nov 2025 22:00,320.7,0,320.7
Wednesday,19 Nov 2025 23:00,239.08,0,315.43
Thursday,20 Nov 2025 0:00,392.69,0,316.34
Thursday,20 Nov 2025 1:00,234.34,0,234.34
Thursday,20 Nov 2025 2:00,320.81,0,320.81
Thursday,20 Nov 2025 3:00,644.82,0,319.71
Thursday,20 Nov 2025 4:00,319.24,0,319.24
Thursday,20 Nov 2025 5:00,313.32,0,313.32
Thursday,20 Nov 2025 6:00,317.04,0,317.04
Thursday,20 Nov 2025 7:00,310.63,0,310.63
Thursday,20 Nov 2025 8:00,315.06,0,315.06
Thursday,20 Nov 2025 9:00,319.83,0,319.83
Thursday,20 Nov 2025 10:00,323.67,0,323.67
Thursday,20 Nov 2025 11:00,326.05,0,326.05
Thursday,20 Nov 2025 12:00,322.49,0,322.49
Thursday,20 Nov 2025 13:00,311.26,0,311.26
Thursday,20 Nov 2025 14:00,312.3,0,312.3
Thursday,20 Nov 2025 15:00,320.42,0,320.42
Thursday,20 Nov 2025 16:00,317.49,0,317.49
Thursday,20 Nov 2025 17:00,315.8,0,315.8
Thursday,20 Nov 2025 18:00,321.01,0,321.01
Thursday,20 Nov 2025 19:00,317.75,0,317.75
Thursday,20 Nov 2025 20:00,309.62,0,309.62
Thursday,20 Nov 2025 21:00,314.6,0,314.6
Thursday,20 Nov 2025 22:00,318.49,0,318.49
Thursday,20 Nov 2025 23:00,233.3,0,233.3
Friday,21 Nov 2025 0:00,250.39,0,327.11
Friday,21 Nov 2025 1:00,323.4,0,323.4
Friday,21 Nov 2025 2:00,315.62,0,315.62
Friday,21 Nov 2025 3:00,642.19,0,319.47
Friday,21 Nov 2025 4:00,317,0,317
Friday,21 Nov 2025 5:00,322,0,322
Friday,21 Nov 2025 6:00,312.74,0,312.74
Friday,21 Nov 2025 7:00,309.55,0,309.55
Friday,21 Nov 2025 8:00,319.46,0,319.46
Friday,21 Nov 2025 9:00,329.68,0,329.68
Friday,21 Nov 2025 10:00,310.31,0,310.31
Friday,21 Nov 2025 11:00,316.6,0,316.6
Friday,21 Nov 2025 12:00,321,0,321
Friday,21 Nov 2025 13:00,324.58,0,324.58
Friday,21 Nov 2025 14:00,317.94,0,317.94
Friday,21 Nov 2025 15:00,317.8,0,317.8
Friday,21 Nov 2025 16:00,324.99,0,324.99
Friday,21 Nov 2025 17:00,318.14,0,318.14
Friday,21 Nov 2025 18:00,313.39,0,313.39
Friday,21 Nov 2025 19:00,319.28,0,319.28
Friday,21 Nov 2025 20:00,322.67,0,322.67
Friday,21 Nov 2025 21:00,320.47,0,320.47
Friday,21 Nov 2025 22:00,317.08,0,317.08
Friday,21 Nov 2025 23:00,245.4,0,326.72
Saturday,22 Nov 2025 0:00,403.77,0,322.45
Saturday,22 Nov 2025 1:00,318.28,0,318.28
Saturday,22 Nov 2025 2:00,319.79,0,319.79
Saturday,22 Nov 2025 3:00,646.09,0,321.65
Saturday,22 Nov 2025 4:00,315.5,0,315.5
Saturday,22 Nov 2025 5:00,323.02,0,323.02
Saturday,22 Nov 2025 6:00,315.59,0,315.59
Saturday,22 Nov 2025 7:00,318.24,0,318.24
Saturday,22 Nov 2025 8:00,320.26,0,320.26
Saturday,22 Nov 2025 9:00,315.52,0,315.52
Saturday,22 Nov 2025 10:00,313.26,0,313.26
Saturday,22 Nov 2025 11:00,316.7,0,316.7
Saturday,22 Nov 2025 12:00,315.34,0,315.34
Saturday,22 Nov 2025 13:00,318.95,0,318.95
Saturday,22 Nov 2025 14:00,321.39,0,321.39
Saturday,22 Nov 2025 15:00,315.59,0,315.59
Saturday,22 Nov 2025 16:00,239.88,0,239.88
Saturday,22 Nov 2025 17:00,318.65,0,318.65
Saturday,22 Nov 2025 18:00,322.68,0,322.68
Saturday,22 Nov 2025 19:00,314.28,0,314.28
Saturday,22 Nov 2025 20:00,321,0,321
Saturday,22 Nov 2025 21:00,318.49,0,318.49
Saturday,22 Nov 2025 22:00,313.05,0,313.05
Saturday,22 Nov 2025 23:00,319.52,0,319.52
Sunday,23 Nov 2025 0:00,319.47,0,319.47
Sunday,23 Nov 2025 1:00,317.6,0,317.6
Sunday,23 Nov 2025 2:00,320.25,0,320.25
Sunday,23 Nov 2025 3:00,630.15,0,315.61
Sunday,23 Nov 2025 4:00,320.78,0,320.78
Sunday,23 Nov 2025 5:00,320.36,0,320.36
Sunday,23 Nov 2025 6:00,322.7,0,322.7
Sunday,23 Nov 2025 7:00,313.06,0,313.06
Sunday,23 Nov 2025 8:00,310.59,0,310.59
Sunday,23 Nov 2025 9:00,317.12,0,317.12
Sunday,23 Nov 2025 10:00,323.27,0,323.27
Sunday,23 Nov 2025 11:00,315.44,0,315.44
Sunday,23 Nov 2025 12:00,315.01,0,315.01
Sunday,23 Nov 2025 13:00,315.96,0,315.96
Sunday,23 Nov 2025 14:00,316.19,0,316.19
Sunday,23 Nov 2025 15:00,319.48,0,319.48
Sunday,23 Nov 2025 16:00,317.59,0,317.59
Sunday,23 Nov 2025 17:00,319.85,0,319.85
Sunday,23 Nov 2025 18:00,321.58,0,321.58
Sunday,23 Nov 2025 19:00,315.43,0,315.43
Sunday,23 Nov 2025 20:00,319.47,0,319.47
Sunday,23 Nov 2025 21:00,323.71,0,323.71
Sunday,23 Nov 2025 22:00,314.84,0,314.84
Sunday,23 Nov 2025 23:00,240.46,0,319.11
Monday,24 Nov 2025 0:00,393.01,0,314.36
Monday,24 Nov 2025 1:00,316.23,0,316.23
Monday,24 Nov 2025 2:00,319.49,0,319.49
Monday,24 Nov 2025 3:00,634.82,0,316.66
Monday,24 Nov 2025 4:00,324.23,0,324.23
Monday,24 Nov 2025 5:00,320.88,0,320.88
Monday,24 Nov 2025 6:00,312.3,0,312.3
Monday,24 Nov 2025 7:00,310.28,0,310.28
Monday,24 Nov 2025 8:00,317.2,0,317.2
Monday,24 Nov 2025 9:00,311.79,0,311.79
Monday,24 Nov 2025 10:00,319.3,0,319.3
Monday,24 Nov 2025 11:00,313.25,0,313.25
Monday,24 Nov 2025 12:00,313.73,0,313.73
Monday,24 Nov 2025 13:00,316.6,0,316.6
Monday,24 Nov 2025 14:00,319.4,0,319.4
Monday,24 Nov 2025 15:00,317.63,0,317.63
Monday,24 Nov 2025 16:00,312.92,0,312.92
Monday,24 Nov 2025 17:00,318.94,0,318.94
Monday,24 Nov 2025 18:00,308.8,0,308.8
Monday,24 Nov 2025 19:00,312.14,0,312.14
Monday,24 Nov 2025 20:00,312.78,0,312.78
Monday,24 Nov 2025 21:00,320.59,0,320.59
Monday,24 Nov 2025 22:00,317.18,0,317.18
Monday,24 Nov 2025 23:00,236.88,0,316.67
Tuesday,25 Nov 2025 0:00,391.68,0,311.9
Tuesday,25 Nov 2025 1:00,317.52,0,317.52
Tuesday,25 Nov 2025 2:00,320.35,0,320.35
Tuesday,25 Nov 2025 3:00,553.01,0,314.09
Tuesday,25 Nov 2025 4:00,395.41,0,315.77
Tuesday,25 Nov 2025 5:00,318.63,0,318.63
Tuesday,25 Nov 2025 6:00,316.11,0,316.11
Tuesday,25 Nov 2025 7:00,310.83,0,310.83
Tuesday,25 Nov 2025 8:00,315.07,0,315.07
Tuesday,25 Nov 2025 9:00,317.4,0,317.4
Tuesday,25 Nov 2025 10:00,317.96,0,317.96
Tuesday,25 Nov 2025 11:00,317.19,0,317.19
Tuesday,25 Nov 2025 12:00,315.99,0,315.99
Tuesday,25 Nov 2025 13:00,301.1,0,301.1
Tuesday,25 Nov 2025 14:00,309.14,0,309.14
Tuesday,25 Nov 2025 15:00,309.73,0,309.73
Tuesday,25 Nov 2025 16:00,312.06,0,312.06
Tuesday,25 Nov 2025 17:00,318.55,0,318.55
Tuesday,25 Nov 2025 18:00,311.73,0,311.73
Tuesday,25 Nov 2025 19:00,319.61,0,319.61
Tuesday,25 Nov 2025 20:00,316.67,0,316.67
Tuesday,25 Nov 2025 21:00,321.57,0,321.57
Tuesday,25 Nov 2025 22:00,313.58,0,313.58
Tuesday,25 Nov 2025 23:00,321.4,0,321.4
Wednesday,26 Nov 2025 0:00,321.83,0,321.83
Wednesday,26 Nov 2025 1:00,318.87,0,318.87
Wednesday,26 Nov 2025 2:00,320.06,0,320.06
Wednesday,26 Nov 2025 3:00,649.74,0,322.79
Wednesday,26 Nov 2025 4:00,328.87,0,328.87
Wednesday,26 Nov 2025 5:00,322,0,322
Wednesday,26 Nov 2025 6:00,320.73,0,320.73
Wednesday,26 Nov 2025 7:00,312.11,0,312.11
Wednesday,26 Nov 2025 8:00,317.34,0,317.34
Wednesday,26 Nov 2025 9:00,317.74,0,317.74
Wednesday,26 Nov 2025 10:00,314.43,0,314.43
Wednesday,26 Nov 2025 11:00,319.82,0,319.82
Wednesday,26 Nov 2025 12:00,403.81,0,403.81
Wednesday,26 Nov 2025 13:00,320.47,0,320.47
Wednesday,26 Nov 2025 14:00,312.88,0,312.88
Wednesday,26 Nov 2025 15:00,316.23,0,316.23
Wednesday,26 Nov 2025 16:00,314.01,0,314.01
Wednesday,26 Nov 2025 17:00,320.16,0,320.16
Wednesday,26 Nov 2025 18:00,326.07,0,326.07
Wednesday,26 Nov 2025 19:00,327.06,0,327.06
Wednesday,26 Nov 2025 20:00,318.66,0,318.66
Wednesday,26 Nov 2025 21:00,315.47,0,315.47
Wednesday,26 Nov 2025 22:00,320.36,0,320.36
Wednesday,26 Nov 2025 23:00,244.23,0,327.04
Thursday,27 Nov 2025 0:00,407.99,0,325.18
Thursday,27 Nov 2025 1:00,324.44,0,324.44
Thursday,27 Nov 2025 2:00,239.65,0,320.32
Thursday,27 Nov 2025 3:00,728.58,0,317.23
Thursday,27 Nov 2025 4:00,324.04,0,324.04
Thursday,27 Nov 2025 5:00,324.4,0,324.4
Thursday,27 Nov 2025 6:00,325.43,0,325.43
Thursday,27 Nov 2025 7:00,321.21,0,321.21
Thursday,27 Nov 2025 8:00,323.93,0,323.93
Thursday,27 Nov 2025 9:00,315.93,0,315.93
Thursday,27 Nov 2025 10:00,312.06,0,312.06
Thursday,27 Nov 2025 11:00,320.86,0,320.86
Thursday,27 Nov 2025 12:00,319.58,0,319.58
Thursday,27 Nov 2025 13:00,319.92,0,319.92
Thursday,27 Nov 2025 14:00,315.08,0,315.08
Thursday,27 Nov 2025 15:00,315.37,0,315.37
Thursday,27 Nov 2025 16:00,319.13,0,319.13
Thursday,27 Nov 2025 17:00,325.54,0,325.54
Thursday,27 Nov 2025 18:00,329.28,0,329.28
Thursday,27 Nov 2025 19:00,327.45,0,327.45
Thursday,27 Nov 2025 20:00,323.45,0,323.45
Thursday,27 Nov 2025 21:00,317.74,0,317.74
Thursday,27 Nov 2025 22:00,317.96,0,317.96
Thursday,27 Nov 2025 23:00,241.13,0,321.53
Friday,28 Nov 2025 0:00,325.71,0,245.32
Friday,28 Nov 2025 1:00,324.76,0,324.76
Friday,28 Nov 2025 2:00,320.27,0,320.27
Friday,28 Nov 2025 3:00,628.06,0,316.12
Friday,28 Nov 2025 4:00,317.78,0,317.78
Friday,28 Nov 2025 5:00,318.19,0,318.19
Friday,28 Nov 2025 6:00,319.76,0,319.76
Friday,28 Nov 2025 7:00,320.49,0,320.49
Friday,28 Nov 2025 8:00,319.67,0,319.67
Friday,28 Nov 2025 9:00,314.96,0,314.96
Friday,28 Nov 2025 10:00,310.41,0,310.41
Friday,28 Nov 2025 11:00,318.4,0,318.4
Friday,28 Nov 2025 12:00,324.58,0,324.58
Friday,28 Nov 2025 13:00,315.37,0,315.37
Friday,28 Nov 2025 14:00,316.49,0,316.49
Friday,28 Nov 2025 15:00,307.36,0,307.36
Friday,28 Nov 2025 16:00,293.99,0,293.99
Friday,28 Nov 2025 17:00,311.5,0,311.5
Friday,28 Nov 2025 18:00,320.87,0,320.87
Friday,28 Nov 2025 19:00,320.9,0,320.9
Friday,28 Nov 2025 20:00,322.89,0,322.89
Friday,28 Nov 2025 21:00,317.68,0,317.68
Friday,28 Nov 2025 22:00,"2,122",0,"2,122"
Friday,28 Nov 2025 23:00,"2,420",0,"2,420"
Saturday,29 Nov 2025 0:00,"2,272",0,"2,272"
Saturday,29 Nov 2025 1:00,"2,071",0,"2,071"
Saturday,29 Nov 2025 2:00,"2,154",0,"2,154"
Saturday,29 Nov 2025 3:00,"4,402",0,"2,215"
Saturday,29 Nov 2025 4:00,"2,084",0,"2,084"
Saturday,29 Nov 2025 5:00,"2,291",0,"2,291"
Saturday,29 Nov 2025 6:00,"2,184",0,"2,184"
Saturday,29 Nov 2025 7:00,"2,271",0,"2,271"
Saturday,29 Nov 2025 8:00,"2,550",0,"2,550"
Saturday,29 Nov 2025 9:00,"2,447",0,"2,447"
Saturday,29 Nov 2025 10:00,"2,413",0,"2,413"
Saturday,29 Nov 2025 11:00,"2,344",0,"2,344"
Saturday,29 Nov 2025 12:00,"2,381",0,"2,381"
Saturday,29 Nov 2025 13:00,"2,496",0,"2,496"
Saturday,29 Nov 2025 14:00,"2,239",0,"2,239"
Saturday,29 Nov 2025 15:00,"1,465",0,"1,465"
Saturday,29 Nov 2025 16:00,316.6,0,316.6
Saturday,29 Nov 2025 17:00,304.42,0,304.42
Saturday,29 Nov 2025 18:00,316.08,0,316.08
Saturday,29 Nov 2025 19:00,321.02,0,321.02
Saturday,29 Nov 2025 20:00,321.58,0,321.58
Saturday,29 Nov 2025 21:00,314.21,0,314.21
Saturday,29 Nov 2025 22:00,332.78,0,332.78
Saturday,29 Nov 2025 23:00,245.9,0,331.1
Sunday,30 Nov 2025 0:00,417.95,0,332.75
Sunday,30 Nov 2025 1:00,327.72,0,327.72
Sunday,30 Nov 2025 2:00,324.87,0,324.87
Sunday,30 Nov 2025 3:00,643.3,0,323.23
Sunday,30 Nov 2025 4:00,321.99,0,321.99
Sunday,30 Nov 2025 5:00,313.51,0,313.51
Sunday,30 Nov 2025 6:00,316.39,0,316.39
Sunday,30 Nov 2025 7:00,313.46,0,313.46
Sunday,30 Nov 2025 8:00,316.31,0,316.31
Sunday,30 Nov 2025 9:00,319.48,0,319.48
Sunday,30 Nov 2025 10:00,313.01,0,313.01
Sunday,30 Nov 2025 11:00,315.31,0,315.31
Sunday,30 Nov 2025 12:00,317.29,0,317.29
Sunday,30 Nov 2025 13:00,325.35,0,325.35
Sunday,30 Nov 2025 14:00,314.38,0,314.38
Sunday,30 Nov 2025 15:00,237.67,0,237.67
Sunday,30 Nov 2025 16:00,313.47,0,313.47
Sunday,30 Nov 2025 17:00,314.12,0,314.12
Sunday,30 Nov 2025 18:00,319.93,0,319.93
Sunday,30 Nov 2025 19:00,327.48,0,327.48
Sunday,30 Nov 2025 20:00,325.38,0,325.38
Sunday,30 Nov 2025 21:00,323.99,0,323.99
Sunday,30 Nov 2025 22:00,324.79,0,324.79
Sunday,30 Nov 2025 23:00,314.76,0,314.76
Monday,01 Dec 2025 0:00,78.65,0,78.65