Day,Date,Time,Load
Wednesday,2024-01-03,10:00,"1,177"
Wednesday,2024-01-03,11:00,338.32
Wednesday,2024-01-03,12:00,321.23
Wednesday,2024-01-03,13:00,315.01
Wednesday,2024-01-03,14:00,328.05
Wednesday,2024-01-03,15:00,324.85
Wednesday,2024-01-03,16:00,319.85
Wednesday,2024-01-03,17:00,330.62
Wednesday,2024-01-03,18:00,325.25
Wednesday,2024-01-03,19:00,322.45
Wednesday,2024-01-03,20:00,"2,165"
Wednesday,2024-01-03,21:00,"2,587"
Wednesday,2024-01-03,22:00,"2,224"
Wednesday,2024-01-03,23:00,"2,461"
Thursday,2024-01-04,00:00,"2,273"
Thursday,2024-01-04,01:00,"2,330"
Thursday,2024-01-04,02:00,"2,396"
Thursday,2024-01-04,03:00,"5,050"
Thursday,2024-01-04,04:00,"2,230"
Thursday,2024-01-04,05:00,"2,108"
Thursday,2024-01-04,06:00,"2,227"
Thursday,2024-01-04,07:00,"2,409"
Thursday,2024-01-04,08:00,"2,628"
Thursday,2024-01-04,09:00,"2,784"
Thursday,2024-01-04,10:00,"1,492"
Thursday,2024-01-04,11:00,340.07
Thursday,2024-01-04,12:00,319.58
Thursday,2024-01-04,13:00,325.77
Thursday,2024-01-04,14:00,322.18
Thursday,2024-01-04,15:00,318.43
Thursday,2024-01-04,16:00,324.43
Thursday,2024-01-04,17:00,326.97
Thursday,2024-01-04,18:00,318.3
Thursday,2024-01-04,19:00,326.19
Thursday,2024-01-04,20:00,326.88
Thursday,2024-01-04,21:00,316.46
Thursday,2024-01-04,22:00,316.17
Thursday,2024-01-04,23:00,326.99
Friday,2024-01-05,00:00,327.68
Friday,2024-01-05,01:00,322.26
Friday,2024-01-05,02:00,325.36
Friday,2024-01-05,03:00,736.02
Friday,2024-01-05,04:00,321.8
Friday,2024-01-05,05:00,325.84
Friday,2024-01-05,06:00,324.52
Friday,2024-01-05,07:00,322.38
Friday,2024-01-05,08:00,325.3
Friday,2024-01-05,09:00,341.75
Friday,2024-01-05,10:00,327.32
Friday,2024-01-05,11:00,326.59
Friday,2024-01-05,12:00,328.57
Friday,2024-01-05,13:00,319.66
Friday,2024-01-05,14:00,323.08
Friday,2024-01-05,15:00,323.31
Friday,2024-01-05,16:00,329.5
Friday,2024-01-05,17:00,324.53
Friday,2024-01-05,18:00,317.91
Friday,2024-01-05,19:00,326.48
Friday,2024-01-05,20:00,320.79
Friday,2024-01-05,21:00,320.31
Friday,2024-01-05,22:00,318.43
Friday,2024-01-05,23:00,332.04
Saturday,2024-01-06,00:00,328.77
Saturday,2024-01-06,01:00,327.43
Saturday,2024-01-06,02:00,319.16
Saturday,2024-01-06,03:00,727.42
Saturday,2024-01-06,04:00,320.18
Saturday,2024-01-06,05:00,326.22
Saturday,2024-01-06,06:00,326.8
Saturday,2024-01-06,07:00,324.55
Saturday,2024-01-06,08:00,323.11
Saturday,2024-01-06,09:00,325.78
Saturday,2024-01-06,10:00,326.71
Saturday,2024-01-06,11:00,329.91
Saturday,2024-01-06,12:00,327.58
Saturday,2024-01-06,13:00,325.32
Saturday,2024-01-06,14:00,324.18
Saturday,2024-01-06,15:00,322.57
Saturday,2024-01-06,16:00,319.26
Saturday,2024-01-06,17:00,329.05
Saturday,2024-01-06,18:00,325.12
Saturday,2024-01-06,19:00,324.87
Saturday,2024-01-06,20:00,323.56
Saturday,2024-01-06,21:00,325.32
Saturday,2024-01-06,22:00,321.67
Saturday,2024-01-06,23:00,328.14
Sunday,2024-01-07,00:00,327.05
Sunday,2024-01-07,01:00,330.87
Sunday,2024-01-07,02:00,326.14
Sunday,2024-01-07,03:00,745.69
Sunday,2024-01-07,04:00,992.26
Sunday,2024-01-07,05:00,"2,189"
Sunday,2024-01-07,06:00,837.22
Sunday,2024-01-07,07:00,315.5
Sunday,2024-01-07,08:00,314.36
Sunday,2024-01-07,09:00,327.9
Sunday,2024-01-07,10:00,331.76
Sunday,2024-01-07,11:00,326.37
Sunday,2024-01-07,12:00,320.29
Sunday,2024-01-07,13:00,315.33
Sunday,2024-01-07,14:00,318.28
Sunday,2024-01-07,15:00,314.1
Sunday,2024-01-07,16:00,312.91
Sunday,2024-01-07,17:00,315.97
Sunday,2024-01-07,18:00,308.41
Sunday,2024-01-07,19:00,309.06
Sunday,2024-01-07,20:00,316.26
Sunday,2024-01-07,21:00,313.03
Sunday,2024-01-07,22:00,314.17
Sunday,2024-01-07,23:00,315.35
Monday,2024-01-08,00:00,311.52
Monday,2024-01-08,01:00,322.75
Monday,2024-01-08,02:00,316.99
Monday,2024-01-08,03:00,707.06
Monday,2024-01-08,04:00,316.28
Monday,2024-01-08,05:00,318.06
Monday,2024-01-08,06:00,"1,013"
Monday,2024-01-08,07:00,"3,904"
Monday,2024-01-08,08:00,"4,179"
Monday,2024-01-08,09:00,"4,436"
Monday,2024-01-08,10:00,"4,463"
Monday,2024-01-08,11:00,"4,058"
Monday,2024-01-08,12:00,"3,287"
Monday,2024-01-08,13:00,"3,150"
Monday,2024-01-08,14:00,"3,104"
Monday,2024-01-08,15:00,"3,322"
Monday,2024-01-08,16:00,"3,109"
Monday,2024-01-08,17:00,"3,153"
Monday,2024-01-08,18:00,"2,940"
Monday,2024-01-08,19:00,"2,870"
Monday,2024-01-08,20:00,"2,820"
Monday,2024-01-08,21:00,"2,764"
Monday,2024-01-08,22:00,"2,711"
Monday,2024-01-08,23:00,"2,719"
Tuesday,2024-01-09,00:00,"2,669"
Tuesday,2024-01-09,01:00,"2,818"
Tuesday,2024-01-09,02:00,"2,674"
Tuesday,2024-01-09,03:00,"5,883"
Tuesday,2024-01-09,04:00,"2,566"
Tuesday,2024-01-09,05:00,"2,782"
Tuesday,2024-01-09,06:00,"2,906"
Tuesday,2024-01-09,07:00,"3,009"
Tuesday,2024-01-09,08:00,"3,129"
Tuesday,2024-01-09,09:00,"3,378"
Tuesday,2024-01-09,10:00,"3,295"
Tuesday,2024-01-09,11:00,"2,540"
Tuesday,2024-01-09,12:00,"3,247"
Tuesday,2024-01-09,13:00,"3,008"
Tuesday,2024-01-09,14:00,"3,302"
Tuesday,2024-01-09,15:00,"3,280"
Tuesday,2024-01-09,16:00,"3,392"
Tuesday,2024-01-09,17:00,"3,225"
Tuesday,2024-01-09,18:00,"2,992"
Tuesday,2024-01-09,19:00,"2,795"
Tuesday,2024-01-09,20:00,"2,819"
Tuesday,2024-01-09,21:00,"3,002"
Tuesday,2024-01-09,22:00,"2,786"
Tuesday,2024-01-09,23:00,"2,665"
Wednesday,2024-01-10,00:00,"2,736"
Wednesday,2024-01-10,01:00,"2,811"
Wednesday,2024-01-10,02:00,"2,898"
Wednesday,2024-01-10,03:00,"5,990"
Wednesday,2024-01-10,04:00,"2,850"
Wednesday,2024-01-10,05:00,"2,789"
Wednesday,2024-01-10,06:00,"3,041"
Wednesday,2024-01-10,07:00,"3,246"
Wednesday,2024-01-10,08:00,"3,542"
Wednesday,2024-01-10,09:00,"3,567"
Wednesday,2024-01-10,10:00,"3,375"
Wednesday,2024-01-10,11:00,"3,213"
Wednesday,2024-01-10,12:00,"3,346"
Wednesday,2024-01-10,13:00,"3,402"
Wednesday,2024-01-10,14:00,"3,402"
Wednesday,2024-01-10,15:00,"2,392"
Wednesday,2024-01-10,16:00,"3,026"
Wednesday,2024-01-10,17:00,"2,781"
Wednesday,2024-01-10,18:00,"2,543"
Wednesday,2024-01-10,19:00,"2,423"
Wednesday,2024-01-10,20:00,"2,392"
Wednesday,2024-01-10,21:00,"2,393"
Wednesday,2024-01-10,22:00,"2,434"
Wednesday,2024-01-10,23:00,"2,418"
Thursday,2024-01-11,00:00,"2,716"
Thursday,2024-01-11,01:00,"2,676"
Thursday,2024-01-11,02:00,"2,389"
Thursday,2024-01-11,03:00,"5,264"
Thursday,2024-01-11,04:00,"2,279"
Thursday,2024-01-11,05:00,"2,291"
Thursday,2024-01-11,06:00,"2,500"
Thursday,2024-01-11,07:00,"2,470"
Thursday,2024-01-11,08:00,"1,039"
Thursday,2024-01-11,09:00,"2,921"
Thursday,2024-01-11,10:00,"3,035"
Thursday,2024-01-11,11:00,"2,857"
Thursday,2024-01-11,12:00,"2,805"
Thursday,2024-01-11,13:00,"2,397"
Thursday,2024-01-11,14:00,"2,407"
Thursday,2024-01-11,15:00,"3,072"
Thursday,2024-01-11,16:00,"3,090"
Thursday,2024-01-11,17:00,"2,891"
Thursday,2024-01-11,18:00,"2,777"
Thursday,2024-01-11,19:00,"2,575"
Thursday,2024-01-11,20:00,"2,575"
Thursday,2024-01-11,21:00,"2,492"
Thursday,2024-01-11,22:00,"2,505"
Thursday,2024-01-11,23:00,"2,455"
Friday,2024-01-12,00:00,"2,589"
Friday,2024-01-12,01:00,"2,617"
Friday,2024-01-12,02:00,"2,590"
Friday,2024-01-12,03:00,"5,242"
Friday,2024-01-12,04:00,"2,344"
Friday,2024-01-12,05:00,"2,335"
Friday,2024-01-12,06:00,"2,628"
Friday,2024-01-12,07:00,"2,714"
Friday,2024-01-12,08:00,"2,965"
Friday,2024-01-12,09:00,"3,036"
Friday,2024-01-12,10:00,"3,040"
Friday,2024-01-12,11:00,"3,184"
Friday,2024-01-12,12:00,"3,130"
Friday,2024-01-12,13:00,"3,113"
Friday,2024-01-12,14:00,"3,010"
Friday,2024-01-12,15:00,"3,133"
Friday,2024-01-12,16:00,"4,154"
Friday,2024-01-12,17:00,"2,953"
Friday,2024-01-12,18:00,"2,905"
Friday,2024-01-12,19:00,"3,056"
Friday,2024-01-12,20:00,"3,262"
Friday,2024-01-12,21:00,"2,968"
Friday,2024-01-12,22:00,"2,905"
Friday,2024-01-12,23:00,"2,869"
Saturday,2024-01-13,00:00,"2,821"
Saturday,2024-01-13,01:00,"2,840"
Saturday,2024-01-13,02:00,"2,711"
Saturday,2024-01-13,03:00,"6,364"
Saturday,2024-01-13,04:00,"2,915"
Saturday,2024-01-13,05:00,"2,843"
Saturday,2024-01-13,06:00,"2,850"
Saturday,2024-01-13,07:00,"2,939"
Saturday,2024-01-13,08:00,"3,568"
Saturday,2024-01-13,09:00,"3,418"
Saturday,2024-01-13,10:00,"3,087"
Saturday,2024-01-13,11:00,"3,025"
Saturday,2024-01-13,12:00,"3,126"
Saturday,2024-01-13,13:00,"3,083"
Saturday,2024-01-13,14:00,"3,409"
Saturday,2024-01-13,15:00,"3,082"
Saturday,2024-01-13,16:00,"2,918"
Saturday,2024-01-13,17:00,"3,037"
Saturday,2024-01-13,18:00,"2,881"
Saturday,2024-01-13,19:00,"2,853"
Saturday,2024-01-13,20:00,"2,879"
Saturday,2024-01-13,21:00,"2,805"
Saturday,2024-01-13,22:00,"2,892"
Saturday,2024-01-13,23:00,"2,851"
Sunday,2024-01-14,00:00,"2,801"
Sunday,2024-01-14,01:00,"2,853"
Sunday,2024-01-14,02:00,"2,826"
Sunday,2024-01-14,03:00,"5,753"
Sunday,2024-01-14,04:00,"2,611"
Sunday,2024-01-14,05:00,"2,649"
Sunday,2024-01-14,06:00,"2,600"
Sunday,2024-01-14,07:00,"2,691"
Sunday,2024-01-14,08:00,"2,991"
Sunday,2024-01-14,09:00,"3,033"
Sunday,2024-01-14,10:00,"3,038"
Sunday,2024-01-14,11:00,"3,132"
Sunday,2024-01-14,12:00,"3,775"
Sunday,2024-01-14,13:00,"1,060"
Sunday,2024-01-14,14:00,322.61
Sunday,2024-01-14,15:00,320.77
Sunday,2024-01-14,16:00,330.99
Sunday,2024-01-14,17:00,322.45
Sunday,2024-01-14,18:00,320.21
Sunday,2024-01-14,19:00,320.18
Sunday,2024-01-14,20:00,320.06
Sunday,2024-01-14,21:00,327.93
Sunday,2024-01-14,22:00,327.08
Sunday,2024-01-14,23:00,322.46
Monday,2024-01-15,00:00,322
Monday,2024-01-15,01:00,320.09
Monday,2024-01-15,02:00,321.87
Monday,2024-01-15,03:00,742.66
Monday,2024-01-15,04:00,327.08
Monday,2024-01-15,05:00,324.1
Monday,2024-01-15,06:00,326.69
Monday,2024-01-15,07:00,320.58
Monday,2024-01-15,08:00,322.48
Monday,2024-01-15,09:00,327.19
Monday,2024-01-15,10:00,319.03
Monday,2024-01-15,11:00,319.97
Monday,2024-01-15,12:00,322.44
Monday,2024-01-15,13:00,326.78
Monday,2024-01-15,14:00,324.03
Monday,2024-01-15,15:00,332.25
Monday,2024-01-15,16:00,326.07
Monday,2024-01-15,17:00,323.48
Monday,2024-01-15,18:00,316.46
Monday,2024-01-15,19:00,317.73
Monday,2024-01-15,20:00,318.07
Monday,2024-01-15,21:00,325.47
Monday,2024-01-15,22:00,322.36
Monday,2024-01-15,23:00,324.02
Tuesday,2024-01-16,00:00,332.48
Tuesday,2024-01-16,01:00,329.62
Tuesday,2024-01-16,02:00,327.75
Tuesday,2024-01-16,03:00,738.81
Tuesday,2024-01-16,04:00,328.88
Tuesday,2024-01-16,05:00,320.38
Tuesday,2024-01-16,06:00,318.59
Tuesday,2024-01-16,07:00,317.23
Tuesday,2024-01-16,08:00,352.66
Tuesday,2024-01-16,09:00,331.4
Tuesday,2024-01-16,10:00,321.25
Tuesday,2024-01-16,11:00,322.19
Tuesday,2024-01-16,12:00,316.1
Tuesday,2024-01-16,13:00,319.95
Tuesday,2024-01-16,14:00,321.96
Tuesday,2024-01-16,15:00,321.53
Tuesday,2024-01-16,16:00,321.43
Tuesday,2024-01-16,17:00,320.94
Tuesday,2024-01-16,18:00,324.34
Tuesday,2024-01-16,19:00,318.49
Tuesday,2024-01-16,20:00,320.38
Tuesday,2024-01-16,21:00,312.99
Tuesday,2024-01-16,22:00,324.51
Tuesday,2024-01-16,23:00,324.9
Wednesday,2024-01-17,00:00,323.12
Wednesday,2024-01-17,01:00,327.94
Wednesday,2024-01-17,02:00,327.18
Wednesday,2024-01-17,03:00,722.31
Wednesday,2024-01-17,04:00,324.65
Wednesday,2024-01-17,05:00,320.75
Wednesday,2024-01-17,06:00,326.04
Wednesday,2024-01-17,07:00,"3,021"
Wednesday,2024-01-17,08:00,"3,705"
Wednesday,2024-01-17,09:00,"3,564"
Wednesday,2024-01-17,10:00,"3,585"
Wednesday,2024-01-17,11:00,"3,535"
Wednesday,2024-01-17,12:00,"3,531"
Wednesday,2024-01-17,13:00,"3,290"
Wednesday,2024-01-17,14:00,"3,191"
Wednesday,2024-01-17,15:00,"3,255"
Wednesday,2024-01-17,16:00,"3,383"
Wednesday,2024-01-17,17:00,"3,352"
Wednesday,2024-01-17,18:00,"3,152"
Wednesday,2024-01-17,19:00,"3,005"
Wednesday,2024-01-17,20:00,"2,985"
Wednesday,2024-01-17,21:00,"2,997"
Wednesday,2024-01-17,22:00,"2,934"
Wednesday,2024-01-17,23:00,"2,880"
Thursday,2024-01-18,00:00,"2,995"
Thursday,2024-01-18,01:00,"3,010"
Thursday,2024-01-18,02:00,"2,863"
Thursday,2024-01-18,03:00,"6,757"
Thursday,2024-01-18,04:00,"3,053"
Thursday,2024-01-18,05:00,"2,900"
Thursday,2024-01-18,06:00,"2,964"
Thursday,2024-01-18,07:00,719.03
Thursday,2024-01-18,08:00,380.94
Thursday,2024-01-18,09:00,337.46
Thursday,2024-01-18,10:00,327.43
Thursday,2024-01-18,11:00,325.86
Thursday,2024-01-18,12:00,322.35
Thursday,2024-01-18,13:00,316.26
Thursday,2024-01-18,14:00,320.94
Thursday,2024-01-18,15:00,329.16
Thursday,2024-01-18,16:00,323.19
Thursday,2024-01-18,17:00,331.61
Thursday,2024-01-18,18:00,325.28
Thursday,2024-01-18,19:00,322.69
Thursday,2024-01-18,20:00,323.82
Thursday,2024-01-18,21:00,325.42
Thursday,2024-01-18,22:00,323.44
Thursday,2024-01-18,23:00,327.68
Friday,2024-01-19,00:00,329.77
Friday,2024-01-19,01:00,325.69
Friday,2024-01-19,02:00,326.49
Friday,2024-01-19,03:00,725.18
Friday,2024-01-19,04:00,321.45
Friday,2024-01-19,05:00,326.45
Friday,2024-01-19,06:00,320.39
Friday,2024-01-19,07:00,316.93
Friday,2024-01-19,08:00,315.95
Friday,2024-01-19,09:00,332.88
Friday,2024-01-19,10:00,337.17
Friday,2024-01-19,11:00,329.01
Friday,2024-01-19,12:00,321.83
Friday,2024-01-19,13:00,319.92
Friday,2024-01-19,14:00,321.8
Friday,2024-01-19,15:00,328.89
Friday,2024-01-19,16:00,330.04
Friday,2024-01-19,17:00,329.63
Friday,2024-01-19,18:00,328.34
Friday,2024-01-19,19:00,321.7
Friday,2024-01-19,20:00,319.07
Friday,2024-01-19,21:00,326
Friday,2024-01-19,22:00,319.62
Friday,2024-01-19,23:00,328.97
Saturday,2024-01-20,00:00,322.98
Saturday,2024-01-20,01:00,328.73
Saturday,2024-01-20,02:00,322
Saturday,2024-01-20,03:00,741.25
Saturday,2024-01-20,04:00,327.57
Saturday,2024-01-20,05:00,324.47
Saturday,2024-01-20,06:00,318.97
Saturday,2024-01-20,07:00,322.27
Saturday,2024-01-20,08:00,326.07
Saturday,2024-01-20,09:00,321.72
Saturday,2024-01-20,10:00,322.89
Saturday,2024-01-20,11:00,319.16
Saturday,2024-01-20,12:00,321.22
Saturday,2024-01-20,13:00,322.81
Saturday,2024-01-20,14:00,319.8
Saturday,2024-01-20,15:00,321.88
Saturday,2024-01-20,16:00,316.99
Saturday,2024-01-20,17:00,320.12
Saturday,2024-01-20,18:00,317.74
Saturday,2024-01-20,19:00,319.78
Saturday,2024-01-20,20:00,317.17
Saturday,2024-01-20,21:00,321.08
Saturday,2024-01-20,22:00,317.64
Saturday,2024-01-20,23:00,316.39
Sunday,2024-01-21,00:00,320.57
Sunday,2024-01-21,01:00,316.69
Sunday,2024-01-21,02:00,323.3
Sunday,2024-01-21,03:00,739.37
Sunday,2024-01-21,04:00,326.79
Sunday,2024-01-21,05:00,324.36
Sunday,2024-01-21,06:00,321.52
Sunday,2024-01-21,07:00,320.38
Sunday,2024-01-21,08:00,324.27
Sunday,2024-01-21,09:00,313.68
Sunday,2024-01-21,10:00,323.79
Sunday,2024-01-21,11:00,323.24
Sunday,2024-01-21,12:00,325.69
Sunday,2024-01-21,13:00,324.16
Sunday,2024-01-21,14:00,322.74
Sunday,2024-01-21,15:00,325.92
Sunday,2024-01-21,16:00,320.32
Sunday,2024-01-21,17:00,317.44
Sunday,2024-01-21,18:00,317.21
Sunday,2024-01-21,19:00,319.44
Sunday,2024-01-21,20:00,322.66
Sunday,2024-01-21,21:00,319.73
Sunday,2024-01-21,22:00,321.21
Sunday,2024-01-21,23:00,325.75
Monday,2024-01-22,00:00,329.36
Monday,2024-01-22,01:00,330.28
Monday,2024-01-22,02:00,324.44
Monday,2024-01-22,03:00,740.61
Monday,2024-01-22,04:00,328.73
Monday,2024-01-22,05:00,320.59
Monday,2024-01-22,06:00,318.85
Monday,2024-01-22,07:00,314.79
Monday,2024-01-22,08:00,317.6
Monday,2024-01-22,09:00,316.56
Monday,2024-01-22,10:00,321.62
Monday,2024-01-22,11:00,315.84
Monday,2024-01-22,12:00,316.01
Monday,2024-01-22,13:00,319.91
Monday,2024-01-22,14:00,320.41
Monday,2024-01-22,15:00,325.86
Monday,2024-01-22,16:00,325.78
Monday,2024-01-22,17:00,342.23
Monday,2024-01-22,18:00,322.44
Monday,2024-01-22,19:00,325.18
Monday,2024-01-22,20:00,323.63
Monday,2024-01-22,21:00,323.07
Monday,2024-01-22,22:00,324.3
Monday,2024-01-22,23:00,330.72
Tuesday,2024-01-23,00:00,323.92
Tuesday,2024-01-23,01:00,325.18
Tuesday,2024-01-23,02:00,323.52
Tuesday,2024-01-23,03:00,741.8
Tuesday,2024-01-23,04:00,322.38
Tuesday,2024-01-23,05:00,323.01
Tuesday,2024-01-23,06:00,317.46
Tuesday,2024-01-23,07:00,309.92
Tuesday,2024-01-23,08:00,317.26
Tuesday,2024-01-23,09:00,334.94
Tuesday,2024-01-23,10:00,323.9
Tuesday,2024-01-23,11:00,434.29
Tuesday,2024-01-23,12:00,377.97
Tuesday,2024-01-23,13:00,387.69
Tuesday,2024-01-23,14:00,332.06
Tuesday,2024-01-23,15:00,385.22
Tuesday,2024-01-23,16:00,372.2
Tuesday,2024-01-23,17:00,389.55
Tuesday,2024-01-23,18:00,385.95
Tuesday,2024-01-23,19:00,315.35
Tuesday,2024-01-23,20:00,323.09
Tuesday,2024-01-23,21:00,326.26
Tuesday,2024-01-23,22:00,326.33
Tuesday,2024-01-23,23:00,327.06
Wednesday,2024-01-24,00:00,325.26
Wednesday,2024-01-24,01:00,330.87
Wednesday,2024-01-24,02:00,326.44
Wednesday,2024-01-24,03:00,750.36
Wednesday,2024-01-24,04:00,329.91
Wednesday,2024-01-24,05:00,325.55
Wednesday,2024-01-24,06:00,319.35
Wednesday,2024-01-24,07:00,334.43
Wednesday,2024-01-24,08:00,330.9
Wednesday,2024-01-24,09:00,349.2
Wednesday,2024-01-24,10:00,322.86
Wednesday,2024-01-24,11:00,341.25
Wednesday,2024-01-24,12:00,325.18
Wednesday,2024-01-24,13:00,328.43
Wednesday,2024-01-24,14:00,327.25
Wednesday,2024-01-24,15:00,317.35
Wednesday,2024-01-24,16:00,328.82
Wednesday,2024-01-24,17:00,324.24
Wednesday,2024-01-24,18:00,324.93
Wednesday,2024-01-24,19:00,325.65
Wednesday,2024-01-24,20:00,319.81
Wednesday,2024-01-24,21:00,323.51
Wednesday,2024-01-24,22:00,319.04
Wednesday,2024-01-24,23:00,328.64
Thursday,2024-01-25,00:00,331.01
Thursday,2024-01-25,01:00,329.88
Thursday,2024-01-25,02:00,329.49
Thursday,2024-01-25,03:00,713.46
Thursday,2024-01-25,04:00,327.2
Thursday,2024-01-25,05:00,325.48
Thursday,2024-01-25,06:00,319.09
Thursday,2024-01-25,07:00,318.02
Thursday,2024-01-25,08:00,327.72
Thursday,2024-01-25,09:00,344.69
Thursday,2024-01-25,10:00,326.96
Thursday,2024-01-25,11:00,325.17
Thursday,2024-01-25,12:00,330.38
Thursday,2024-01-25,13:00,332.91
Thursday,2024-01-25,14:00,330.36
Thursday,2024-01-25,15:00,320.72
Thursday,2024-01-25,16:00,324.04
Thursday,2024-01-25,17:00,318.29
Thursday,2024-01-25,18:00,315.62
Thursday,2024-01-25,19:00,320.24
Thursday,2024-01-25,20:00,329.52
Thursday,2024-01-25,21:00,318.45
Thursday,2024-01-25,22:00,322.81
Thursday,2024-01-25,23:00,326.25
Friday,2024-01-26,00:00,330.54
Friday,2024-01-26,01:00,324.05
Friday,2024-01-26,02:00,324.26
Friday,2024-01-26,03:00,746.22
Friday,2024-01-26,04:00,323.79
Friday,2024-01-26,05:00,328.76
Friday,2024-01-26,06:00,327.74
Friday,2024-01-26,07:00,321.09
Friday,2024-01-26,08:00,322.3
Friday,2024-01-26,09:00,317.46
Friday,2024-01-26,10:00,318.82
Friday,2024-01-26,11:00,320.93
Friday,2024-01-26,12:00,320.49
Friday,2024-01-26,13:00,318.47
Friday,2024-01-26,14:00,319.04
Friday,2024-01-26,15:00,325.75
Friday,2024-01-26,16:00,332.51
Friday,2024-01-26,17:00,336.33
Friday,2024-01-26,18:00,328.73
Friday,2024-01-26,19:00,330.34
Friday,2024-01-26,20:00,333.49
Friday,2024-01-26,21:00,333.37
Friday,2024-01-26,22:00,325.87
Friday,2024-01-26,23:00,245.6
Saturday,2024-01-27,00:00,410.91
Saturday,2024-01-27,01:00,326.93
Saturday,2024-01-27,02:00,334.97
Saturday,2024-01-27,03:00,746.35
Saturday,2024-01-27,04:00,325.21
Saturday,2024-01-27,05:00,326.12
Saturday,2024-01-27,06:00,323.32
Saturday,2024-01-27,07:00,326.1
Saturday,2024-01-27,08:00,323.67
Saturday,2024-01-27,09:00,322.72
Saturday,2024-01-27,10:00,330.02
Saturday,2024-01-27,11:00,321.67
Saturday,2024-01-27,12:00,325.22
Saturday,2024-01-27,13:00,316.83
Saturday,2024-01-27,14:00,327.22
Saturday,2024-01-27,15:00,323.78
Saturday,2024-01-27,16:00,315.33
Saturday,2024-01-27,17:00,323.08
Saturday,2024-01-27,18:00,324.6
Saturday,2024-01-27,19:00,318.68
Saturday,2024-01-27,20:00,321.14
Saturday,2024-01-27,21:00,317.46
Saturday,2024-01-27,22:00,324.71
Saturday,2024-01-27,23:00,321.31
Sunday,2024-01-28,00:00,320.9
Sunday,2024-01-28,01:00,330.21
Sunday,2024-01-28,02:00,329.6
Sunday,2024-01-28,03:00,747.43
Sunday,2024-01-28,04:00,319.97
Sunday,2024-01-28,05:00,327.51
Sunday,2024-01-28,06:00,327.53
Sunday,2024-01-28,07:00,318.91
Sunday,2024-01-28,08:00,317.99
Sunday,2024-01-28,09:00,323.09
Sunday,2024-01-28,10:00,316.05
Sunday,2024-01-28,11:00,317.73
Sunday,2024-01-28,12:00,327.39
Sunday,2024-01-28,13:00,320.66
Sunday,2024-01-28,14:00,322.67
Sunday,2024-01-28,15:00,325.78
Sunday,2024-01-28,16:00,318.87
Sunday,2024-01-28,17:00,333.45
Sunday,2024-01-28,18:00,329.29
Sunday,2024-01-28,19:00,322.57
Sunday,2024-01-28,20:00,319.57
Sunday,2024-01-28,21:00,322.2
Sunday,2024-01-28,22:00,319.68
Sunday,2024-01-28,23:00,322.82
Monday,2024-01-29,00:00,323.35
Monday,2024-01-29,01:00,324.47
Monday,2024-01-29,02:00,320.96
Monday,2024-01-29,03:00,744.15
Monday,2024-01-29,04:00,326.85
Monday,2024-01-29,05:00,322.22
Monday,2024-01-29,06:00,321.64
Monday,2024-01-29,07:00,319.9
Monday,2024-01-29,08:00,322.24
Monday,2024-01-29,09:00,321.13
Monday,2024-01-29,10:00,312.9
Monday,2024-01-29,11:00,317.88
Monday,2024-01-29,12:00,318.63
Monday,2024-01-29,13:00,322.64
Monday,2024-01-29,14:00,320.04
Monday,2024-01-29,15:00,319.02
Monday,2024-01-29,16:00,321.34
Monday,2024-01-29,17:00,323.02
Monday,2024-01-29,18:00,318
Monday,2024-01-29,19:00,316.97
Monday,2024-01-29,20:00,322
Monday,2024-01-29,21:00,321.36
Monday,2024-01-29,22:00,323.2
Monday,2024-01-29,23:00,327.29
Tuesday,2024-01-30,00:00,328.21
Tuesday,2024-01-30,01:00,325.97
Tuesday,2024-01-30,02:00,330.22
Tuesday,2024-01-30,03:00,721.64
Tuesday,2024-01-30,04:00,324.95
Tuesday,2024-01-30,05:00,322.9
Tuesday,2024-01-30,06:00,322.5
Tuesday,2024-01-30,07:00,332.4
Tuesday,2024-01-30,08:00,325.61
Tuesday,2024-01-30,09:00,316.19
Tuesday,2024-01-30,10:00,321.3
Tuesday,2024-01-30,11:00,319.81
Tuesday,2024-01-30,12:00,318.84
Tuesday,2024-01-30,13:00,315.89
Tuesday,2024-01-30,14:00,319.17
Tuesday,2024-01-30,15:00,320.16
Tuesday,2024-01-30,16:00,321.08
Tuesday,2024-01-30,17:00,317.81
Tuesday,2024-01-30,18:00,320.45
Tuesday,2024-01-30,19:00,314.76
Tuesday,2024-01-30,20:00,316.15
Tuesday,2024-01-30,21:00,322.81
Tuesday,2024-01-30,22:00,313.05
Tuesday,2024-01-30,23:00,323.3
Wednesday,2024-01-31,00:00,329.09
Wednesday,2024-01-31,01:00,328.52
Wednesday,2024-01-31,02:00,317.44
Wednesday,2024-01-31,03:00,715.63
Wednesday,2024-01-31,04:00,323.41
Wednesday,2024-01-31,05:00,321.62
Wednesday,2024-01-31,06:00,322.89
Wednesday,2024-01-31,07:00,327.04
Wednesday,2024-01-31,08:00,333.59
Wednesday,2024-01-31,09:00,320.38
Wednesday,2024-01-31,10:00,315.82
Wednesday,2024-01-31,11:00,322.9
Wednesday,2024-01-31,12:00,323.26
Wednesday,2024-01-31,13:00,326.25
Wednesday,2024-01-31,14:00,317.71
Wednesday,2024-01-31,15:00,326.28
Wednesday,2024-01-31,16:00,325.01
Wednesday,2024-01-31,17:00,316.76
Wednesday,2024-01-31,18:00,320.58
Wednesday,2024-01-31,19:00,321.45
Wednesday,2024-01-31,20:00,315.72
Wednesday,2024-01-31,21:00,321.73
Wednesday,2024-01-31,22:00,326.68
Wednesday,2024-01-31,23:00,323.9
Thursday,2024-02-01,00:00,329.45
Thursday,2024-02-01,01:00,322.8
Thursday,2024-02-01,02:00,320.21
Thursday,2024-02-01,03:00,723.67
Thursday,2024-02-01,04:00,327.44
Thursday,2024-02-01,05:00,327.55
Thursday,2024-02-01,06:00,"2,038"
Thursday,2024-02-01,07:00,"2,763"
Thursday,2024-02-01,08:00,"2,142"
Thursday,2024-02-01,09:00,319.37
Thursday,2024-02-01,10:00,324.37
Thursday,2024-02-01,11:00,325.87
Thursday,2024-02-01,12:00,320.29
Thursday,2024-02-01,13:00,325.67
Thursday,2024-02-01,14:00,320.48
Thursday,2024-02-01,15:00,326.83
Thursday,2024-02-01,16:00,328.83
Thursday,2024-02-01,17:00,325.12
Thursday,2024-02-01,18:00,322.44
Thursday,2024-02-01,19:00,325.62
Thursday,2024-02-01,20:00,317.24
Thursday,2024-02-01,21:00,321.13
Thursday,2024-02-01,22:00,327.9
Thursday,2024-02-01,23:00,329.36
Friday,2024-02-02,00:00,329.33
Friday,2024-02-02,01:00,337.49
Friday,2024-02-02,02:00,320.23
Friday,2024-02-02,03:00,749.52
Friday,2024-02-02,04:00,331.27
Friday,2024-02-02,05:00,326.17
Friday,2024-02-02,06:00,323.95
Friday,2024-02-02,07:00,329.9
Friday,2024-02-02,08:00,326.29
Friday,2024-02-02,09:00,329.83
Friday,2024-02-02,10:00,323.05
Friday,2024-02-02,11:00,320.32
Friday,2024-02-02,12:00,324.41
Friday,2024-02-02,13:00,319.02
Friday,2024-02-02,14:00,331.66
Friday,2024-02-02,15:00,330.7
Friday,2024-02-02,16:00,327.77
Friday,2024-02-02,17:00,327.13
Friday,2024-02-02,18:00,325.01
Friday,2024-02-02,19:00,321.74
Friday,2024-02-02,20:00,321
Friday,2024-02-02,21:00,326.7
Friday,2024-02-02,22:00,320.68
Friday,2024-02-02,23:00,331.95
Saturday,2024-02-03,00:00,325.77
Saturday,2024-02-03,01:00,328.42
Saturday,2024-02-03,02:00,326.3
Saturday,2024-02-03,03:00,712.87
Saturday,2024-02-03,04:00,320.13
Saturday,2024-02-03,05:00,325.16
Saturday,2024-02-03,06:00,320.68
Saturday,2024-02-03,07:00,319.58
Saturday,2024-02-03,08:00,322.45
Saturday,2024-02-03,09:00,325.02
Saturday,2024-02-03,10:00,323.62
Saturday,2024-02-03,11:00,320.01
Saturday,2024-02-03,12:00,319.1
Saturday,2024-02-03,13:00,319.67
Saturday,2024-02-03,14:00,321.52
Saturday,2024-02-03,15:00,322.21
Saturday,2024-02-03,16:00,321.13
Saturday,2024-02-03,17:00,319.34
Saturday,2024-02-03,18:00,323.96
Saturday,2024-02-03,19:00,322.7
Saturday,2024-02-03,20:00,328.16
Saturday,2024-02-03,21:00,322.92
Saturday,2024-02-03,22:00,321.71
Saturday,2024-02-03,23:00,327.37
Sunday,2024-02-04,00:00,325.07
Sunday,2024-02-04,01:00,325.13
Sunday,2024-02-04,02:00,320.94
Sunday,2024-02-04,03:00,729.36
Sunday,2024-02-04,04:00,324.42
Sunday,2024-02-04,05:00,324
Sunday,2024-02-04,06:00,318.12
Sunday,2024-02-04,07:00,319.97
Sunday,2024-02-04,08:00,315.63
Sunday,2024-02-04,09:00,319.67
Sunday,2024-02-04,10:00,326.81
Sunday,2024-02-04,11:00,326.36
Sunday,2024-02-04,12:00,330
Sunday,2024-02-04,13:00,315.3
Sunday,2024-02-04,14:00,319.06
Sunday,2024-02-04,15:00,320.78
Sunday,2024-02-04,16:00,329.78
Sunday,2024-02-04,17:00,317.73
Sunday,2024-02-04,18:00,323.68
Sunday,2024-02-04,19:00,325.83
Sunday,2024-02-04,20:00,313.84
Sunday,2024-02-04,21:00,320.87
Sunday,2024-02-04,22:00,321.01
Sunday,2024-02-04,23:00,323.04
Monday,2024-02-05,00:00,316.12
Monday,2024-02-05,01:00,323.08
Monday,2024-02-05,02:00,324.95
Monday,2024-02-05,03:00,722.73
Monday,2024-02-05,04:00,319.68
Monday,2024-02-05,05:00,326.47
Monday,2024-02-05,06:00,308.85
Monday,2024-02-05,07:00,316.11
Monday,2024-02-05,08:00,317.45
Monday,2024-02-05,09:00,318.5
Monday,2024-02-05,10:00,320.98
Monday,2024-02-05,11:00,319.96
Monday,2024-02-05,12:00,322.41
Monday,2024-02-05,13:00,313.93
Monday,2024-02-05,14:00,321.41
Monday,2024-02-05,15:00,319.18
Monday,2024-02-05,16:00,323.61
Monday,2024-02-05,17:00,316.98
Monday,2024-02-05,18:00,313.13
Monday,2024-02-05,19:00,321.21
Monday,2024-02-05,20:00,320.6
Monday,2024-02-05,21:00,852.02
Monday,2024-02-05,22:00,"2,202"
Monday,2024-02-05,23:00,"1,740"
Tuesday,2024-02-06,00:00,"1,835"
Tuesday,2024-02-06,01:00,"1,612"
Tuesday,2024-02-06,02:00,"2,059"
Tuesday,2024-02-06,03:00,"4,102"
Tuesday,2024-02-06,04:00,"1,850"
Tuesday,2024-02-06,05:00,"1,734"
Tuesday,2024-02-06,06:00,"1,901"
Tuesday,2024-02-06,07:00,"2,029"
Tuesday,2024-02-06,08:00,"2,280"
Tuesday,2024-02-06,09:00,"2,255"
Tuesday,2024-02-06,10:00,"2,384"
Tuesday,2024-02-06,11:00,"2,376"
Tuesday,2024-02-06,12:00,"2,466"
Tuesday,2024-02-06,13:00,"1,382"
Tuesday,2024-02-06,14:00,329.81
Tuesday,2024-02-06,15:00,324.32
Tuesday,2024-02-06,16:00,326.11
Tuesday,2024-02-06,17:00,315.68
Tuesday,2024-02-06,18:00,329.57
Tuesday,2024-02-06,19:00,320.35
Tuesday,2024-02-06,20:00,321.95
Tuesday,2024-02-06,21:00,320.51
Tuesday,2024-02-06,22:00,324.56
Tuesday,2024-02-06,23:00,320.64
Wednesday,2024-02-07,00:00,329.5
Wednesday,2024-02-07,01:00,328.69
Wednesday,2024-02-07,02:00,382.99
Wednesday,2024-02-07,03:00,"4,408"
Wednesday,2024-02-07,04:00,"1,624"
Wednesday,2024-02-07,05:00,"1,685"
Wednesday,2024-02-07,06:00,"1,872"
Wednesday,2024-02-07,07:00,"2,091"
Wednesday,2024-02-07,08:00,"2,313"
Wednesday,2024-02-07,09:00,"2,379"
Wednesday,2024-02-07,10:00,"2,218"
Wednesday,2024-02-07,11:00,"2,346"
Wednesday,2024-02-07,12:00,"2,375"
Wednesday,2024-02-07,13:00,"2,310"
Wednesday,2024-02-07,14:00,"2,276"
Wednesday,2024-02-07,15:00,"2,211"
Wednesday,2024-02-07,16:00,"2,319"
Wednesday,2024-02-07,17:00,"2,074"
Wednesday,2024-02-07,18:00,"1,866"
Wednesday,2024-02-07,19:00,329.17
Wednesday,2024-02-07,20:00,327.12
Wednesday,2024-02-07,21:00,318.36
Wednesday,2024-02-07,22:00,322.17
Wednesday,2024-02-07,23:00,320.84
Thursday,2024-02-08,00:00,315.93
Thursday,2024-02-08,01:00,327.02
Thursday,2024-02-08,02:00,324.44
Thursday,2024-02-08,03:00,705.59
Thursday,2024-02-08,04:00,317.87
Thursday,2024-02-08,05:00,239.69
Thursday,2024-02-08,06:00,318.88
Thursday,2024-02-08,07:00,324.59
Thursday,2024-02-08,08:00,319.14
Thursday,2024-02-08,09:00,317.97
Thursday,2024-02-08,10:00,315.48
Thursday,2024-02-08,11:00,322.3
Thursday,2024-02-08,12:00,323.9
Thursday,2024-02-08,13:00,320.39
Thursday,2024-02-08,14:00,317.53
Thursday,2024-02-08,15:00,323.97
Thursday,2024-02-08,16:00,323.12
Thursday,2024-02-08,17:00,327.98
Thursday,2024-02-08,18:00,325.21
Thursday,2024-02-08,19:00,318.54
Thursday,2024-02-08,20:00,318.98
Thursday,2024-02-08,21:00,325.49
Thursday,2024-02-08,22:00,322.92
Thursday,2024-02-08,23:00,330.73
Friday,2024-02-09,00:00,324.74
Friday,2024-02-09,01:00,317.39
Friday,2024-02-09,02:00,324.69
Friday,2024-02-09,03:00,724.75
Friday,2024-02-09,04:00,323.15
Friday,2024-02-09,05:00,326.65
Friday,2024-02-09,06:00,326.15
Friday,2024-02-09,07:00,324.53
Friday,2024-02-09,08:00,310.13
Friday,2024-02-09,09:00,302.09
Friday,2024-02-09,10:00,316.08
Friday,2024-02-09,11:00,317.04
Friday,2024-02-09,12:00,324.47
Friday,2024-02-09,13:00,316.78
Friday,2024-02-09,14:00,321.03
Friday,2024-02-09,15:00,320.4
Friday,2024-02-09,16:00,321.34
Friday,2024-02-09,17:00,326.92
Friday,2024-02-09,18:00,323.69
Friday,2024-02-09,19:00,312.65
Friday,2024-02-09,20:00,323.58
Friday,2024-02-09,21:00,322.53
Friday,2024-02-09,22:00,321.15
Friday,2024-02-09,23:00,328.38
Saturday,2024-02-10,00:00,326.57
Saturday,2024-02-10,01:00,326.37
Saturday,2024-02-10,02:00,325.52
Saturday,2024-02-10,03:00,732.84
Saturday,2024-02-10,04:00,319.01
Saturday,2024-02-10,05:00,326.46
Saturday,2024-02-10,06:00,324.95
Saturday,2024-02-10,07:00,328.36
Saturday,2024-02-10,08:00,326.94
Saturday,2024-02-10,09:00,321.78
Saturday,2024-02-10,10:00,322.76
Saturday,2024-02-10,11:00,316.36
Saturday,2024-02-10,12:00,325.46
Saturday,2024-02-10,13:00,330.67
Saturday,2024-02-10,14:00,323.94
Saturday,2024-02-10,15:00,323.2
Saturday,2024-02-10,16:00,328.22
Saturday,2024-02-10,17:00,326.59
Saturday,2024-02-10,18:00,323.53
Saturday,2024-02-10,19:00,323.47
Saturday,2024-02-10,20:00,329.17
Saturday,2024-02-10,21:00,328.47
Saturday,2024-02-10,22:00,325.84
Saturday,2024-02-10,23:00,324.75
Sunday,2024-02-11,00:00,337.55
Sunday,2024-02-11,01:00,332.67
Sunday,2024-02-11,02:00,329.41
Sunday,2024-02-11,03:00,746.6
Sunday,2024-02-11,04:00,324.52
Sunday,2024-02-11,05:00,335.05
Sunday,2024-02-11,06:00,320.8
Sunday,2024-02-11,07:00,327.87
Sunday,2024-02-11,08:00,325.53
Sunday,2024-02-11,09:00,322.71
Sunday,2024-02-11,10:00,320.57
Sunday,2024-02-11,11:00,319.46
Sunday,2024-02-11,12:00,325.25
Sunday,2024-02-11,13:00,325.66
Sunday,2024-02-11,14:00,324.37
Sunday,2024-02-11,15:00,325.6
Sunday,2024-02-11,16:00,329.64
Sunday,2024-02-11,17:00,335.8
Sunday,2024-02-11,18:00,330.25
Sunday,2024-02-11,19:00,323.57
Sunday,2024-02-11,20:00,323.55
Sunday,2024-02-11,21:00,322.11
Sunday,2024-02-11,22:00,321.16
Sunday,2024-02-11,23:00,324.82
Monday,2024-02-12,00:00,325.77
Monday,2024-02-12,01:00,324.47
Monday,2024-02-12,02:00,325.24
Monday,2024-02-12,03:00,741.29
Monday,2024-02-12,04:00,328.99
Monday,2024-02-12,05:00,322.65
Monday,2024-02-12,06:00,316.31
Monday,2024-02-12,07:00,319.02
Monday,2024-02-12,08:00,315.33
Monday,2024-02-12,09:00,313.87
Monday,2024-02-12,10:00,324.37
Monday,2024-02-12,11:00,317.82
Monday,2024-02-12,12:00,319.52
Monday,2024-02-12,13:00,315.06
Monday,2024-02-12,14:00,319.83
Monday,2024-02-12,15:00,312.29
Monday,2024-02-12,16:00,325.73
Monday,2024-02-12,17:00,320.06
Monday,2024-02-12,18:00,328.49
Monday,2024-02-12,19:00,328.17
Monday,2024-02-12,20:00,320.74
Monday,2024-02-12,21:00,325.13
Monday,2024-02-12,22:00,317.29
Monday,2024-02-12,23:00,319.94
Tuesday,2024-02-13,00:00,331.77
Tuesday,2024-02-13,01:00,329.14
Tuesday,2024-02-13,02:00,324.52
Tuesday,2024-02-13,03:00,742.3
Tuesday,2024-02-13,04:00,330.34
Tuesday,2024-02-13,05:00,323.32
Tuesday,2024-02-13,06:00,321.81
Tuesday,2024-02-13,07:00,321.27
Tuesday,2024-02-13,08:00,325.53
Tuesday,2024-02-13,09:00,317.04
Tuesday,2024-02-13,10:00,316.21
Tuesday,2024-02-13,11:00,327.51
Tuesday,2024-02-13,12:00,312.88
Tuesday,2024-02-13,13:00,322.7
Tuesday,2024-02-13,14:00,326.06
Tuesday,2024-02-13,15:00,328.2
Tuesday,2024-02-13,16:00,319.73
Tuesday,2024-02-13,17:00,325.27
Tuesday,2024-02-13,18:00,320.65
Tuesday,2024-02-13,19:00,319.68
Tuesday,2024-02-13,20:00,317.52
Tuesday,2024-02-13,21:00,324.36
Tuesday,2024-02-13,22:00,324.18
Tuesday,2024-02-13,23:00,326.07
Wednesday,2024-02-14,00:00,321.68
Wednesday,2024-02-14,01:00,326.67
Wednesday,2024-02-14,02:00,326.73
Wednesday,2024-02-14,03:00,722.47
Wednesday,2024-02-14,04:00,323.74
Wednesday,2024-02-14,05:00,321.55
Wednesday,2024-02-14,06:00,324.97
Wednesday,2024-02-14,07:00,318.77
Wednesday,2024-02-14,08:00,321.67
Wednesday,2024-02-14,09:00,315.43
Wednesday,2024-02-14,10:00,323.97
Wednesday,2024-02-14,11:00,318.76
Wednesday,2024-02-14,12:00,319.62
Wednesday,2024-02-14,13:00,319.19
Wednesday,2024-02-14,14:00,321.82
Wednesday,2024-02-14,15:00,358.24
Wednesday,2024-02-14,16:00,588.05
Wednesday,2024-02-14,17:00,434.03
Wednesday,2024-02-14,18:00,321.49
Wednesday,2024-02-14,19:00,318.81
Wednesday,2024-02-14,20:00,320.93
Wednesday,2024-02-14,21:00,320.76
Wednesday,2024-02-14,22:00,316.46
Wednesday,2024-02-14,23:00,316.45
Thursday,2024-02-15,00:00,327.22
Thursday,2024-02-15,01:00,318.57
Thursday,2024-02-15,02:00,322.38
Thursday,2024-02-15,03:00,755.59
Thursday,2024-02-15,04:00,325.53
Thursday,2024-02-15,05:00,325.19
Thursday,2024-02-15,06:00,317.48
Thursday,2024-02-15,07:00,317.63
Thursday,2024-02-15,08:00,330.72
Thursday,2024-02-15,09:00,321.48
Thursday,2024-02-15,10:00,316.08
Thursday,2024-02-15,11:00,314.82
Thursday,2024-02-15,12:00,325.16
Thursday,2024-02-15,13:00,325.18
Thursday,2024-02-15,14:00,324.23
Thursday,2024-02-15,15:00,320.49
Thursday,2024-02-15,16:00,320.05
Thursday,2024-02-15,17:00,325.9
Thursday,2024-02-15,18:00,321.64
Thursday,2024-02-15,19:00,319.34
Thursday,2024-02-15,20:00,318.36
Thursday,2024-02-15,21:00,322.94
Thursday,2024-02-15,22:00,323.68
Thursday,2024-02-15,23:00,325.13
Friday,2024-02-16,00:00,324.72
Friday,2024-02-16,01:00,328.03
Friday,2024-02-16,02:00,317.2
Friday,2024-02-16,03:00,726.75
Friday,2024-02-16,04:00,322.46
Friday,2024-02-16,05:00,323.44
Friday,2024-02-16,06:00,325.76
Friday,2024-02-16,07:00,316.49
Friday,2024-02-16,08:00,323.38
Friday,2024-02-16,09:00,322.86
Friday,2024-02-16,10:00,318.61
Friday,2024-02-16,11:00,363.04
Friday,2024-02-16,12:00,313.73
Friday,2024-02-16,13:00,321.2
Friday,2024-02-16,14:00,322.27
Friday,2024-02-16,15:00,324.72
Friday,2024-02-16,16:00,317.13
Friday,2024-02-16,17:00,320.4
Friday,2024-02-16,18:00,319.43
Friday,2024-02-16,19:00,318.37
Friday,2024-02-16,20:00,321.32
Friday,2024-02-16,21:00,320.44
Friday,2024-02-16,22:00,315.58
Friday,2024-02-16,23:00,318.53
Saturday,2024-02-17,00:00,322.95
Saturday,2024-02-17,01:00,325.77
Saturday,2024-02-17,02:00,323.95
Saturday,2024-02-17,03:00,741.71
Saturday,2024-02-17,04:00,326.82
Saturday,2024-02-17,05:00,324.11
Saturday,2024-02-17,06:00,322.14
Saturday,2024-02-17,07:00,317.17
Saturday,2024-02-17,08:00,312.73
Saturday,2024-02-17,09:00,325.16
Saturday,2024-02-17,10:00,322.63
Saturday,2024-02-17,11:00,326.36
Saturday,2024-02-17,12:00,321.72
Saturday,2024-02-17,13:00,321.64
Saturday,2024-02-17,14:00,323.16
Saturday,2024-02-17,15:00,321.79
Saturday,2024-02-17,16:00,322.66
Saturday,2024-02-17,17:00,331.08
Saturday,2024-02-17,18:00,321.18
Saturday,2024-02-17,19:00,321.06
Saturday,2024-02-17,20:00,325.1
Saturday,2024-02-17,21:00,321.79
Saturday,2024-02-17,22:00,325.83
Saturday,2024-02-17,23:00,323.65
Sunday,2024-02-18,00:00,330.62
Sunday,2024-02-18,01:00,327.14
Sunday,2024-02-18,02:00,321.1
Sunday,2024-02-18,03:00,723.43
Sunday,2024-02-18,04:00,324.82
Sunday,2024-02-18,05:00,326.02
Sunday,2024-02-18,06:00,322.4
Sunday,2024-02-18,07:00,324.02
Sunday,2024-02-18,08:00,320.91
Sunday,2024-02-18,09:00,325.9
Sunday,2024-02-18,10:00,322.53
Sunday,2024-02-18,11:00,316.91
Sunday,2024-02-18,12:00,319.95
Sunday,2024-02-18,13:00,323.94
Sunday,2024-02-18,14:00,320.18
Sunday,2024-02-18,15:00,325.61
Sunday,2024-02-18,16:00,321.76
Sunday,2024-02-18,17:00,321.83
Sunday,2024-02-18,18:00,325.41
Sunday,2024-02-18,19:00,321.43
Sunday,2024-02-18,20:00,320.93
Sunday,2024-02-18,21:00,322.16
Sunday,2024-02-18,22:00,321.02
Sunday,2024-02-18,23:00,324.78
Monday,2024-02-19,00:00,320.82
Monday,2024-02-19,01:00,323.03
Monday,2024-02-19,02:00,318.23
Monday,2024-02-19,03:00,726.77
Monday,2024-02-19,04:00,320.56
Monday,2024-02-19,05:00,319.88
Monday,2024-02-19,06:00,322.49
Monday,2024-02-19,07:00,323.63
Monday,2024-02-19,08:00,320.03
Monday,2024-02-19,09:00,319.41
Monday,2024-02-19,10:00,315.27
Monday,2024-02-19,11:00,331.29
Monday,2024-02-19,12:00,322.01
Monday,2024-02-19,13:00,318.89
Monday,2024-02-19,14:00,325.38
Monday,2024-02-19,15:00,321.44
Monday,2024-02-19,16:00,319.3
Monday,2024-02-19,17:00,322.44
Monday,2024-02-19,18:00,326.59
Monday,2024-02-19,19:00,320.03
Monday,2024-02-19,20:00,321.48
Monday,2024-02-19,21:00,320.31
Monday,2024-02-19,22:00,322.9
Monday,2024-02-19,23:00,321.74
Tuesday,2024-02-20,00:00,324.64
Tuesday,2024-02-20,01:00,328.05
Tuesday,2024-02-20,02:00,321.43
Tuesday,2024-02-20,03:00,716.88
Tuesday,2024-02-20,04:00,322.54
Tuesday,2024-02-20,05:00,316.94
Tuesday,2024-02-20,06:00,310.54
Tuesday,2024-02-20,07:00,308.33
Tuesday,2024-02-20,08:00,321
Tuesday,2024-02-20,09:00,319
Tuesday,2024-02-20,10:00,319.32
Tuesday,2024-02-20,11:00,313.93
Tuesday,2024-02-20,12:00,317.82
Tuesday,2024-02-20,13:00,325.97
Tuesday,2024-02-20,14:00,320.38
Tuesday,2024-02-20,15:00,328.69
Tuesday,2024-02-20,16:00,319.36
Tuesday,2024-02-20,17:00,318.59
Tuesday,2024-02-20,18:00,328.69
Tuesday,2024-02-20,19:00,321.37
Tuesday,2024-02-20,20:00,323.06
Tuesday,2024-02-20,21:00,318.71
Tuesday,2024-02-20,22:00,327.31
Tuesday,2024-02-20,23:00,326.12
Wednesday,2024-02-21,00:00,320.36
Wednesday,2024-02-21,01:00,328.21
Wednesday,2024-02-21,02:00,325.12
Wednesday,2024-02-21,03:00,746.24
Wednesday,2024-02-21,04:00,321.51
Wednesday,2024-02-21,05:00,322.78
Wednesday,2024-02-21,06:00,314.65
Wednesday,2024-02-21,07:00,315.71
Wednesday,2024-02-21,08:00,324.17
Wednesday,2024-02-21,09:00,322.48
Wednesday,2024-02-21,10:00,322.5
Wednesday,2024-02-21,11:00,319
Wednesday,2024-02-21,12:00,321.66
Wednesday,2024-02-21,13:00,318.22
Wednesday,2024-02-21,14:00,318.25
Wednesday,2024-02-21,15:00,314.32
Wednesday,2024-02-21,16:00,321.36
Wednesday,2024-02-21,17:00,320
Wednesday,2024-02-21,18:00,326.8
Wednesday,2024-02-21,19:00,327.5
Wednesday,2024-02-21,20:00,330.29
Wednesday,2024-02-21,21:00,326.72
Wednesday,2024-02-21,22:00,314.35
Wednesday,2024-02-21,23:00,317.75
Thursday,2024-02-22,00:00,314.79
Thursday,2024-02-22,01:00,323.42
Thursday,2024-02-22,02:00,323.95
Thursday,2024-02-22,03:00,717.71
Thursday,2024-02-22,04:00,324.15
Thursday,2024-02-22,05:00,319.19
Thursday,2024-02-22,06:00,311.77
Thursday,2024-02-22,07:00,323.38
Thursday,2024-02-22,08:00,310.92
Thursday,2024-02-22,09:00,303.27
Thursday,2024-02-22,10:00,317.4
Thursday,2024-02-22,11:00,317.38
Thursday,2024-02-22,12:00,328.44
Thursday,2024-02-22,13:00,317.87
Thursday,2024-02-22,14:00,322.1
Thursday,2024-02-22,15:00,322.39
Thursday,2024-02-22,16:00,319.29
Thursday,2024-02-22,17:00,323.37
Thursday,2024-02-22,18:00,321.04
Thursday,2024-02-22,19:00,322.31
Thursday,2024-02-22,20:00,323.5
Thursday,2024-02-22,21:00,325.38
Thursday,2024-02-22,22:00,326.92
Thursday,2024-02-22,23:00,328.33
Friday,2024-02-23,00:00,323.96
Friday,2024-02-23,01:00,325.72
Friday,2024-02-23,02:00,328.39
Friday,2024-02-23,03:00,723.4
Friday,2024-02-23,04:00,325.55
Friday,2024-02-23,05:00,323.11
Friday,2024-02-23,06:00,320.19
Friday,2024-02-23,07:00,314.67
Friday,2024-02-23,08:00,321.32
Friday,2024-02-23,09:00,328.17
Friday,2024-02-23,10:00,322.6
Friday,2024-02-23,11:00,317.74
Friday,2024-02-23,12:00,322.74
Friday,2024-02-23,13:00,324.95
Friday,2024-02-23,14:00,324.06
Friday,2024-02-23,15:00,326.8
Friday,2024-02-23,16:00,330.1
Friday,2024-02-23,17:00,324.48
Friday,2024-02-23,18:00,317.62
Friday,2024-02-23,19:00,323.25
Friday,2024-02-23,20:00,321.81
Friday,2024-02-23,21:00,318.48
Friday,2024-02-23,22:00,313.38
Friday,2024-02-23,23:00,328.79
Saturday,2024-02-24,00:00,320.78
Saturday,2024-02-24,01:00,324.21
Saturday,2024-02-24,02:00,324.81
Saturday,2024-02-24,03:00,740.02
Saturday,2024-02-24,04:00,327.59
Saturday,2024-02-24,05:00,330.02
Saturday,2024-02-24,06:00,325.69
Saturday,2024-02-24,07:00,320.4
Saturday,2024-02-24,08:00,324.4
Saturday,2024-02-24,09:00,318.88
Saturday,2024-02-24,10:00,321.03
Saturday,2024-02-24,11:00,325.72
Saturday,2024-02-24,12:00,326.87
Saturday,2024-02-24,13:00,328.29
Saturday,2024-02-24,14:00,322.48
Saturday,2024-02-24,15:00,325.76
Saturday,2024-02-24,16:00,317.95
Saturday,2024-02-24,17:00,325.14
Saturday,2024-02-24,18:00,318.7
Saturday,2024-02-24,19:00,320.74
Saturday,2024-02-24,20:00,322.99
Saturday,2024-02-24,21:00,320.09
Saturday,2024-02-24,22:00,321.5
Saturday,2024-02-24,23:00,321.02
Sunday,2024-02-25,00:00,319.66
Sunday,2024-02-25,01:00,318.68
Sunday,2024-02-25,02:00,322.97
Sunday,2024-02-25,03:00,730.85
Sunday,2024-02-25,04:00,324.33
Sunday,2024-02-25,05:00,324.26
Sunday,2024-02-25,06:00,327.31
Sunday,2024-02-25,07:00,328.17
Sunday,2024-02-25,08:00,330.14
Sunday,2024-02-25,09:00,322.82
Sunday,2024-02-25,10:00,328.32
Sunday,2024-02-25,11:00,326.79
Sunday,2024-02-25,12:00,324.34
Sunday,2024-02-25,13:00,316.91
Sunday,2024-02-25,14:00,317.84
Sunday,2024-02-25,15:00,323.15
Sunday,2024-02-25,16:00,320.92
Sunday,2024-02-25,17:00,326.97
Sunday,2024-02-25,18:00,323.89
Sunday,2024-02-25,19:00,312.17
Sunday,2024-02-25,20:00,328.66
Sunday,2024-02-25,21:00,328.41
Sunday,2024-02-25,22:00,322.03
Sunday,2024-02-25,23:00,325.09
Monday,2024-02-26,00:00,327.51
Monday,2024-02-26,01:00,326.28
Monday,2024-02-26,02:00,325.45
Monday,2024-02-26,03:00,751.5
Monday,2024-02-26,04:00,323.36
Monday,2024-02-26,05:00,326.62
Monday,2024-02-26,06:00,324.41
Monday,2024-02-26,07:00,318.05
Monday,2024-02-26,08:00,328.92
Monday,2024-02-26,09:00,316.58
Monday,2024-02-26,10:00,318.95
Monday,2024-02-26,11:00,320.6
Monday,2024-02-26,12:00,319.72
Monday,2024-02-26,13:00,317.71
Monday,2024-02-26,14:00,318.81
Monday,2024-02-26,15:00,321.23
Monday,2024-02-26,16:00,328.48
Monday,2024-02-26,17:00,328.49
Monday,2024-02-26,18:00,321.96
Monday,2024-02-26,19:00,327.76
Monday,2024-02-26,20:00,318.6
Monday,2024-02-26,21:00,318.41
Monday,2024-02-26,22:00,326.97
Monday,2024-02-26,23:00,325.88
Tuesday,2024-02-27,00:00,325.12
Tuesday,2024-02-27,01:00,328.63
Tuesday,2024-02-27,02:00,246.97
Tuesday,2024-02-27,03:00,727.36
Tuesday,2024-02-27,04:00,329.09
Tuesday,2024-02-27,05:00,328.73
Tuesday,2024-02-27,06:00,324.95
Tuesday,2024-02-27,07:00,314.92
Tuesday,2024-02-27,08:00,321.92
Tuesday,2024-02-27,09:00,333.45
Tuesday,2024-02-27,10:00,317.72
Tuesday,2024-02-27,11:00,323.33
Tuesday,2024-02-27,12:00,314.47
Tuesday,2024-02-27,13:00,317.22
Tuesday,2024-02-27,14:00,366.91
Tuesday,2024-02-27,15:00,373.04
Tuesday,2024-02-27,16:00,330.63
Tuesday,2024-02-27,17:00,327.16
Tuesday,2024-02-27,18:00,322.54
Tuesday,2024-02-27,19:00,317.77
Tuesday,2024-02-27,20:00,322.03
Tuesday,2024-02-27,21:00,308.24
Tuesday,2024-02-27,22:00,323.64
Tuesday,2024-02-27,23:00,331.19
Wednesday,2024-02-28,00:00,330.95
Wednesday,2024-02-28,01:00,333.4
Wednesday,2024-02-28,02:00,321.76
Wednesday,2024-02-28,03:00,712.86
Wednesday,2024-02-28,04:00,328.86
Wednesday,2024-02-28,05:00,325.54
Wednesday,2024-02-28,06:00,323.44
Wednesday,2024-02-28,07:00,319.39
Wednesday,2024-02-28,08:00,418.72
Wednesday,2024-02-28,09:00,402.59
Wednesday,2024-02-28,10:00,395.65
Wednesday,2024-02-28,11:00,327.38
Wednesday,2024-02-28,12:00,332.32
Wednesday,2024-02-28,13:00,324.27
Wednesday,2024-02-28,14:00,328.91
Wednesday,2024-02-28,15:00,340.93
Wednesday,2024-02-28,16:00,337.91
Wednesday,2024-02-28,17:00,315.4
Wednesday,2024-02-28,18:00,323.19
Wednesday,2024-02-28,19:00,311.85
Wednesday,2024-02-28,20:00,320.77
Wednesday,2024-02-28,21:00,318.65
Wednesday,2024-02-28,22:00,320.81
Wednesday,2024-02-28,23:00,320.7
Thursday,2024-02-29,00:00,319.03
Thursday,2024-02-29,01:00,324.54
Thursday,2024-02-29,02:00,326.92
Thursday,2024-02-29,03:00,756.77
Thursday,2024-02-29,04:00,329.6
Thursday,2024-02-29,05:00,327.95
Thursday,2024-02-29,06:00,320.17
Thursday,2024-02-29,07:00,320.59
Thursday,2024-02-29,08:00,322.66
Thursday,2024-02-29,09:00,322.98
Thursday,2024-02-29,10:00,322.98
Thursday,2024-02-29,11:00,315.94
Thursday,2024-02-29,12:00,314.76
Thursday,2024-02-29,13:00,321.82
Thursday,2024-02-29,14:00,322.34
Thursday,2024-02-29,15:00,319.33
Thursday,2024-02-29,16:00,319.11
Thursday,2024-02-29,17:00,311.56
Thursday,2024-02-29,18:00,311.74
Thursday,2024-02-29,19:00,238.87
Thursday,2024-02-29,20:00,325.82
Thursday,2024-02-29,21:00,321.06
Thursday,2024-02-29,22:00,322.12
Thursday,2024-02-29,23:00,322.43
Friday,2024-03-01,00:00,325.35
Friday,2024-03-01,01:00,327.84
Friday,2024-03-01,02:00,329.41
Friday,2024-03-01,03:00,744.11
Friday,2024-03-01,04:00,323.4
Friday,2024-03-01,05:00,320.52
Friday,2024-03-01,06:00,324.08
Friday,2024-03-01,07:00,319.45
Friday,2024-03-01,08:00,316.83
Friday,2024-03-01,09:00,322.95
Friday,2024-03-01,10:00,315.14
Friday,2024-03-01,11:00,327.09
Friday,2024-03-01,12:00,325.31
Friday,2024-03-01,13:00,322.76
Friday,2024-03-01,14:00,320.53
Friday,2024-03-01,15:00,318.12
Friday,2024-03-01,16:00,324.79
Friday,2024-03-01,17:00,317.87
Friday,2024-03-01,18:00,326.25
Friday,2024-03-01,19:00,324.55
Friday,2024-03-01,20:00,321.19
Friday,2024-03-01,21:00,330.72
Friday,2024-03-01,22:00,335.09
Friday,2024-03-01,23:00,325.37
Saturday,2024-03-02,00:00,325.93
Saturday,2024-03-02,01:00,324.75
Saturday,2024-03-02,02:00,323.31
Saturday,2024-03-02,03:00,730.41
Saturday,2024-03-02,04:00,331.59
Saturday,2024-03-02,05:00,323.07
Saturday,2024-03-02,06:00,323.03
Saturday,2024-03-02,07:00,322.23
Saturday,2024-03-02,08:00,326.31
Saturday,2024-03-02,09:00,326.89
Saturday,2024-03-02,10:00,326.5
Saturday,2024-03-02,11:00,331.48
Saturday,2024-03-02,12:00,319.06
Saturday,2024-03-02,13:00,323.14
Saturday,2024-03-02,14:00,327.07
Saturday,2024-03-02,15:00,327.67
Saturday,2024-03-02,16:00,328.85
Saturday,2024-03-02,17:00,325.02
Saturday,2024-03-02,18:00,322.3
Saturday,2024-03-02,19:00,322.74
Saturday,2024-03-02,20:00,323.72
Saturday,2024-03-02,21:00,322.86
Saturday,2024-03-02,22:00,326.93
Saturday,2024-03-02,23:00,329.92
Sunday,2024-03-03,00:00,333.74
Sunday,2024-03-03,01:00,327.01
Sunday,2024-03-03,02:00,327.97
Sunday,2024-03-03,03:00,740.16
Sunday,2024-03-03,04:00,327.27
Sunday,2024-03-03,05:00,319.22
Sunday,2024-03-03,06:00,318.9
Sunday,2024-03-03,07:00,322.88
Sunday,2024-03-03,08:00,332.35
Sunday,2024-03-03,09:00,329.07
Sunday,2024-03-03,10:00,320.92
Sunday,2024-03-03,11:00,326.74
Sunday,2024-03-03,12:00,322.49
Sunday,2024-03-03,13:00,321.77
Sunday,2024-03-03,14:00,321.04
Sunday,2024-03-03,15:00,329.35
Sunday,2024-03-03,16:00,327.1
Sunday,2024-03-03,17:00,318.98
Sunday,2024-03-03,18:00,329.47
Sunday,2024-03-03,19:00,322.91
Sunday,2024-03-03,20:00,324.91
Sunday,2024-03-03,21:00,324.94
Sunday,2024-03-03,22:00,325.65
Sunday,2024-03-03,23:00,321.59
Monday,2024-03-04,00:00,326.61
Monday,2024-03-04,01:00,317.39
Monday,2024-03-04,02:00,325.53
Monday,2024-03-04,03:00,729.16
Monday,2024-03-04,04:00,323.27
Monday,2024-03-04,05:00,319.03
Monday,2024-03-04,06:00,322.95
Monday,2024-03-04,07:00,324.45
Monday,2024-03-04,08:00,328.17
Monday,2024-03-04,09:00,320.66
Monday,2024-03-04,10:00,317.51
Monday,2024-03-04,11:00,329.91
Monday,2024-03-04,12:00,318.58
Monday,2024-03-04,13:00,331.05
Monday,2024-03-04,14:00,319.34
Monday,2024-03-04,15:00,324.54
Monday,2024-03-04,16:00,321.9
Monday,2024-03-04,17:00,319.49
Monday,2024-03-04,18:00,321.71
Monday,2024-03-04,19:00,325.17
Monday,2024-03-04,20:00,322.14
Monday,2024-03-04,21:00,317.67
Monday,2024-03-04,22:00,319.08
Monday,2024-03-04,23:00,321.97
Tuesday,2024-03-05,00:00,326.05
Tuesday,2024-03-05,01:00,328.44
Tuesday,2024-03-05,02:00,326.75
Tuesday,2024-03-05,03:00,744.45
Tuesday,2024-03-05,04:00,331.02
Tuesday,2024-03-05,05:00,327.81
Tuesday,2024-03-05,06:00,324.54
Tuesday,2024-03-05,07:00,320.66
Tuesday,2024-03-05,08:00,318.63
Tuesday,2024-03-05,09:00,321.86
Tuesday,2024-03-05,10:00,322.84
Tuesday,2024-03-05,11:00,322.34
Tuesday,2024-03-05,12:00,316.48
Tuesday,2024-03-05,13:00,325.77
Tuesday,2024-03-05,14:00,322.88
Tuesday,2024-03-05,15:00,324.41
Tuesday,2024-03-05,16:00,320.81
Tuesday,2024-03-05,17:00,317.48
Tuesday,2024-03-05,18:00,317.79
Tuesday,2024-03-05,19:00,320.49
Tuesday,2024-03-05,20:00,325.79
Tuesday,2024-03-05,21:00,327.6
Tuesday,2024-03-05,22:00,330.84
Tuesday,2024-03-05,23:00,318.99
Wednesday,2024-03-06,00:00,323.27
Wednesday,2024-03-06,01:00,330.65
Wednesday,2024-03-06,02:00,326.67
Wednesday,2024-03-06,03:00,653.77
Wednesday,2024-03-06,04:00,334.38
Wednesday,2024-03-06,05:00,327.39
Wednesday,2024-03-06,06:00,322.2
Wednesday,2024-03-06,07:00,322.94
Wednesday,2024-03-06,08:00,321.97
Wednesday,2024-03-06,09:00,323.78
Wednesday,2024-03-06,10:00,321.76
Wednesday,2024-03-06,11:00,327.46
Wednesday,2024-03-06,12:00,315.82
Wednesday,2024-03-06,13:00,324.47
Wednesday,2024-03-06,14:00,320.32
Wednesday,2024-03-06,15:00,329.59
Wednesday,2024-03-06,16:00,324.15
Wednesday,2024-03-06,17:00,313.32
Wednesday,2024-03-06,18:00,314.36
Wednesday,2024-03-06,19:00,323.48
Wednesday,2024-03-06,20:00,328.99
Wednesday,2024-03-06,21:00,327.97
Wednesday,2024-03-06,22:00,324.84
Wednesday,2024-03-06,23:00,327.45
Thursday,2024-03-07,00:00,328.2
Thursday,2024-03-07,01:00,325.72
Thursday,2024-03-07,02:00,326.82
Thursday,2024-03-07,03:00,728.93
Thursday,2024-03-07,04:00,318.51
Thursday,2024-03-07,05:00,326.18
Thursday,2024-03-07,06:00,329.45
Thursday,2024-03-07,07:00,324.83
Thursday,2024-03-07,08:00,320.69
Thursday,2024-03-07,09:00,323.4
Thursday,2024-03-07,10:00,330.72
Thursday,2024-03-07,11:00,349.4
Thursday,2024-03-07,12:00,325.39
Thursday,2024-03-07,13:00,326.37
Thursday,2024-03-07,14:00,323.3
Thursday,2024-03-07,15:00,329.69
Thursday,2024-03-07,16:00,325.85
Thursday,2024-03-07,17:00,324.22
Thursday,2024-03-07,18:00,324.46
Thursday,2024-03-07,19:00,319.41
Thursday,2024-03-07,20:00,336.61
Thursday,2024-03-07,21:00,328.95
Thursday,2024-03-07,22:00,324.02
Thursday,2024-03-07,23:00,332.44
Friday,2024-03-08,00:00,323.59
Friday,2024-03-08,01:00,328.64
Friday,2024-03-08,02:00,331.37
Friday,2024-03-08,03:00,722.34
Friday,2024-03-08,04:00,329.8
Friday,2024-03-08,05:00,325.49
Friday,2024-03-08,06:00,321.84
Friday,2024-03-08,07:00,321.22
Friday,2024-03-08,08:00,326.79
Friday,2024-03-08,09:00,317.97
Friday,2024-03-08,10:00,317.53
Friday,2024-03-08,11:00,326.24
Friday,2024-03-08,12:00,319.64
Friday,2024-03-08,13:00,319.16
Friday,2024-03-08,14:00,320.74
Friday,2024-03-08,15:00,325.34
Friday,2024-03-08,16:00,321.36
Friday,2024-03-08,17:00,318.57
Friday,2024-03-08,18:00,318.88
Friday,2024-03-08,19:00,328.41
Friday,2024-03-08,20:00,328.02
Friday,2024-03-08,21:00,322.39
Friday,2024-03-08,22:00,325.43
Friday,2024-03-08,23:00,332.08
Saturday,2024-03-09,00:00,325.84
Saturday,2024-03-09,01:00,325.71
Saturday,2024-03-09,02:00,329.26
Saturday,2024-03-09,03:00,723.17
Saturday,2024-03-09,04:00,324.96
Saturday,2024-03-09,05:00,327.72
Saturday,2024-03-09,06:00,323.1
Saturday,2024-03-09,07:00,319.17
Saturday,2024-03-09,08:00,319.16
Saturday,2024-03-09,09:00,318.82
Saturday,2024-03-09,10:00,323.9
Saturday,2024-03-09,11:00,329.91
Saturday,2024-03-09,12:00,323.16
Saturday,2024-03-09,13:00,323.56
Saturday,2024-03-09,14:00,323.56
Saturday,2024-03-09,15:00,322.46
Saturday,2024-03-09,16:00,320
Saturday,2024-03-09,17:00,328.97
Saturday,2024-03-09,18:00,326.04
Saturday,2024-03-09,19:00,325.66
Saturday,2024-03-09,20:00,324.27
Saturday,2024-03-09,21:00,320.48
Saturday,2024-03-09,22:00,324.54
Saturday,2024-03-09,23:00,321.75
Sunday,2024-03-10,00:00,322.04
Sunday,2024-03-10,01:00,245.02
Sunday,2024-03-10,02:00,52.94
Sunday,2024-03-10,03:00,729.6
Sunday,2024-03-10,04:00,319.12
Sunday,2024-03-10,05:00,326.92
Sunday,2024-03-10,06:00,324.41
Sunday,2024-03-10,07:00,319.44
Sunday,2024-03-10,08:00,322.48
Sunday,2024-03-10,09:00,318.61
Sunday,2024-03-10,10:00,326.9
Sunday,2024-03-10,11:00,328.18
Sunday,2024-03-10,12:00,316.27
Sunday,2024-03-10,13:00,324.37
Sunday,2024-03-10,14:00,326.81
Sunday,2024-03-10,15:00,329.61
Sunday,2024-03-10,16:00,324.13
Sunday,2024-03-10,17:00,327.72
Sunday,2024-03-10,18:00,326.4
Sunday,2024-03-10,19:00,324.21
Sunday,2024-03-10,20:00,325.37
Sunday,2024-03-10,21:00,330.7
Sunday,2024-03-10,22:00,323.2
Sunday,2024-03-10,23:00,323.78
Monday,2024-03-11,00:00,325.39
Monday,2024-03-11,01:00,325.06
Monday,2024-03-11,02:00,325.55
Monday,2024-03-11,03:00,729.4
Monday,2024-03-11,04:00,327.77
Monday,2024-03-11,05:00,324.5
Monday,2024-03-11,06:00,322.43
Monday,2024-03-11,07:00,321.93
Monday,2024-03-11,08:00,325.96
Monday,2024-03-11,09:00,322.42
Monday,2024-03-11,10:00,315.73
Monday,2024-03-11,11:00,321.19
Monday,2024-03-11,12:00,319.63
Monday,2024-03-11,13:00,324.87
Monday,2024-03-11,14:00,321.07
Monday,2024-03-11,15:00,321.88
Monday,2024-03-11,16:00,318.87
Monday,2024-03-11,17:00,321.83
Monday,2024-03-11,18:00,329.76
Monday,2024-03-11,19:00,323.88
Monday,2024-03-11,20:00,321.18
Monday,2024-03-11,21:00,324.51
Monday,2024-03-11,22:00,328.5
Monday,2024-03-11,23:00,319.69
Tuesday,2024-03-12,00:00,331.88
Tuesday,2024-03-12,01:00,329.1
Tuesday,2024-03-12,02:00,323.19
Tuesday,2024-03-12,03:00,718.37
Tuesday,2024-03-12,04:00,326.24
Tuesday,2024-03-12,05:00,319.61
Tuesday,2024-03-12,06:00,322.39
Tuesday,2024-03-12,07:00,324.67
Tuesday,2024-03-12,08:00,319.21
Tuesday,2024-03-12,09:00,321.1
Tuesday,2024-03-12,10:00,325.14
Tuesday,2024-03-12,11:00,320.29
Tuesday,2024-03-12,12:00,318.54
Tuesday,2024-03-12,13:00,324.56
Tuesday,2024-03-12,14:00,324.79
Tuesday,2024-03-12,15:00,321.73
Tuesday,2024-03-12,16:00,317.78
Tuesday,2024-03-12,17:00,319.22
Tuesday,2024-03-12,18:00,317.86
Tuesday,2024-03-12,19:00,327.03
Tuesday,2024-03-12,20:00,323.61
Tuesday,2024-03-12,21:00,326.98
Tuesday,2024-03-12,22:00,318.13
Tuesday,2024-03-12,23:00,319.35
Wednesday,2024-03-13,00:00,330.74
Wednesday,2024-03-13,01:00,327.64
Wednesday,2024-03-13,02:00,323.12
Wednesday,2024-03-13,03:00,726.72
Wednesday,2024-03-13,04:00,322.39
Wednesday,2024-03-13,05:00,319.27
Wednesday,2024-03-13,06:00,297.93
Wednesday,2024-03-13,07:00,312.42
Wednesday,2024-03-13,08:00,311.69
Wednesday,2024-03-13,09:00,314.25
Wednesday,2024-03-13,10:00,307.76
Wednesday,2024-03-13,11:00,310.74
Wednesday,2024-03-13,12:00,306.1
Wednesday,2024-03-13,13:00,309.25
Wednesday,2024-03-13,14:00,312.01
Wednesday,2024-03-13,15:00,319.56
Wednesday,2024-03-13,16:00,310.82
Wednesday,2024-03-13,17:00,311.45
Wednesday,2024-03-13,18:00,318.85
Wednesday,2024-03-13,19:00,310.78
Wednesday,2024-03-13,20:00,313.36
Wednesday,2024-03-13,21:00,314.9
Wednesday,2024-03-13,22:00,317.61
Wednesday,2024-03-13,23:00,319.84
Thursday,2024-03-14,00:00,317.87
Thursday,2024-03-14,01:00,317.26
Thursday,2024-03-14,02:00,316.3
Thursday,2024-03-14,03:00,712.31
Thursday,2024-03-14,04:00,315.24
Thursday,2024-03-14,05:00,323.03
Thursday,2024-03-14,06:00,306.46
Thursday,2024-03-14,07:00,309.98
Thursday,2024-03-14,08:00,317.33
Thursday,2024-03-14,09:00,308.57
Thursday,2024-03-14,10:00,307.63
Thursday,2024-03-14,11:00,308.38
Thursday,2024-03-14,12:00,361.59
Thursday,2024-03-14,13:00,614.28
Thursday,2024-03-14,14:00,358.92
Thursday,2024-03-14,15:00,306.13
Thursday,2024-03-14,16:00,310.94
Thursday,2024-03-14,17:00,304.42
Thursday,2024-03-14,18:00,307.74
Thursday,2024-03-14,19:00,309.37
Thursday,2024-03-14,20:00,305.42
Thursday,2024-03-14,21:00,315.03
Thursday,2024-03-14,22:00,318.22
Thursday,2024-03-14,23:00,316.92
Friday,2024-03-15,00:00,316.34
Friday,2024-03-15,01:00,315.79
Friday,2024-03-15,02:00,315.83
Friday,2024-03-15,03:00,722.46
Friday,2024-03-15,04:00,312.11
Friday,2024-03-15,05:00,309.87
Friday,2024-03-15,06:00,301
Friday,2024-03-15,07:00,292.47
Friday,2024-03-15,08:00,310.61
Friday,2024-03-15,09:00,309.35
Friday,2024-03-15,10:00,300.54
Friday,2024-03-15,11:00,310.39
Friday,2024-03-15,12:00,329.98
Friday,2024-03-15,13:00,321.35
Friday,2024-03-15,14:00,322.38
Friday,2024-03-15,15:00,326.1
Friday,2024-03-15,16:00,329.26
Friday,2024-03-15,17:00,330.19
Friday,2024-03-15,18:00,325.85
Friday,2024-03-15,19:00,324.81
Friday,2024-03-15,20:00,323.98
Friday,2024-03-15,21:00,324.71
Friday,2024-03-15,22:00,331.68
Friday,2024-03-15,23:00,324.44
Saturday,2024-03-16,00:00,328
Saturday,2024-03-16,01:00,332.12
Saturday,2024-03-16,02:00,330.99
Saturday,2024-03-16,03:00,247.67
Saturday,2024-03-16,04:00,646.49
Saturday,2024-03-16,05:00,331.96
Saturday,2024-03-16,06:00,320.4
Saturday,2024-03-16,07:00,318.61
Saturday,2024-03-16,08:00,324.42
Saturday,2024-03-16,09:00,326.76
Saturday,2024-03-16,10:00,323.24
Saturday,2024-03-16,11:00,327.15
Saturday,2024-03-16,12:00,320.58
Saturday,2024-03-16,13:00,318.08
Saturday,2024-03-16,14:00,326.85
Saturday,2024-03-16,15:00,319.85
Saturday,2024-03-16,16:00,315.1
Saturday,2024-03-16,17:00,325.23
Saturday,2024-03-16,18:00,329.98
Saturday,2024-03-16,19:00,330.16
Saturday,2024-03-16,20:00,336.57
Saturday,2024-03-16,21:00,332.73
Saturday,2024-03-16,22:00,326.36
Saturday,2024-03-16,23:00,332.23
Sunday,2024-03-17,00:00,321.83
Sunday,2024-03-17,01:00,328.08
Sunday,2024-03-17,02:00,328.23
Sunday,2024-03-17,03:00,775.54
Sunday,2024-03-17,04:00,329.86
Sunday,2024-03-17,05:00,332.63
Sunday,2024-03-17,06:00,323.79
Sunday,2024-03-17,07:00,324.46
Sunday,2024-03-17,08:00,319.18
Sunday,2024-03-17,09:00,315
Sunday,2024-03-17,10:00,328.57
Sunday,2024-03-17,11:00,329.21
Sunday,2024-03-17,12:00,332.27
Sunday,2024-03-17,13:00,330.9
Sunday,2024-03-17,14:00,331.04
Sunday,2024-03-17,15:00,331.26
Sunday,2024-03-17,16:00,329.27
Sunday,2024-03-17,17:00,245.67
Sunday,2024-03-17,18:00,405.01
Sunday,2024-03-17,19:00,326.9
Sunday,2024-03-17,20:00,334.47
Sunday,2024-03-17,21:00,323.25
Sunday,2024-03-17,22:00,330.31
Sunday,2024-03-17,23:00,330.94
Monday,2024-03-18,00:00,321.15
Monday,2024-03-18,01:00,330.14
Monday,2024-03-18,02:00,320.46
Monday,2024-03-18,03:00,722.17
Monday,2024-03-18,04:00,322.43
Monday,2024-03-18,05:00,317.77
Monday,2024-03-18,06:00,318.07
Monday,2024-03-18,07:00,319.51
Monday,2024-03-18,08:00,321.08
Monday,2024-03-18,09:00,321.04
Monday,2024-03-18,10:00,321.31
Monday,2024-03-18,11:00,313.5
Monday,2024-03-18,12:00,322.07
Monday,2024-03-18,13:00,318.43
Monday,2024-03-18,14:00,322.08
Monday,2024-03-18,15:00,325.73
Monday,2024-03-18,16:00,333.43
Monday,2024-03-18,17:00,327.94
Monday,2024-03-18,18:00,323.55
Monday,2024-03-18,19:00,328.34
Monday,2024-03-18,20:00,328.14
Monday,2024-03-18,21:00,319.04
Monday,2024-03-18,22:00,325.68
Monday,2024-03-18,23:00,321.73
Tuesday,2024-03-19,00:00,329.92
Tuesday,2024-03-19,01:00,332.14
Tuesday,2024-03-19,02:00,335.77
Tuesday,2024-03-19,03:00,730.22
Tuesday,2024-03-19,04:00,323.76
Tuesday,2024-03-19,05:00,322.32
Tuesday,2024-03-19,06:00,321.73
Tuesday,2024-03-19,07:00,314.67
Tuesday,2024-03-19,08:00,318.67
Tuesday,2024-03-19,09:00,321.26
Tuesday,2024-03-19,10:00,318.77
Tuesday,2024-03-19,11:00,327.43
Tuesday,2024-03-19,12:00,318.98
Tuesday,2024-03-19,13:00,322.1
Tuesday,2024-03-19,14:00,324.03
Tuesday,2024-03-19,15:00,327.7
Tuesday,2024-03-19,16:00,321.79
Tuesday,2024-03-19,17:00,326.12
Tuesday,2024-03-19,18:00,319.46
Tuesday,2024-03-19,19:00,325.36
Tuesday,2024-03-19,20:00,328.07
Tuesday,2024-03-19,21:00,327
Tuesday,2024-03-19,22:00,327.66
Tuesday,2024-03-19,23:00,327.65
Wednesday,2024-03-20,00:00,327.25
Wednesday,2024-03-20,01:00,328.38
Wednesday,2024-03-20,02:00,330.95
Wednesday,2024-03-20,03:00,727.12
Wednesday,2024-03-20,04:00,322.99
Wednesday,2024-03-20,05:00,328.25
Wednesday,2024-03-20,06:00,317.16
Wednesday,2024-03-20,07:00,317.2
Wednesday,2024-03-20,08:00,323.38
Wednesday,2024-03-20,09:00,318.44
Wednesday,2024-03-20,10:00,321.61
Wednesday,2024-03-20,11:00,322.37
Wednesday,2024-03-20,12:00,322.02
Wednesday,2024-03-20,13:00,319.68
Wednesday,2024-03-20,14:00,324.07
Wednesday,2024-03-20,15:00,326.87
Wednesday,2024-03-20,16:00,323.16
Wednesday,2024-03-20,17:00,320.96
Wednesday,2024-03-20,18:00,325.34
Wednesday,2024-03-20,19:00,317.93
Wednesday,2024-03-20,20:00,321.19
Wednesday,2024-03-20,21:00,327.6
Wednesday,2024-03-20,22:00,320.15
Wednesday,2024-03-20,23:00,324.95
Thursday,2024-03-21,00:00,326.46
Thursday,2024-03-21,01:00,320.33
Thursday,2024-03-21,02:00,320.33
Thursday,2024-03-21,03:00,742.04
Thursday,2024-03-21,04:00,319.02
Thursday,2024-03-21,05:00,319.6
Thursday,2024-03-21,06:00,310.83
Thursday,2024-03-21,07:00,319.18
Thursday,2024-03-21,08:00,312.36
Thursday,2024-03-21,09:00,320.66
Thursday,2024-03-21,10:00,321.26
Thursday,2024-03-21,11:00,319.93
Thursday,2024-03-21,12:00,321.44
Thursday,2024-03-21,13:00,320.18
Thursday,2024-03-21,14:00,317.66
Thursday,2024-03-21,15:00,314.97
Thursday,2024-03-21,16:00,319.95
Thursday,2024-03-21,17:00,322.52
Thursday,2024-03-21,18:00,323.08
Thursday,2024-03-21,19:00,316.48
Thursday,2024-03-21,20:00,320.67
Thursday,2024-03-21,21:00,318.16
Thursday,2024-03-21,22:00,321.22
Thursday,2024-03-21,23:00,326.1
Friday,2024-03-22,00:00,327.06
Friday,2024-03-22,01:00,322.07
Friday,2024-03-22,02:00,320.47
Friday,2024-03-22,03:00,728.54
Friday,2024-03-22,04:00,321.57
Friday,2024-03-22,05:00,320.77
Friday,2024-03-22,06:00,315.16
Friday,2024-03-22,07:00,310.35
Friday,2024-03-22,08:00,314.61
Friday,2024-03-22,09:00,309.8
Friday,2024-03-22,10:00,325.53
Friday,2024-03-22,11:00,323.58
Friday,2024-03-22,12:00,323
Friday,2024-03-22,13:00,312.97
Friday,2024-03-22,14:00,320.72
Friday,2024-03-22,15:00,323.61
Friday,2024-03-22,16:00,323.42
Friday,2024-03-22,17:00,313.28
Friday,2024-03-22,18:00,316.24
Friday,2024-03-22,19:00,320.9
Friday,2024-03-22,20:00,320.03
Friday,2024-03-22,21:00,319.99
Friday,2024-03-22,22:00,319.55
Friday,2024-03-22,23:00,325.77
Saturday,2024-03-23,00:00,316.36
Saturday,2024-03-23,01:00,320.55
Saturday,2024-03-23,02:00,323.13
Saturday,2024-03-23,03:00,721.53
Saturday,2024-03-23,04:00,325.72
Saturday,2024-03-23,05:00,326.98
Saturday,2024-03-23,06:00,323.87
Saturday,2024-03-23,07:00,323.02
Saturday,2024-03-23,08:00,318.69
Saturday,2024-03-23,09:00,323.09
Saturday,2024-03-23,10:00,318.83
Saturday,2024-03-23,11:00,321.95
Saturday,2024-03-23,12:00,322.99
Saturday,2024-03-23,13:00,322.23
Saturday,2024-03-23,14:00,320.86
Saturday,2024-03-23,15:00,321.67
Saturday,2024-03-23,16:00,322.83
Saturday,2024-03-23,17:00,323.85
Saturday,2024-03-23,18:00,325.53
Saturday,2024-03-23,19:00,330.01
Saturday,2024-03-23,20:00,326.22
Saturday,2024-03-23,21:00,330.96
Saturday,2024-03-23,22:00,323.48
Saturday,2024-03-23,23:00,322.79
Sunday,2024-03-24,00:00,322.9
Sunday,2024-03-24,01:00,318.09
Sunday,2024-03-24,02:00,326.66
Sunday,2024-03-24,03:00,721.47
Sunday,2024-03-24,04:00,322.6
Sunday,2024-03-24,05:00,322.81
Sunday,2024-03-24,06:00,328.43
Sunday,2024-03-24,07:00,317.38
Sunday,2024-03-24,08:00,319.18
Sunday,2024-03-24,09:00,324.77
Sunday,2024-03-24,10:00,329.82
Sunday,2024-03-24,11:00,328.25
Sunday,2024-03-24,12:00,329.91
Sunday,2024-03-24,13:00,327.11
Sunday,2024-03-24,14:00,319.38
Sunday,2024-03-24,15:00,328.64
Sunday,2024-03-24,16:00,320.06
Sunday,2024-03-24,17:00,313.87
Sunday,2024-03-24,18:00,320.7
Sunday,2024-03-24,19:00,322.23
Sunday,2024-03-24,20:00,321.2
Sunday,2024-03-24,21:00,320.03
Sunday,2024-03-24,22:00,327.4
Sunday,2024-03-24,23:00,328.66
Monday,2024-03-25,00:00,328.45
Monday,2024-03-25,01:00,328.58
Monday,2024-03-25,02:00,322.67
Monday,2024-03-25,03:00,726.17
Monday,2024-03-25,04:00,326.32
Monday,2024-03-25,05:00,321.78
Monday,2024-03-25,06:00,316.36
Monday,2024-03-25,07:00,322.66
Monday,2024-03-25,08:00,312.51
Monday,2024-03-25,09:00,326.44
Monday,2024-03-25,10:00,325.35
Monday,2024-03-25,11:00,322.17
Monday,2024-03-25,12:00,321.68
Monday,2024-03-25,13:00,318.21
Monday,2024-03-25,14:00,322.93
Monday,2024-03-25,15:00,325.8
Monday,2024-03-25,16:00,328.39
Monday,2024-03-25,17:00,324.18
Monday,2024-03-25,18:00,329.45
Monday,2024-03-25,19:00,323.89
Monday,2024-03-25,20:00,323.14
Monday,2024-03-25,21:00,327.75
Monday,2024-03-25,22:00,326.36
Monday,2024-03-25,23:00,326.51
Tuesday,2024-03-26,00:00,328.33
Tuesday,2024-03-26,01:00,328.45
Tuesday,2024-03-26,02:00,328.48
Tuesday,2024-03-26,03:00,716.47
Tuesday,2024-03-26,04:00,321.27
Tuesday,2024-03-26,05:00,317.73
Tuesday,2024-03-26,06:00,311.88
Tuesday,2024-03-26,07:00,316.05
Tuesday,2024-03-26,08:00,320.52
Tuesday,2024-03-26,09:00,331.54
Tuesday,2024-03-26,10:00,314.36
Tuesday,2024-03-26,11:00,320.68
Tuesday,2024-03-26,12:00,324.76
Tuesday,2024-03-26,13:00,317.78
Tuesday,2024-03-26,14:00,319.82
Tuesday,2024-03-26,15:00,319.72
Tuesday,2024-03-26,16:00,316.91
Tuesday,2024-03-26,17:00,322.24
Tuesday,2024-03-26,18:00,330.8
Tuesday,2024-03-26,19:00,326.42
Tuesday,2024-03-26,20:00,316.51
Tuesday,2024-03-26,21:00,314.26
Tuesday,2024-03-26,22:00,322.96
Tuesday,2024-03-26,23:00,318.87
Wednesday,2024-03-27,00:00,318.14
Wednesday,2024-03-27,01:00,324.81
Wednesday,2024-03-27,02:00,326.29
Wednesday,2024-03-27,03:00,742.91
Wednesday,2024-03-27,04:00,334.08
Wednesday,2024-03-27,05:00,325.84
Wednesday,2024-03-27,06:00,371.27
Wednesday,2024-03-27,07:00,311.95
Wednesday,2024-03-27,08:00,315.35
Wednesday,2024-03-27,09:00,318.52
Wednesday,2024-03-27,10:00,497.88
Wednesday,2024-03-27,11:00,689.86
Wednesday,2024-03-27,12:00,324.82
Wednesday,2024-03-27,13:00,323.81
Wednesday,2024-03-27,14:00,314.54
Wednesday,2024-03-27,15:00,316.42
Wednesday,2024-03-27,16:00,307.35
Wednesday,2024-03-27,17:00,310.85
Wednesday,2024-03-27,18:00,318.81
Wednesday,2024-03-27,19:00,310.42
Wednesday,2024-03-27,20:00,324.44
Wednesday,2024-03-27,21:00,315.41
Wednesday,2024-03-27,22:00,321.02
Wednesday,2024-03-27,23:00,318.35
Thursday,2024-03-28,00:00,322.68
Thursday,2024-03-28,01:00,313.34
Thursday,2024-03-28,02:00,315.12
Thursday,2024-03-28,03:00,711.55
Thursday,2024-03-28,04:00,321.11
Thursday,2024-03-28,05:00,327.21
Thursday,2024-03-28,06:00,318.72
Thursday,2024-03-28,07:00,319.41
Thursday,2024-03-28,08:00,320.36
Thursday,2024-03-28,09:00,317.14
Thursday,2024-03-28,10:00,312.48
Thursday,2024-03-28,11:00,314.34
Thursday,2024-03-28,12:00,315.2
Thursday,2024-03-28,13:00,315.56
Thursday,2024-03-28,14:00,324.57
Thursday,2024-03-28,15:00,320.52
Thursday,2024-03-28,16:00,317.82
Thursday,2024-03-28,17:00,317.67
Thursday,2024-03-28,18:00,309.88
Thursday,2024-03-28,19:00,317.78
Thursday,2024-03-28,20:00,305.5
Thursday,2024-03-28,21:00,316.86
Thursday,2024-03-28,22:00,321.65
Thursday,2024-03-28,23:00,329.1
Friday,2024-03-29,00:00,330.58
Friday,2024-03-29,01:00,315.9
Friday,2024-03-29,02:00,322.49
Friday,2024-03-29,03:00,718.64
Friday,2024-03-29,04:00,313.19
Friday,2024-03-29,05:00,318.84
Friday,2024-03-29,06:00,315.7
Friday,2024-03-29,07:00,315.01
Friday,2024-03-29,08:00,313.43
Friday,2024-03-29,09:00,321.01
Friday,2024-03-29,10:00,324.07
Friday,2024-03-29,11:00,317.09
Friday,2024-03-29,12:00,312.51
Friday,2024-03-29,13:00,305.76
Friday,2024-03-29,14:00,314.54
Friday,2024-03-29,15:00,313.59
Friday,2024-03-29,16:00,315.32
Friday,2024-03-29,17:00,320.18
Friday,2024-03-29,18:00,324.85
Friday,2024-03-29,19:00,318.32
Friday,2024-03-29,20:00,314.04
Friday,2024-03-29,21:00,318.73
Friday,2024-03-29,22:00,318.4
Friday,2024-03-29,23:00,316.08
Saturday,2024-03-30,00:00,319.32
Saturday,2024-03-30,01:00,322.89
Saturday,2024-03-30,02:00,321.95
Saturday,2024-03-30,03:00,725.51
Saturday,2024-03-30,04:00,317.02
Saturday,2024-03-30,05:00,318.16
Saturday,2024-03-30,06:00,318.1
Saturday,2024-03-30,07:00,315.14
Saturday,2024-03-30,08:00,313.36
Saturday,2024-03-30,09:00,308.96
Saturday,2024-03-30,10:00,312.4
Saturday,2024-03-30,11:00,315.37
Saturday,2024-03-30,12:00,"1,305"
Saturday,2024-03-30,13:00,"2,556"
Saturday,2024-03-30,14:00,"2,398"
Saturday,2024-03-30,15:00,"2,377"
Saturday,2024-03-30,16:00,"2,469"
Saturday,2024-03-30,17:00,"2,266"
Saturday,2024-03-30,18:00,927.05
Saturday,2024-03-30,19:00,"1,492"
Saturday,2024-03-30,20:00,"2,186"
Saturday,2024-03-30,21:00,"2,302"
Saturday,2024-03-30,22:00,"2,343"
Saturday,2024-03-30,23:00,"2,378"
Sunday,2024-03-31,00:00,"2,260"
Sunday,2024-03-31,01:00,"2,180"
Sunday,2024-03-31,02:00,"2,279"
Sunday,2024-03-31,03:00,"4,957"
Sunday,2024-03-31,04:00,"2,129"
Sunday,2024-03-31,05:00,"2,149"
Sunday,2024-03-31,06:00,"2,223"
Sunday,2024-03-31,07:00,"2,261"
Sunday,2024-03-31,08:00,"2,530"
Sunday,2024-03-31,09:00,"2,421"
Sunday,2024-03-31,10:00,"2,554"
Sunday,2024-03-31,11:00,"2,563"
Sunday,2024-03-31,12:00,"2,413"
Sunday,2024-03-31,13:00,"2,412"
Sunday,2024-03-31,14:00,"2,611"
Sunday,2024-03-31,15:00,"2,482"
Sunday,2024-03-31,16:00,"2,628"
Sunday,2024-03-31,17:00,"2,567"
Sunday,2024-03-31,18:00,"2,335"
Sunday,2024-03-31,19:00,"2,367"
Sunday,2024-03-31,20:00,"2,297"
Sunday,2024-03-31,21:00,"2,233"
Sunday,2024-03-31,22:00,"2,152"
Sunday,2024-03-31,23:00,"2,297"
Monday,2024-04-01,00:00,"2,367"
Monday,2024-04-01,01:00,"2,379"
Monday,2024-04-01,02:00,"2,471"
Monday,2024-04-01,03:00,"5,097"
Monday,2024-04-01,04:00,"2,379"
Monday,2024-04-01,05:00,"2,268"
Monday,2024-04-01,06:00,"2,542"
Monday,2024-04-01,07:00,"2,665"
Monday,2024-04-01,08:00,"2,900"
Monday,2024-04-01,09:00,"2,994"
Monday,2024-04-01,10:00,"3,063"
Monday,2024-04-01,11:00,"3,038"
Monday,2024-04-01,12:00,"2,858"
Monday,2024-04-01,13:00,"2,871"
Monday,2024-04-01,14:00,"3,003"
Monday,2024-04-01,15:00,"2,785"
Monday,2024-04-01,16:00,"2,865"
Monday,2024-04-01,17:00,"2,616"
Monday,2024-04-01,18:00,"2,572"
Monday,2024-04-01,19:00,"2,328"
Monday,2024-04-01,20:00,"2,303"
Monday,2024-04-01,21:00,"2,356"
Monday,2024-04-01,22:00,"2,304"
Monday,2024-04-01,23:00,"2,381"
Tuesday,2024-04-02,00:00,"2,354"
Tuesday,2024-04-02,01:00,"2,277"
Tuesday,2024-04-02,02:00,"2,238"
Tuesday,2024-04-02,03:00,"5,278"
Tuesday,2024-04-02,04:00,"2,219"
Tuesday,2024-04-02,05:00,"2,240"
Tuesday,2024-04-02,06:00,"2,547"
Tuesday,2024-04-02,07:00,"2,711"
Tuesday,2024-04-02,08:00,"2,874"
Tuesday,2024-04-02,09:00,"2,887"
Tuesday,2024-04-02,10:00,"2,849"
Tuesday,2024-04-02,11:00,"2,754"
Tuesday,2024-04-02,12:00,"2,719"
Tuesday,2024-04-02,13:00,"2,603"
Tuesday,2024-04-02,14:00,"2,677"
Tuesday,2024-04-02,15:00,"2,592"
Tuesday,2024-04-02,16:00,"2,640"
Tuesday,2024-04-02,17:00,"2,835"
Tuesday,2024-04-02,18:00,"2,485"
Tuesday,2024-04-02,19:00,"2,307"
Tuesday,2024-04-02,20:00,"2,368"
Tuesday,2024-04-02,21:00,"2,308"
Tuesday,2024-04-02,22:00,"2,216"
Tuesday,2024-04-02,23:00,"2,220"
Wednesday,2024-04-03,00:00,"2,133"
Wednesday,2024-04-03,01:00,"2,351"
Wednesday,2024-04-03,02:00,"2,896"
Wednesday,2024-04-03,03:00,"5,645"
Wednesday,2024-04-03,04:00,"2,267"
Wednesday,2024-04-03,05:00,"2,358"
Wednesday,2024-04-03,06:00,"2,515"
Wednesday,2024-04-03,07:00,"2,698"
Wednesday,2024-04-03,08:00,"2,915"
Wednesday,2024-04-03,09:00,"2,892"
Wednesday,2024-04-03,10:00,"3,049"
Wednesday,2024-04-03,11:00,"2,992"
Wednesday,2024-04-03,12:00,"2,802"
Wednesday,2024-04-03,13:00,"2,913"
Wednesday,2024-04-03,14:00,"2,721"
Wednesday,2024-04-03,15:00,"2,697"
Wednesday,2024-04-03,16:00,"2,793"
Wednesday,2024-04-03,17:00,"2,520"
Wednesday,2024-04-03,18:00,"2,573"
Wednesday,2024-04-03,19:00,"2,294"
Wednesday,2024-04-03,20:00,"2,205"
Wednesday,2024-04-03,21:00,"2,196"
Wednesday,2024-04-03,22:00,"2,175"
Wednesday,2024-04-03,23:00,"2,239"
Thursday,2024-04-04,00:00,"2,618"
Thursday,2024-04-04,01:00,"2,289"
Thursday,2024-04-04,02:00,"2,094"
Thursday,2024-04-04,03:00,"4,748"
Thursday,2024-04-04,04:00,"2,146"
Thursday,2024-04-04,05:00,"2,218"
Thursday,2024-04-04,06:00,"2,502"
Thursday,2024-04-04,07:00,"2,421"
Thursday,2024-04-04,08:00,"2,576"
Thursday,2024-04-04,09:00,"2,659"
Thursday,2024-04-04,10:00,"2,690"
Thursday,2024-04-04,11:00,"2,597"
Thursday,2024-04-04,12:00,"2,551"
Thursday,2024-04-04,13:00,"2,647"
Thursday,2024-04-04,14:00,"2,531"
Thursday,2024-04-04,15:00,"2,463"
Thursday,2024-04-04,16:00,"2,519"
Thursday,2024-04-04,17:00,"2,430"
Thursday,2024-04-04,18:00,"2,560"
Thursday,2024-04-04,19:00,"2,293"
Thursday,2024-04-04,20:00,"2,282"
Thursday,2024-04-04,21:00,"2,276"
Thursday,2024-04-04,22:00,"2,284"
Thursday,2024-04-04,23:00,"2,234"
Friday,2024-04-05,00:00,"2,298"
Friday,2024-04-05,01:00,"2,247"
Friday,2024-04-05,02:00,"2,390"
Friday,2024-04-05,03:00,"5,120"
Friday,2024-04-05,04:00,"2,280"
Friday,2024-04-05,05:00,"2,298"
Friday,2024-04-05,06:00,"2,448"
Friday,2024-04-05,07:00,"2,603"
Friday,2024-04-05,08:00,"2,752"
Friday,2024-04-05,09:00,"2,734"
Friday,2024-04-05,10:00,"2,735"
Friday,2024-04-05,11:00,"2,739"
Friday,2024-04-05,12:00,"2,607"
Friday,2024-04-05,13:00,"2,528"
Friday,2024-04-05,14:00,"2,578"
Friday,2024-04-05,15:00,"2,657"
Friday,2024-04-05,16:00,"2,730"
Friday,2024-04-05,17:00,"2,468"
Friday,2024-04-05,18:00,"2,434"
Friday,2024-04-05,19:00,"2,182"
Friday,2024-04-05,20:00,"2,311"
Friday,2024-04-05,21:00,"2,332"
Friday,2024-04-05,22:00,"2,261"
Friday,2024-04-05,23:00,"2,276"
Saturday,2024-04-06,00:00,"2,277"
Saturday,2024-04-06,01:00,"2,128"
Saturday,2024-04-06,02:00,"2,060"
Saturday,2024-04-06,03:00,"4,536"
Saturday,2024-04-06,04:00,"2,175"
Saturday,2024-04-06,05:00,"1,924"
Saturday,2024-04-06,06:00,"2,003"
Saturday,2024-04-06,07:00,"2,064"
Saturday,2024-04-06,08:00,"2,235"
Saturday,2024-04-06,09:00,"2,162"
Saturday,2024-04-06,10:00,"2,336"
Saturday,2024-04-06,11:00,"2,218"
Saturday,2024-04-06,12:00,"2,319"
Saturday,2024-04-06,13:00,"2,356"
Saturday,2024-04-06,14:00,"2,092"
Saturday,2024-04-06,15:00,"2,479"
Saturday,2024-04-06,16:00,"2,187"
Saturday,2024-04-06,17:00,"2,366"
Saturday,2024-04-06,18:00,"2,215"
Saturday,2024-04-06,19:00,"2,192"
Saturday,2024-04-06,20:00,"2,190"
Saturday,2024-04-06,21:00,"2,233"
Saturday,2024-04-06,22:00,"2,171"
Saturday,2024-04-06,23:00,"2,169"
Sunday,2024-04-07,00:00,"2,065"
Sunday,2024-04-07,01:00,"2,223"
Sunday,2024-04-07,02:00,"2,012"
Sunday,2024-04-07,03:00,"4,600"
Sunday,2024-04-07,04:00,"2,097"
Sunday,2024-04-07,05:00,"2,018"
Sunday,2024-04-07,06:00,"2,180"
Sunday,2024-04-07,07:00,"2,171"
Sunday,2024-04-07,08:00,"2,370"
Sunday,2024-04-07,09:00,"2,264"
Sunday,2024-04-07,10:00,"2,275"
Sunday,2024-04-07,11:00,"2,150"
Sunday,2024-04-07,12:00,"2,177"
Sunday,2024-04-07,13:00,"2,098"
Sunday,2024-04-07,14:00,"2,117"
Sunday,2024-04-07,15:00,"2,220"
Sunday,2024-04-07,16:00,"2,213"
Sunday,2024-04-07,17:00,"2,305"
Sunday,2024-04-07,18:00,"2,019"
Sunday,2024-04-07,19:00,"2,127"
Sunday,2024-04-07,20:00,"2,155"
Sunday,2024-04-07,21:00,"2,151"
Sunday,2024-04-07,22:00,"2,126"
Sunday,2024-04-07,23:00,"2,267"
Monday,2024-04-08,00:00,"2,218"
Monday,2024-04-08,01:00,"2,112"
Monday,2024-04-08,02:00,"2,126"
Monday,2024-04-08,03:00,"6,110"
Monday,2024-04-08,04:00,"2,315"
Monday,2024-04-08,05:00,"2,189"
Monday,2024-04-08,06:00,"2,381"
Monday,2024-04-08,07:00,"2,553"
Monday,2024-04-08,08:00,"2,650"
Monday,2024-04-08,09:00,"2,844"
Monday,2024-04-08,10:00,"3,172"
Monday,2024-04-08,11:00,"3,268"
Monday,2024-04-08,12:00,"3,234"
Monday,2024-04-08,13:00,"3,630"
Monday,2024-04-08,14:00,"6,808"
Monday,2024-04-08,15:00,"3,801"
Monday,2024-04-08,16:00,"3,537"
Monday,2024-04-08,17:00,"3,556"
Monday,2024-04-08,18:00,"3,460"
Monday,2024-04-08,19:00,"3,156"
Monday,2024-04-08,20:00,"2,908"
Monday,2024-04-08,21:00,"2,752"
Monday,2024-04-08,22:00,"2,608"
Monday,2024-04-08,23:00,"2,617"
Tuesday,2024-04-09,00:00,"2,739"
Tuesday,2024-04-09,01:00,"2,981"
Tuesday,2024-04-09,02:00,"2,696"
Tuesday,2024-04-09,03:00,"5,683"
Tuesday,2024-04-09,04:00,"2,624"
Tuesday,2024-04-09,05:00,"2,643"
Tuesday,2024-04-09,06:00,"2,887"
Tuesday,2024-04-09,07:00,"3,099"
Tuesday,2024-04-09,08:00,"3,328"
Tuesday,2024-04-09,09:00,"3,623"
Tuesday,2024-04-09,10:00,"3,644"
Tuesday,2024-04-09,11:00,"3,663"
Tuesday,2024-04-09,12:00,"3,772"
Tuesday,2024-04-09,13:00,"3,707"
Tuesday,2024-04-09,14:00,"3,810"
Tuesday,2024-04-09,15:00,"3,532"
Tuesday,2024-04-09,16:00,"3,707"
Tuesday,2024-04-09,17:00,"3,303"
Tuesday,2024-04-09,18:00,"3,267"
Tuesday,2024-04-09,19:00,"2,913"
Tuesday,2024-04-09,20:00,"2,947"
Tuesday,2024-04-09,21:00,"2,743"
Tuesday,2024-04-09,22:00,"2,678"
Tuesday,2024-04-09,23:00,"2,576"
Wednesday,2024-04-10,00:00,"2,676"
Wednesday,2024-04-10,01:00,"2,778"
Wednesday,2024-04-10,02:00,"2,772"
Wednesday,2024-04-10,03:00,"6,322"
Wednesday,2024-04-10,04:00,"2,695"
Wednesday,2024-04-10,05:00,"2,706"
Wednesday,2024-04-10,06:00,"2,982"
Wednesday,2024-04-10,07:00,"3,239"
Wednesday,2024-04-10,08:00,"3,386"
Wednesday,2024-04-10,09:00,"3,421"
Wednesday,2024-04-10,10:00,"3,625"
Wednesday,2024-04-10,11:00,"3,630"
Wednesday,2024-04-10,12:00,"3,653"
Wednesday,2024-04-10,13:00,"3,701"
Wednesday,2024-04-10,14:00,"3,571"
Wednesday,2024-04-10,15:00,"3,648"
Wednesday,2024-04-10,16:00,"3,469"
Wednesday,2024-04-10,17:00,"3,193"
Wednesday,2024-04-10,18:00,"3,354"
Wednesday,2024-04-10,19:00,"3,078"
Wednesday,2024-04-10,20:00,"2,984"
Wednesday,2024-04-10,21:00,"2,873"
Wednesday,2024-04-10,22:00,"2,765"
Wednesday,2024-04-10,23:00,"2,568"
Thursday,2024-04-11,00:00,"2,939"
Thursday,2024-04-11,01:00,"2,971"
Thursday,2024-04-11,02:00,"2,875"
Thursday,2024-04-11,03:00,"6,440"
Thursday,2024-04-11,04:00,"2,657"
Thursday,2024-04-11,05:00,"2,595"
Thursday,2024-04-11,06:00,"2,911"
Thursday,2024-04-11,07:00,"3,171"
Thursday,2024-04-11,08:00,"3,365"
Thursday,2024-04-11,09:00,"3,635"
Thursday,2024-04-11,10:00,"3,547"
Thursday,2024-04-11,11:00,"3,448"
Thursday,2024-04-11,12:00,"3,535"
Thursday,2024-04-11,13:00,"3,352"
Thursday,2024-04-11,14:00,"3,512"
Thursday,2024-04-11,15:00,"3,455"
Thursday,2024-04-11,16:00,"3,434"
Thursday,2024-04-11,17:00,"3,302"
Thursday,2024-04-11,18:00,"3,199"
Thursday,2024-04-11,19:00,"3,269"
Thursday,2024-04-11,20:00,"3,104"
Thursday,2024-04-11,21:00,"3,100"
Thursday,2024-04-11,22:00,"3,195"
Thursday,2024-04-11,23:00,"3,004"
Friday,2024-04-12,00:00,"2,914"
Friday,2024-04-12,01:00,"2,920"
Friday,2024-04-12,02:00,"2,879"
Friday,2024-04-12,03:00,"6,198"
Friday,2024-04-12,04:00,"3,139"
Friday,2024-04-12,05:00,"3,220"
Friday,2024-04-12,06:00,"3,596"
Friday,2024-04-12,07:00,"3,727"
Friday,2024-04-12,08:00,"4,215"
Friday,2024-04-12,09:00,"4,543"
Friday,2024-04-12,10:00,"4,366"
Friday,2024-04-12,11:00,"4,436"
Friday,2024-04-12,12:00,"4,246"
Friday,2024-04-12,13:00,"4,031"
Friday,2024-04-12,14:00,"4,027"
Friday,2024-04-12,15:00,"3,802"
Friday,2024-04-12,16:00,"3,789"
Friday,2024-04-12,17:00,"3,657"
Friday,2024-04-12,18:00,"3,351"
Friday,2024-04-12,19:00,"3,122"
Friday,2024-04-12,20:00,"2,877"
Friday,2024-04-12,21:00,"3,060"
Friday,2024-04-12,22:00,"2,766"
Friday,2024-04-12,23:00,"2,766"
Saturday,2024-04-13,00:00,"2,756"
Saturday,2024-04-13,01:00,"2,768"
Saturday,2024-04-13,02:00,"2,595"
Saturday,2024-04-13,03:00,"5,583"
Saturday,2024-04-13,04:00,"3,062"
Saturday,2024-04-13,05:00,"2,965"
Saturday,2024-04-13,06:00,"2,677"
Saturday,2024-04-13,07:00,"2,664"
Saturday,2024-04-13,08:00,"2,887"
Saturday,2024-04-13,09:00,"2,756"
Saturday,2024-04-13,10:00,"2,205"
Saturday,2024-04-13,11:00,"2,719"
Saturday,2024-04-13,12:00,"2,715"
Saturday,2024-04-13,13:00,"2,720"
Saturday,2024-04-13,14:00,"2,592"
Saturday,2024-04-13,15:00,"2,656"
Saturday,2024-04-13,16:00,"2,799"
Saturday,2024-04-13,17:00,"2,928"
Saturday,2024-04-13,18:00,"2,713"
Saturday,2024-04-13,19:00,"2,657"
Saturday,2024-04-13,20:00,"2,650"
Saturday,2024-04-13,21:00,"2,679"
Saturday,2024-04-13,22:00,"2,666"
Saturday,2024-04-13,23:00,"2,817"
Sunday,2024-04-14,00:00,"2,809"
Sunday,2024-04-14,01:00,"2,522"
Sunday,2024-04-14,02:00,"2,473"
Sunday,2024-04-14,03:00,"5,374"
Sunday,2024-04-14,04:00,"2,411"
Sunday,2024-04-14,05:00,"2,424"
Sunday,2024-04-14,06:00,"2,507"
Sunday,2024-04-14,07:00,"2,709"
Sunday,2024-04-14,08:00,"2,936"
Sunday,2024-04-14,09:00,"3,058"
Sunday,2024-04-14,10:00,"2,815"
Sunday,2024-04-14,11:00,"2,795"
Sunday,2024-04-14,12:00,"2,818"
Sunday,2024-04-14,13:00,"2,895"
Sunday,2024-04-14,14:00,"2,855"
Sunday,2024-04-14,15:00,"2,995"
Sunday,2024-04-14,16:00,"3,188"
Sunday,2024-04-14,17:00,"3,021"
Sunday,2024-04-14,18:00,"2,821"
Sunday,2024-04-14,19:00,"2,790"
Sunday,2024-04-14,20:00,"2,719"
Sunday,2024-04-14,21:00,"2,732"
Sunday,2024-04-14,22:00,"2,717"
Sunday,2024-04-14,23:00,"2,816"
Monday,2024-04-15,00:00,"2,740"
Monday,2024-04-15,01:00,"2,693"
Monday,2024-04-15,02:00,"2,639"
Monday,2024-04-15,03:00,"6,046"
Monday,2024-04-15,04:00,"2,552"
Monday,2024-04-15,05:00,"2,550"
Monday,2024-04-15,06:00,"2,844"
Monday,2024-04-15,07:00,"3,153"
Monday,2024-04-15,08:00,"3,483"
Monday,2024-04-15,09:00,"3,482"
Monday,2024-04-15,10:00,"3,517"
Monday,2024-04-15,11:00,"3,052"
Monday,2024-04-15,12:00,"3,215"
Monday,2024-04-15,13:00,"3,168"
Monday,2024-04-15,14:00,"3,312"
Monday,2024-04-15,15:00,"3,275"
Monday,2024-04-15,16:00,"3,212"
Monday,2024-04-15,17:00,"2,922"
Monday,2024-04-15,18:00,"2,831"
Monday,2024-04-15,19:00,"2,302"
Monday,2024-04-15,20:00,"2,057"
Monday,2024-04-15,21:00,"2,049"
Monday,2024-04-15,22:00,"1,943"
Monday,2024-04-15,23:00,"2,002"
Tuesday,2024-04-16,00:00,"1,920"
Tuesday,2024-04-16,01:00,"2,085"
Tuesday,2024-04-16,02:00,"1,421"
Tuesday,2024-04-16,03:00,"4,132"
Tuesday,2024-04-16,04:00,"1,834"
Tuesday,2024-04-16,05:00,"1,857"
Tuesday,2024-04-16,06:00,"1,971"
Tuesday,2024-04-16,07:00,"2,041"
Tuesday,2024-04-16,08:00,"2,477"
Tuesday,2024-04-16,09:00,"2,462"
Tuesday,2024-04-16,10:00,"2,649"
Tuesday,2024-04-16,11:00,"2,593"
Tuesday,2024-04-16,12:00,"3,019"
Tuesday,2024-04-16,13:00,"3,018"
Tuesday,2024-04-16,14:00,"3,062"
Tuesday,2024-04-16,15:00,"2,871"
Tuesday,2024-04-16,16:00,"3,083"
Tuesday,2024-04-16,17:00,"2,947"
Tuesday,2024-04-16,18:00,"2,725"
Tuesday,2024-04-16,19:00,"2,600"
Tuesday,2024-04-16,20:00,"2,245"
Tuesday,2024-04-16,21:00,"1,958"
Tuesday,2024-04-16,22:00,"1,735"
Tuesday,2024-04-16,23:00,"1,810"
Wednesday,2024-04-17,00:00,"1,702"
Wednesday,2024-04-17,01:00,"1,941"
Wednesday,2024-04-17,02:00,"1,701"
Wednesday,2024-04-17,03:00,"3,484"
Wednesday,2024-04-17,04:00,"1,602"
Wednesday,2024-04-17,05:00,"1,739"
Wednesday,2024-04-17,06:00,"1,962"
Wednesday,2024-04-17,07:00,"2,350"
Wednesday,2024-04-17,08:00,"2,579"
Wednesday,2024-04-17,09:00,"2,702"
Wednesday,2024-04-17,10:00,"2,801"
Wednesday,2024-04-17,11:00,"2,701"
Wednesday,2024-04-17,12:00,"2,677"
Wednesday,2024-04-17,13:00,"2,696"
Wednesday,2024-04-17,14:00,"2,793"
Wednesday,2024-04-17,15:00,"2,617"
Wednesday,2024-04-17,16:00,"2,449"
Wednesday,2024-04-17,17:00,"2,320"
Wednesday,2024-04-17,18:00,"2,244"
Wednesday,2024-04-17,19:00,"2,088"
Wednesday,2024-04-17,20:00,"1,910"
Wednesday,2024-04-17,21:00,"1,944"
Wednesday,2024-04-17,22:00,"1,909"
Wednesday,2024-04-17,23:00,"1,961"
Thursday,2024-04-18,00:00,"2,083"
Thursday,2024-04-18,01:00,"2,259"
Thursday,2024-04-18,02:00,"2,418"
Thursday,2024-04-18,03:00,"4,214"
Thursday,2024-04-18,04:00,"1,783"
Thursday,2024-04-18,05:00,"1,811"
Thursday,2024-04-18,06:00,"1,984"
Thursday,2024-04-18,07:00,"2,174"
Thursday,2024-04-18,08:00,"2,592"
Thursday,2024-04-18,09:00,"2,517"
Thursday,2024-04-18,10:00,"2,654"
Thursday,2024-04-18,11:00,"2,606"
Thursday,2024-04-18,12:00,"2,761"
Thursday,2024-04-18,13:00,"2,526"
Thursday,2024-04-18,14:00,"2,565"
Thursday,2024-04-18,15:00,"2,225"
Thursday,2024-04-18,16:00,"2,360"
Thursday,2024-04-18,17:00,"2,311"
Thursday,2024-04-18,18:00,"2,226"
Thursday,2024-04-18,19:00,"1,963"
Thursday,2024-04-18,20:00,"2,027"
Thursday,2024-04-18,21:00,"2,037"
Thursday,2024-04-18,22:00,"1,951"
Thursday,2024-04-18,23:00,"1,850"
Friday,2024-04-19,00:00,"1,839"
Friday,2024-04-19,01:00,"1,928"
Friday,2024-04-19,02:00,"2,007"
Friday,2024-04-19,03:00,"4,058"
Friday,2024-04-19,04:00,"1,803"
Friday,2024-04-19,05:00,"1,829"
Friday,2024-04-19,06:00,"1,963"
Friday,2024-04-19,07:00,"2,083"
Friday,2024-04-19,08:00,"2,561"
Friday,2024-04-19,09:00,"2,437"
Friday,2024-04-19,10:00,"2,608"
Friday,2024-04-19,11:00,"2,431"
Friday,2024-04-19,12:00,"2,447"
Friday,2024-04-19,13:00,"3,229"
Friday,2024-04-19,14:00,"3,218"
Friday,2024-04-19,15:00,"1,160"
Friday,2024-04-19,16:00,313.9
Friday,2024-04-19,17:00,317.12
Friday,2024-04-19,18:00,322.45
Friday,2024-04-19,19:00,317.25
Friday,2024-04-19,20:00,321.75
Friday,2024-04-19,21:00,324.31
Friday,2024-04-19,22:00,"2,472"
Friday,2024-04-19,23:00,"2,544"
Saturday,2024-04-20,00:00,"2,400"
Saturday,2024-04-20,01:00,"2,480"
Saturday,2024-04-20,02:00,"2,327"
Saturday,2024-04-20,03:00,"5,116"
Saturday,2024-04-20,04:00,"2,266"
Saturday,2024-04-20,05:00,"2,264"
Saturday,2024-04-20,06:00,"2,359"
Saturday,2024-04-20,07:00,"2,442"
Saturday,2024-04-20,08:00,"2,779"
Saturday,2024-04-20,09:00,"2,758"
Saturday,2024-04-20,10:00,"2,672"
Saturday,2024-04-20,11:00,"2,645"
Saturday,2024-04-20,12:00,"2,182"
Saturday,2024-04-20,13:00,"2,220"
Saturday,2024-04-20,14:00,"2,149"
Saturday,2024-04-20,15:00,"2,263"
Saturday,2024-04-20,16:00,"2,507"
Saturday,2024-04-20,17:00,"2,467"
Saturday,2024-04-20,18:00,"2,253"
Saturday,2024-04-20,19:00,"2,340"
Saturday,2024-04-20,20:00,"2,154"
Saturday,2024-04-20,21:00,"2,172"
Saturday,2024-04-20,22:00,"2,283"
Saturday,2024-04-20,23:00,"1,962"
Sunday,2024-04-21,00:00,"1,975"
Sunday,2024-04-21,01:00,"2,083"
Sunday,2024-04-21,02:00,"1,854"
Sunday,2024-04-21,03:00,"4,269"
Sunday,2024-04-21,04:00,"1,907"
Sunday,2024-04-21,05:00,"1,784"
Sunday,2024-04-21,06:00,"1,784"
Sunday,2024-04-21,07:00,"1,988"
Sunday,2024-04-21,08:00,"2,086"
Sunday,2024-04-21,09:00,"2,149"
Sunday,2024-04-21,10:00,"2,310"
Sunday,2024-04-21,11:00,"2,017"
Sunday,2024-04-21,12:00,"2,052"
Sunday,2024-04-21,13:00,"2,018"
Sunday,2024-04-21,14:00,"1,961"
Sunday,2024-04-21,15:00,"2,063"
Sunday,2024-04-21,16:00,"2,287"
Sunday,2024-04-21,17:00,"2,016"
Sunday,2024-04-21,18:00,"1,990"
Sunday,2024-04-21,19:00,"2,129"
Sunday,2024-04-21,20:00,"2,052"
Sunday,2024-04-21,21:00,"1,868"
Sunday,2024-04-21,22:00,"2,023"
Sunday,2024-04-21,23:00,"1,954"
Monday,2024-04-22,00:00,"1,815"
Monday,2024-04-22,01:00,"1,719"
Monday,2024-04-22,02:00,"1,652"
Monday,2024-04-22,03:00,"3,772"
Monday,2024-04-22,04:00,"1,716"
Monday,2024-04-22,05:00,"1,758"
Monday,2024-04-22,06:00,"1,947"
Monday,2024-04-22,07:00,"2,166"
Monday,2024-04-22,08:00,"1,860"
Monday,2024-04-22,09:00,"1,329"
Monday,2024-04-22,10:00,"1,291"
Monday,2024-04-22,11:00,"1,863"
Monday,2024-04-22,12:00,"2,437"
Monday,2024-04-22,13:00,"2,462"
Monday,2024-04-22,14:00,"2,452"
Monday,2024-04-22,15:00,"2,612"
Monday,2024-04-22,16:00,"2,502"
Monday,2024-04-22,17:00,"2,503"
Monday,2024-04-22,18:00,"2,325"
Monday,2024-04-22,19:00,"2,193"
Monday,2024-04-22,20:00,"2,268"
Monday,2024-04-22,21:00,"2,011"
Monday,2024-04-22,22:00,"1,945"
Monday,2024-04-22,23:00,"1,966"
Tuesday,2024-04-23,00:00,"2,154"
Tuesday,2024-04-23,01:00,"2,322"
Tuesday,2024-04-23,02:00,"2,537"
Tuesday,2024-04-23,03:00,"4,636"
Tuesday,2024-04-23,04:00,"1,989"
Tuesday,2024-04-23,05:00,"2,031"
Tuesday,2024-04-23,06:00,"2,121"
Tuesday,2024-04-23,07:00,"2,337"
Tuesday,2024-04-23,08:00,"2,963"
Tuesday,2024-04-23,09:00,"2,899"
Tuesday,2024-04-23,10:00,"2,776"
Tuesday,2024-04-23,11:00,"3,162"
Tuesday,2024-04-23,12:00,"1,796"
Tuesday,2024-04-23,13:00,"2,317"
Tuesday,2024-04-23,14:00,"3,140"
Tuesday,2024-04-23,15:00,"2,909"
Tuesday,2024-04-23,16:00,"2,801"
Tuesday,2024-04-23,17:00,"2,796"
Tuesday,2024-04-23,18:00,"2,568"
Tuesday,2024-04-23,19:00,"2,256"
Tuesday,2024-04-23,20:00,"2,008"
Tuesday,2024-04-23,21:00,"2,074"
Tuesday,2024-04-23,22:00,"2,086"
Tuesday,2024-04-23,23:00,"2,030"
Wednesday,2024-04-24,00:00,"2,361"
Wednesday,2024-04-24,01:00,"2,010"
Wednesday,2024-04-24,02:00,"2,011"
Wednesday,2024-04-24,03:00,"4,236"
Wednesday,2024-04-24,04:00,"1,858"
Wednesday,2024-04-24,05:00,"1,962"
Wednesday,2024-04-24,06:00,"2,173"
Wednesday,2024-04-24,07:00,"2,345"
Wednesday,2024-04-24,08:00,"2,765"
Wednesday,2024-04-24,09:00,"6,932"
Wednesday,2024-04-24,10:00,"7,711"
Wednesday,2024-04-24,11:00,"7,558"
Wednesday,2024-04-24,12:00,"7,305"
Wednesday,2024-04-24,13:00,"7,347"
Wednesday,2024-04-24,14:00,"7,924"
Wednesday,2024-04-24,15:00,"8,026"
Wednesday,2024-04-24,16:00,"8,140"
Wednesday,2024-04-24,17:00,"7,876"
Wednesday,2024-04-24,18:00,"7,747"
Wednesday,2024-04-24,19:00,"7,222"
Wednesday,2024-04-24,20:00,"7,100"
Wednesday,2024-04-24,21:00,"7,175"
Wednesday,2024-04-24,22:00,"7,042"
Wednesday,2024-04-24,23:00,"6,989"
Thursday,2024-04-25,00:00,"7,145"
Thursday,2024-04-25,01:00,"7,168"
Thursday,2024-04-25,02:00,"7,011"
Thursday,2024-04-25,03:00,"15,577"
Thursday,2024-04-25,04:00,"6,979"
Thursday,2024-04-25,05:00,"6,963"
Thursday,2024-04-25,06:00,"7,472"
Thursday,2024-04-25,07:00,"7,573"
Thursday,2024-04-25,08:00,"7,644"
Thursday,2024-04-25,09:00,"8,005"
Thursday,2024-04-25,10:00,"7,148"
Thursday,2024-04-25,11:00,"6,419"
Thursday,2024-04-25,12:00,"7,517"
Thursday,2024-04-25,13:00,"7,539"
Thursday,2024-04-25,14:00,"7,407"
Thursday,2024-04-25,15:00,"7,554"
Thursday,2024-04-25,16:00,"7,582"
Thursday,2024-04-25,17:00,"7,645"
Thursday,2024-04-25,18:00,"7,514"
Thursday,2024-04-25,19:00,"7,082"
Thursday,2024-04-25,20:00,"6,865"
Thursday,2024-04-25,21:00,"6,854"
Thursday,2024-04-25,22:00,"6,899"
Thursday,2024-04-25,23:00,"6,871"
Friday,2024-04-26,00:00,"6,825"
Friday,2024-04-26,01:00,"7,057"
Friday,2024-04-26,02:00,"7,063"
Friday,2024-04-26,03:00,"15,601"
Friday,2024-04-26,04:00,"6,877"
Friday,2024-04-26,05:00,"6,721"
Friday,2024-04-26,06:00,"6,980"
Friday,2024-04-26,07:00,"7,344"
Friday,2024-04-26,08:00,"7,673"
Friday,2024-04-26,09:00,"7,910"
Friday,2024-04-26,10:00,"6,522"
Friday,2024-04-26,11:00,"2,837"
Friday,2024-04-26,12:00,"2,819"
Friday,2024-04-26,13:00,"2,707"
Friday,2024-04-26,14:00,"2,564"
Friday,2024-04-26,15:00,"2,732"
Friday,2024-04-26,16:00,"2,710"
Friday,2024-04-26,17:00,"1,882"
Friday,2024-04-26,18:00,"2,455"
Friday,2024-04-26,19:00,"2,213"
Friday,2024-04-26,20:00,"2,336"
Friday,2024-04-26,21:00,"2,157"
Friday,2024-04-26,22:00,"2,038"
Friday,2024-04-26,23:00,"1,985"
Saturday,2024-04-27,00:00,"1,982"
Saturday,2024-04-27,01:00,"1,940"
Saturday,2024-04-27,02:00,"1,927"
Saturday,2024-04-27,03:00,"4,446"
Saturday,2024-04-27,04:00,"1,976"
Saturday,2024-04-27,05:00,"1,934"
Saturday,2024-04-27,06:00,"4,031"
Saturday,2024-04-27,07:00,"6,879"
Saturday,2024-04-27,08:00,"7,035"
Saturday,2024-04-27,09:00,"7,225"
Saturday,2024-04-27,10:00,"7,196"
Saturday,2024-04-27,11:00,"7,286"
Saturday,2024-04-27,12:00,"7,361"
Saturday,2024-04-27,13:00,"7,423"
Saturday,2024-04-27,14:00,"7,407"
Saturday,2024-04-27,15:00,"7,470"
Saturday,2024-04-27,16:00,"7,431"
Saturday,2024-04-27,17:00,"7,179"
Saturday,2024-04-27,18:00,"7,370"
Saturday,2024-04-27,19:00,"7,154"
Saturday,2024-04-27,20:00,"7,069"
Saturday,2024-04-27,21:00,"7,147"
Saturday,2024-04-27,22:00,"6,963"
Saturday,2024-04-27,23:00,"7,000"
Sunday,2024-04-28,00:00,"6,854"
Sunday,2024-04-28,01:00,"6,855"
Sunday,2024-04-28,02:00,"6,839"
Sunday,2024-04-28,03:00,"15,116"
Sunday,2024-04-28,04:00,"6,748"
Sunday,2024-04-28,05:00,"6,746"
Sunday,2024-04-28,06:00,"6,777"
Sunday,2024-04-28,07:00,"6,908"
Sunday,2024-04-28,08:00,"7,050"
Sunday,2024-04-28,09:00,"7,216"
Sunday,2024-04-28,10:00,"7,041"
Sunday,2024-04-28,11:00,"3,985"
Sunday,2024-04-28,12:00,"2,699"
Sunday,2024-04-28,13:00,"2,552"
Sunday,2024-04-28,14:00,"2,600"
Sunday,2024-04-28,15:00,"2,820"
Sunday,2024-04-28,16:00,"3,157"
Sunday,2024-04-28,17:00,"3,481"
Sunday,2024-04-28,18:00,"2,965"
Sunday,2024-04-28,19:00,"2,665"
Sunday,2024-04-28,20:00,"2,577"
Sunday,2024-04-28,21:00,"2,577"
Sunday,2024-04-28,22:00,"2,574"
Sunday,2024-04-28,23:00,"2,743"
Monday,2024-04-29,00:00,"2,848"
Monday,2024-04-29,01:00,"2,961"
Monday,2024-04-29,02:00,"3,442"
Monday,2024-04-29,03:00,"6,024"
Monday,2024-04-29,04:00,"2,314"
Monday,2024-04-29,05:00,"2,256"
Monday,2024-04-29,06:00,"2,661"
Monday,2024-04-29,07:00,"3,130"
Monday,2024-04-29,08:00,"2,671"
Monday,2024-04-29,09:00,"3,775"
Monday,2024-04-29,10:00,"3,478"
Monday,2024-04-29,11:00,"3,773"
Monday,2024-04-29,12:00,"3,885"
Monday,2024-04-29,13:00,"3,451"
Monday,2024-04-29,14:00,"3,190"
Monday,2024-04-29,15:00,"3,110"
Monday,2024-04-29,16:00,"3,090"
Monday,2024-04-29,17:00,"3,515"
Monday,2024-04-29,18:00,"3,624"
Monday,2024-04-29,19:00,"3,360"
Monday,2024-04-29,20:00,"3,274"
Monday,2024-04-29,21:00,"2,559"
Monday,2024-04-29,22:00,"2,450"
Monday,2024-04-29,23:00,"2,419"
Tuesday,2024-04-30,00:00,"2,387"
Tuesday,2024-04-30,01:00,"2,889"
Tuesday,2024-04-30,02:00,"2,468"
Tuesday,2024-04-30,03:00,"5,214"
Tuesday,2024-04-30,04:00,"2,336"
Tuesday,2024-04-30,05:00,"2,285"
Tuesday,2024-04-30,06:00,"2,489"
Tuesday,2024-04-30,07:00,"2,695"
Tuesday,2024-04-30,08:00,"2,952"
Tuesday,2024-04-30,09:00,"3,002"
Tuesday,2024-04-30,10:00,"3,016"
Tuesday,2024-04-30,11:00,"3,109"
Tuesday,2024-04-30,12:00,"3,128"
Tuesday,2024-04-30,13:00,"2,524"
Tuesday,2024-04-30,14:00,"2,492"
Tuesday,2024-04-30,15:00,"2,548"
Tuesday,2024-04-30,16:00,"2,505"
Tuesday,2024-04-30,17:00,"2,421"
Tuesday,2024-04-30,18:00,"2,191"
Tuesday,2024-04-30,19:00,"2,088"
Tuesday,2024-04-30,20:00,"2,124"
Tuesday,2024-04-30,21:00,"2,214"
Tuesday,2024-04-30,22:00,"1,987"
Tuesday,2024-04-30,23:00,"2,008"
Wednesday,2024-05-01,00:00,"2,057"
Wednesday,2024-05-01,01:00,"2,114"
Wednesday,2024-05-01,02:00,"2,102"
Wednesday,2024-05-01,03:00,"4,828"
Wednesday,2024-05-01,04:00,"2,147"
Wednesday,2024-05-01,05:00,"2,284"
Wednesday,2024-05-01,06:00,"2,251"
Wednesday,2024-05-01,07:00,"2,591"
Wednesday,2024-05-01,08:00,"2,767"
Wednesday,2024-05-01,09:00,"2,982"
Wednesday,2024-05-01,10:00,"2,819"
Wednesday,2024-05-01,11:00,"2,925"
Wednesday,2024-05-01,12:00,"2,699"
Wednesday,2024-05-01,13:00,"2,621"
Wednesday,2024-05-01,14:00,"2,536"
Wednesday,2024-05-01,15:00,"2,581"
Wednesday,2024-05-01,16:00,"2,441"
Wednesday,2024-05-01,17:00,"2,432"
Wednesday,2024-05-01,18:00,"2,377"
Wednesday,2024-05-01,19:00,"2,549"
Wednesday,2024-05-01,20:00,"2,307"
Wednesday,2024-05-01,21:00,"2,247"
Wednesday,2024-05-01,22:00,"2,244"
Wednesday,2024-05-01,23:00,"2,160"
Thursday,2024-05-02,00:00,"2,253"
Thursday,2024-05-02,01:00,"2,379"
Thursday,2024-05-02,02:00,"2,167"
Thursday,2024-05-02,03:00,"4,612"
Thursday,2024-05-02,04:00,"2,164"
Thursday,2024-05-02,05:00,"2,164"
Thursday,2024-05-02,06:00,"2,351"
Thursday,2024-05-02,07:00,"2,512"
Thursday,2024-05-02,08:00,"2,987"
Thursday,2024-05-02,09:00,"2,820"
Thursday,2024-05-02,10:00,"2,974"
Thursday,2024-05-02,11:00,"3,135"
Thursday,2024-05-02,12:00,"3,111"
Thursday,2024-05-02,13:00,"3,298"
Thursday,2024-05-02,14:00,"3,668"
Thursday,2024-05-02,15:00,"3,751"
Thursday,2024-05-02,16:00,"3,605"
Thursday,2024-05-02,17:00,"3,160"
Thursday,2024-05-02,18:00,"2,813"
Thursday,2024-05-02,19:00,"2,675"
Thursday,2024-05-02,20:00,"2,132"
Thursday,2024-05-02,21:00,"2,263"
Thursday,2024-05-02,22:00,"2,192"
Thursday,2024-05-02,23:00,"2,084"
Friday,2024-05-03,00:00,"2,022"
Friday,2024-05-03,01:00,"2,121"
Friday,2024-05-03,02:00,"2,055"
Friday,2024-05-03,03:00,"4,381"
Friday,2024-05-03,04:00,"2,258"
Friday,2024-05-03,05:00,"2,123"
Friday,2024-05-03,06:00,"2,584"
Friday,2024-05-03,07:00,"2,458"
Friday,2024-05-03,08:00,"2,693"
Friday,2024-05-03,09:00,"2,703"
Friday,2024-05-03,10:00,"2,744"
Friday,2024-05-03,11:00,"2,613"
Friday,2024-05-03,12:00,"2,868"
Friday,2024-05-03,13:00,"2,587"
Friday,2024-05-03,14:00,"2,850"
Friday,2024-05-03,15:00,"2,765"
Friday,2024-05-03,16:00,"2,733"
Friday,2024-05-03,17:00,"2,125"
Friday,2024-05-03,18:00,"3,141"
Friday,2024-05-03,19:00,"2,382"
Friday,2024-05-03,20:00,"2,155"
Friday,2024-05-03,21:00,"2,007"
Friday,2024-05-03,22:00,"2,162"
Friday,2024-05-03,23:00,"2,080"
Saturday,2024-05-04,00:00,"2,023"
Saturday,2024-05-04,01:00,"2,032"
Saturday,2024-05-04,02:00,"1,790"
Saturday,2024-05-04,03:00,"3,968"
Saturday,2024-05-04,04:00,"1,995"
Saturday,2024-05-04,05:00,"1,894"
Saturday,2024-05-04,06:00,"1,959"
Saturday,2024-05-04,07:00,"2,107"
Saturday,2024-05-04,08:00,"2,244"
Saturday,2024-05-04,09:00,"5,700"
Saturday,2024-05-04,10:00,"2,014"
Saturday,2024-05-04,11:00,"1,967"
Saturday,2024-05-04,12:00,"2,183"
Saturday,2024-05-04,13:00,"2,221"
Saturday,2024-05-04,14:00,"2,068"
Saturday,2024-05-04,15:00,"2,225"
Saturday,2024-05-04,16:00,"2,411"
Saturday,2024-05-04,17:00,"2,426"
Saturday,2024-05-04,18:00,"2,141"
Saturday,2024-05-04,19:00,"2,115"
Saturday,2024-05-04,20:00,"2,182"
Saturday,2024-05-04,21:00,"2,106"
Saturday,2024-05-04,22:00,"2,022"
Saturday,2024-05-04,23:00,"2,006"
Sunday,2024-05-05,00:00,"1,976"
Sunday,2024-05-05,01:00,"2,020"
Sunday,2024-05-05,02:00,"2,612"
Sunday,2024-05-05,03:00,"4,230"
Sunday,2024-05-05,04:00,"1,840"
Sunday,2024-05-05,05:00,"1,846"
Sunday,2024-05-05,06:00,"1,839"
Sunday,2024-05-05,07:00,"2,008"
Sunday,2024-05-05,08:00,"2,341"
Sunday,2024-05-05,09:00,"2,371"
Sunday,2024-05-05,10:00,"2,092"
Sunday,2024-05-05,11:00,"2,099"
Sunday,2024-05-05,12:00,"1,934"
Sunday,2024-05-05,13:00,"2,212"
Sunday,2024-05-05,14:00,"1,978"
Sunday,2024-05-05,15:00,"2,108"
Sunday,2024-05-05,16:00,"2,403"
Sunday,2024-05-05,17:00,"2,281"
Sunday,2024-05-05,18:00,"2,111"
Sunday,2024-05-05,19:00,"2,285"
Sunday,2024-05-05,20:00,"2,090"
Sunday,2024-05-05,21:00,"2,067"
Sunday,2024-05-05,22:00,"2,024"
Sunday,2024-05-05,23:00,"1,965"
Monday,2024-05-06,00:00,"2,104"
Monday,2024-05-06,01:00,"2,184"
Monday,2024-05-06,02:00,"1,963"
Monday,2024-05-06,03:00,"3,973"
Monday,2024-05-06,04:00,"1,857"
Monday,2024-05-06,05:00,"1,873"
Monday,2024-05-06,06:00,"2,135"
Monday,2024-05-06,07:00,"2,452"
Monday,2024-05-06,08:00,"2,630"
Monday,2024-05-06,09:00,"2,654"
Monday,2024-05-06,10:00,"3,014"
Monday,2024-05-06,11:00,"3,455"
Monday,2024-05-06,12:00,"3,965"
Monday,2024-05-06,13:00,"3,899"
Monday,2024-05-06,14:00,"4,009"
Monday,2024-05-06,15:00,"4,135"
Monday,2024-05-06,16:00,"4,353"
Monday,2024-05-06,17:00,"3,975"
Monday,2024-05-06,18:00,"3,893"
Monday,2024-05-06,19:00,"3,643"
Monday,2024-05-06,20:00,"3,495"
Monday,2024-05-06,21:00,"3,594"
Monday,2024-05-06,22:00,"3,192"
Monday,2024-05-06,23:00,"2,776"
Tuesday,2024-05-07,00:00,"2,604"
Tuesday,2024-05-07,01:00,"2,577"
Tuesday,2024-05-07,02:00,"2,357"
Tuesday,2024-05-07,03:00,"5,410"
Tuesday,2024-05-07,04:00,"2,328"
Tuesday,2024-05-07,05:00,"2,161"
Tuesday,2024-05-07,06:00,"2,297"
Tuesday,2024-05-07,07:00,"2,529"
Tuesday,2024-05-07,08:00,"3,308"
Tuesday,2024-05-07,09:00,"3,580"
Tuesday,2024-05-07,10:00,"3,461"
Tuesday,2024-05-07,11:00,"3,754"
Tuesday,2024-05-07,12:00,"4,089"
Tuesday,2024-05-07,13:00,"3,639"
Tuesday,2024-05-07,14:00,"4,269"
Tuesday,2024-05-07,15:00,"4,210"
Tuesday,2024-05-07,16:00,"4,251"
Tuesday,2024-05-07,17:00,"3,941"
Tuesday,2024-05-07,18:00,"3,550"
Tuesday,2024-05-07,19:00,"3,093"
Tuesday,2024-05-07,20:00,"2,615"
Tuesday,2024-05-07,21:00,"2,589"
Tuesday,2024-05-07,22:00,"2,173"
Tuesday,2024-05-07,23:00,"2,377"
Wednesday,2024-05-08,00:00,"2,185"
Wednesday,2024-05-08,01:00,"2,062"
Wednesday,2024-05-08,02:00,"2,259"
Wednesday,2024-05-08,03:00,"4,838"
Wednesday,2024-05-08,04:00,"2,108"
Wednesday,2024-05-08,05:00,"2,165"
Wednesday,2024-05-08,06:00,"2,298"
Wednesday,2024-05-08,07:00,"2,569"
Wednesday,2024-05-08,08:00,"2,809"
Wednesday,2024-05-08,09:00,"3,054"
Wednesday,2024-05-08,10:00,"3,078"
Wednesday,2024-05-08,11:00,"3,074"
Wednesday,2024-05-08,12:00,"2,750"
Wednesday,2024-05-08,13:00,"2,682"
Wednesday,2024-05-08,14:00,"2,682"
Wednesday,2024-05-08,15:00,"3,111"
Wednesday,2024-05-08,16:00,"3,070"
Wednesday,2024-05-08,17:00,"3,215"
Wednesday,2024-05-08,18:00,"2,718"
Wednesday,2024-05-08,19:00,"2,499"
Wednesday,2024-05-08,20:00,"2,193"
Wednesday,2024-05-08,21:00,"2,256"
Wednesday,2024-05-08,22:00,"2,307"
Wednesday,2024-05-08,23:00,"2,099"
Thursday,2024-05-09,00:00,"2,414"
Thursday,2024-05-09,01:00,"2,340"
Thursday,2024-05-09,02:00,"2,220"
Thursday,2024-05-09,03:00,"4,605"
Thursday,2024-05-09,04:00,"2,027"
Thursday,2024-05-09,05:00,"1,995"
Thursday,2024-05-09,06:00,"2,434"
Thursday,2024-05-09,07:00,"2,451"
Thursday,2024-05-09,08:00,"2,909"
Thursday,2024-05-09,09:00,"3,234"
Thursday,2024-05-09,10:00,"3,010"
Thursday,2024-05-09,11:00,"2,926"
Thursday,2024-05-09,12:00,"2,760"
Thursday,2024-05-09,13:00,"2,740"
Thursday,2024-05-09,14:00,"2,808"
Thursday,2024-05-09,15:00,"2,927"
Thursday,2024-05-09,16:00,"2,828"
Thursday,2024-05-09,17:00,"2,795"
Thursday,2024-05-09,18:00,"2,370"
Thursday,2024-05-09,19:00,"2,381"
Thursday,2024-05-09,20:00,"2,245"
Thursday,2024-05-09,21:00,"2,101"
Thursday,2024-05-09,22:00,"1,960"
Thursday,2024-05-09,23:00,"1,991"
Friday,2024-05-10,00:00,"2,052"
Friday,2024-05-10,01:00,"2,233"
Friday,2024-05-10,02:00,"2,381"
Friday,2024-05-10,03:00,"4,342"
Friday,2024-05-10,04:00,"1,915"
Friday,2024-05-10,05:00,"1,830"
Friday,2024-05-10,06:00,"2,092"
Friday,2024-05-10,07:00,"2,209"
Friday,2024-05-10,08:00,"2,497"
Friday,2024-05-10,09:00,"2,458"
Friday,2024-05-10,10:00,"2,936"
Friday,2024-05-10,11:00,"2,667"
Friday,2024-05-10,12:00,"2,746"
Friday,2024-05-10,13:00,"2,723"
Friday,2024-05-10,14:00,"2,551"
Friday,2024-05-10,15:00,"2,976"
Friday,2024-05-10,16:00,"2,969"
Friday,2024-05-10,17:00,"2,585"
Friday,2024-05-10,18:00,"2,261"
Friday,2024-05-10,19:00,"2,114"
Friday,2024-05-10,20:00,"2,337"
Friday,2024-05-10,21:00,"2,142"
Friday,2024-05-10,22:00,"1,893"
Friday,2024-05-10,23:00,"2,038"
Saturday,2024-05-11,00:00,"2,567"
Saturday,2024-05-11,01:00,"2,088"
Saturday,2024-05-11,02:00,"2,088"
Saturday,2024-05-11,03:00,"4,557"
Saturday,2024-05-11,04:00,"2,042"
Saturday,2024-05-11,05:00,"2,097"
Saturday,2024-05-11,06:00,"2,104"
Saturday,2024-05-11,07:00,"2,195"
Saturday,2024-05-11,08:00,"2,603"
Saturday,2024-05-11,09:00,"2,601"
Saturday,2024-05-11,10:00,"2,312"
Saturday,2024-05-11,11:00,"2,223"
Saturday,2024-05-11,12:00,"2,300"
Saturday,2024-05-11,13:00,"2,287"
Saturday,2024-05-11,14:00,"2,323"
Saturday,2024-05-11,15:00,"2,375"
Saturday,2024-05-11,16:00,"2,416"
Saturday,2024-05-11,17:00,"2,536"
Saturday,2024-05-11,18:00,"2,281"
Saturday,2024-05-11,19:00,"2,272"
Saturday,2024-05-11,20:00,"2,075"
Saturday,2024-05-11,21:00,"2,089"
Saturday,2024-05-11,22:00,"2,352"
Saturday,2024-05-11,23:00,"2,154"
Sunday,2024-05-12,00:00,"2,138"
Sunday,2024-05-12,01:00,"2,150"
Sunday,2024-05-12,02:00,"2,300"
Sunday,2024-05-12,03:00,"4,581"
Sunday,2024-05-12,04:00,"2,006"
Sunday,2024-05-12,05:00,"1,877"
Sunday,2024-05-12,06:00,"2,046"
Sunday,2024-05-12,07:00,"2,115"
Sunday,2024-05-12,08:00,"2,350"
Sunday,2024-05-12,09:00,"2,235"
Sunday,2024-05-12,10:00,"2,350"
Sunday,2024-05-12,11:00,"2,344"
Sunday,2024-05-12,12:00,"2,717"
Sunday,2024-05-12,13:00,"2,896"
Sunday,2024-05-12,14:00,"2,990"
Sunday,2024-05-12,15:00,"2,678"
Sunday,2024-05-12,16:00,"2,857"
Sunday,2024-05-12,17:00,"2,628"
Sunday,2024-05-12,18:00,"2,336"
Sunday,2024-05-12,19:00,"2,182"
Sunday,2024-05-12,20:00,"2,069"
Sunday,2024-05-12,21:00,"2,228"
Sunday,2024-05-12,22:00,"2,153"
Sunday,2024-05-12,23:00,"2,094"
Monday,2024-05-13,00:00,"2,021"
Monday,2024-05-13,01:00,"2,040"
Monday,2024-05-13,02:00,"2,099"
Monday,2024-05-13,03:00,"4,438"
Monday,2024-05-13,04:00,"1,958"
Monday,2024-05-13,05:00,"1,957"
Monday,2024-05-13,06:00,"2,267"
Monday,2024-05-13,07:00,"2,737"
Monday,2024-05-13,08:00,"2,893"
Monday,2024-05-13,09:00,"2,959"
Monday,2024-05-13,10:00,"2,859"
Monday,2024-05-13,11:00,"2,986"
Monday,2024-05-13,12:00,"2,932"
Monday,2024-05-13,13:00,"2,900"
Monday,2024-05-13,14:00,"2,928"
Monday,2024-05-13,15:00,"3,044"
Monday,2024-05-13,16:00,"3,033"
Monday,2024-05-13,17:00,"2,964"
Monday,2024-05-13,18:00,"2,554"
Monday,2024-05-13,19:00,"2,435"
Monday,2024-05-13,20:00,"2,256"
Monday,2024-05-13,21:00,"2,088"
Monday,2024-05-13,22:00,"2,097"
Monday,2024-05-13,23:00,"1,954"
Tuesday,2024-05-14,00:00,"2,033"
Tuesday,2024-05-14,01:00,"1,952"
Tuesday,2024-05-14,02:00,"2,075"
Tuesday,2024-05-14,03:00,"4,421"
Tuesday,2024-05-14,04:00,"2,024"
Tuesday,2024-05-14,05:00,"2,013"
Tuesday,2024-05-14,06:00,"2,203"
Tuesday,2024-05-14,07:00,"2,300"
Tuesday,2024-05-14,08:00,"2,615"
Tuesday,2024-05-14,09:00,"2,876"
Tuesday,2024-05-14,10:00,"3,586"
Tuesday,2024-05-14,11:00,"3,948"
Tuesday,2024-05-14,12:00,"4,369"
Tuesday,2024-05-14,13:00,"4,021"
Tuesday,2024-05-14,14:00,"3,407"
Tuesday,2024-05-14,15:00,"5,472"
Tuesday,2024-05-14,16:00,"4,390"
Tuesday,2024-05-14,17:00,"4,319"
Tuesday,2024-05-14,18:00,"4,125"
Tuesday,2024-05-14,19:00,"3,529"
Tuesday,2024-05-14,20:00,"3,438"
Tuesday,2024-05-14,21:00,"3,049"
Tuesday,2024-05-14,22:00,"2,706"
Tuesday,2024-05-14,23:00,"2,598"
Wednesday,2024-05-15,00:00,"2,609"
Wednesday,2024-05-15,01:00,"2,443"
Wednesday,2024-05-15,02:00,"2,807"
Wednesday,2024-05-15,03:00,"5,819"
Wednesday,2024-05-15,04:00,"2,451"
Wednesday,2024-05-15,05:00,"2,537"
Wednesday,2024-05-15,06:00,"2,879"
Wednesday,2024-05-15,07:00,"3,470"
Wednesday,2024-05-15,08:00,"3,710"
Wednesday,2024-05-15,09:00,"4,196"
Wednesday,2024-05-15,10:00,"4,295"
Wednesday,2024-05-15,11:00,"4,261"
Wednesday,2024-05-15,12:00,"4,394"
Wednesday,2024-05-15,13:00,"4,467"
Wednesday,2024-05-15,14:00,"4,368"
Wednesday,2024-05-15,15:00,"4,029"
Wednesday,2024-05-15,16:00,"2,315"
Wednesday,2024-05-15,17:00,428.3
Wednesday,2024-05-15,18:00,339.14
Wednesday,2024-05-15,19:00,324.73
Wednesday,2024-05-15,20:00,319.86
Wednesday,2024-05-15,21:00,319.26
Wednesday,2024-05-15,22:00,313.75
Wednesday,2024-05-15,23:00,321.91
Thursday,2024-05-16,00:00,319.83
Thursday,2024-05-16,01:00,315.56
Thursday,2024-05-16,02:00,319.27
Thursday,2024-05-16,03:00,714.66
Thursday,2024-05-16,04:00,322.28
Thursday,2024-05-16,05:00,325.83
Thursday,2024-05-16,06:00,316.29
Thursday,2024-05-16,07:00,323.18
Thursday,2024-05-16,08:00,316.47
Thursday,2024-05-16,09:00,328.19
Thursday,2024-05-16,10:00,317.29
Thursday,2024-05-16,11:00,325.21
Thursday,2024-05-16,12:00,320.53
Thursday,2024-05-16,13:00,389.28
Thursday,2024-05-16,14:00,355.56
Thursday,2024-05-16,15:00,314.26
Thursday,2024-05-16,16:00,335.62
Thursday,2024-05-16,17:00,342.67
Thursday,2024-05-16,18:00,319.6
Thursday,2024-05-16,19:00,317.93
Thursday,2024-05-16,20:00,323.21
Thursday,2024-05-16,21:00,312.35
Thursday,2024-05-16,22:00,317.93
Thursday,2024-05-16,23:00,325.93
Friday,2024-05-17,00:00,317.44
Friday,2024-05-17,01:00,313.03
Friday,2024-05-17,02:00,315.29
Friday,2024-05-17,03:00,707.28
Friday,2024-05-17,04:00,317.7
Friday,2024-05-17,05:00,234.9
Friday,2024-05-17,06:00,396.21
Friday,2024-05-17,07:00,324.82
Friday,2024-05-17,08:00,345.26
Friday,2024-05-17,09:00,542.24
Friday,2024-05-17,10:00,639.03
Friday,2024-05-17,11:00,377.85
Friday,2024-05-17,12:00,329
Friday,2024-05-17,13:00,376.7
Friday,2024-05-17,14:00,324.42
Friday,2024-05-17,15:00,314.12
Friday,2024-05-17,16:00,373.27
Friday,2024-05-17,17:00,310.88
Friday,2024-05-17,18:00,312.19
Friday,2024-05-17,19:00,314.08
Friday,2024-05-17,20:00,315.13
Friday,2024-05-17,21:00,315.73
Friday,2024-05-17,22:00,318.53
Friday,2024-05-17,23:00,323.45
Saturday,2024-05-18,00:00,312.65
Saturday,2024-05-18,01:00,321.2
Saturday,2024-05-18,02:00,311.11
Saturday,2024-05-18,03:00,695.93
Saturday,2024-05-18,04:00,321.01
Saturday,2024-05-18,05:00,314.83
Saturday,2024-05-18,06:00,317.6
Saturday,2024-05-18,07:00,350.78
Saturday,2024-05-18,08:00,"2,352"
Saturday,2024-05-18,09:00,"2,400"
Saturday,2024-05-18,10:00,"2,557"
Saturday,2024-05-18,11:00,"2,380"
Saturday,2024-05-18,12:00,"2,381"
Saturday,2024-05-18,13:00,"2,318"
Saturday,2024-05-18,14:00,"2,449"
Saturday,2024-05-18,15:00,"2,740"
Saturday,2024-05-18,16:00,"2,699"
Saturday,2024-05-18,17:00,"2,355"
Saturday,2024-05-18,18:00,"2,278"
Saturday,2024-05-18,19:00,"2,486"
Saturday,2024-05-18,20:00,"2,444"
Saturday,2024-05-18,21:00,"2,357"
Saturday,2024-05-18,22:00,"2,182"
Saturday,2024-05-18,23:00,"2,109"
Sunday,2024-05-19,00:00,"2,260"
Sunday,2024-05-19,01:00,"2,158"
Sunday,2024-05-19,02:00,"2,037"
Sunday,2024-05-19,03:00,"4,828"
Sunday,2024-05-19,04:00,"2,001"
Sunday,2024-05-19,05:00,"1,974"
Sunday,2024-05-19,06:00,"2,139"
Sunday,2024-05-19,07:00,"2,512"
Sunday,2024-05-19,08:00,"2,801"
Sunday,2024-05-19,09:00,"2,635"
Sunday,2024-05-19,10:00,"2,602"
Sunday,2024-05-19,11:00,"2,313"
Sunday,2024-05-19,12:00,"2,383"
Sunday,2024-05-19,13:00,"2,293"
Sunday,2024-05-19,14:00,"2,189"
Sunday,2024-05-19,15:00,"2,291"
Sunday,2024-05-19,16:00,"2,511"
Sunday,2024-05-19,17:00,"2,251"
Sunday,2024-05-19,18:00,"2,570"
Sunday,2024-05-19,19:00,"2,461"
Sunday,2024-05-19,20:00,"2,237"
Sunday,2024-05-19,21:00,"2,298"
Sunday,2024-05-19,22:00,"2,164"
Sunday,2024-05-19,23:00,"2,143"
Monday,2024-05-20,00:00,"2,089"
Monday,2024-05-20,01:00,"2,027"
Monday,2024-05-20,02:00,"2,300"
Monday,2024-05-20,03:00,"6,232"
Monday,2024-05-20,04:00,"2,477"
Monday,2024-05-20,05:00,"2,182"
Monday,2024-05-20,06:00,"2,333"
Monday,2024-05-20,07:00,"2,637"
Monday,2024-05-20,08:00,"2,896"
Monday,2024-05-20,09:00,"1,036"
Monday,2024-05-20,10:00,327.43
Monday,2024-05-20,11:00,441.84
Monday,2024-05-20,12:00,326.4
Monday,2024-05-20,13:00,315.48
Monday,2024-05-20,14:00,428.99
Monday,2024-05-20,15:00,482.54
Monday,2024-05-20,16:00,437.66
Monday,2024-05-20,17:00,341.05
Monday,2024-05-20,18:00,320.66
Monday,2024-05-20,19:00,316.91
Monday,2024-05-20,20:00,308.4
Monday,2024-05-20,21:00,313.74
Monday,2024-05-20,22:00,317.83
Monday,2024-05-20,23:00,314.61
Tuesday,2024-05-21,00:00,356.11
Tuesday,2024-05-21,01:00,"2,050"
Tuesday,2024-05-21,02:00,"2,259"
Tuesday,2024-05-21,03:00,"5,231"
Tuesday,2024-05-21,04:00,"2,492"
Tuesday,2024-05-21,05:00,"2,365"
Tuesday,2024-05-21,06:00,"2,850"
Tuesday,2024-05-21,07:00,"3,071"
Tuesday,2024-05-21,08:00,"3,878"
Tuesday,2024-05-21,09:00,"4,610"
Tuesday,2024-05-21,10:00,"4,982"
Tuesday,2024-05-21,11:00,"5,492"
Tuesday,2024-05-21,12:00,"5,895"
Tuesday,2024-05-21,13:00,"5,710"
Tuesday,2024-05-21,14:00,"5,587"
Tuesday,2024-05-21,15:00,"1,868"
Tuesday,2024-05-21,16:00,"1,699"
Tuesday,2024-05-21,17:00,"2,091"
Tuesday,2024-05-21,18:00,"1,439"
Tuesday,2024-05-21,19:00,"1,309"
Tuesday,2024-05-21,20:00,552.71
Tuesday,2024-05-21,21:00,375.48
Tuesday,2024-05-21,22:00,315.35
Tuesday,2024-05-21,23:00,325.24
Wednesday,2024-05-22,00:00,363.74
Wednesday,2024-05-22,01:00,321.82
Wednesday,2024-05-22,02:00,524.03
Wednesday,2024-05-22,03:00,"1,388"
Wednesday,2024-05-22,04:00,429.37
Wednesday,2024-05-22,05:00,593.95
Wednesday,2024-05-22,06:00,992.67
Wednesday,2024-05-22,07:00,"4,714"
Wednesday,2024-05-22,08:00,"5,300"
Wednesday,2024-05-22,09:00,"5,833"
Wednesday,2024-05-22,10:00,"6,005"
Wednesday,2024-05-22,11:00,"5,908"
Wednesday,2024-05-22,12:00,"5,697"
Wednesday,2024-05-22,13:00,"5,839"
Wednesday,2024-05-22,14:00,"5,780"
Wednesday,2024-05-22,15:00,"6,097"
Wednesday,2024-05-22,16:00,"6,015"
Wednesday,2024-05-22,17:00,"5,948"
Wednesday,2024-05-22,18:00,"5,770"
Wednesday,2024-05-22,19:00,"5,569"
Wednesday,2024-05-22,20:00,"5,200"
Wednesday,2024-05-22,21:00,"4,864"
Wednesday,2024-05-22,22:00,"4,598"
Wednesday,2024-05-22,23:00,"3,239"
Thursday,2024-05-23,00:00,"5,221"
Thursday,2024-05-23,01:00,"4,256"
Thursday,2024-05-23,02:00,"4,382"
Thursday,2024-05-23,03:00,"9,791"
Thursday,2024-05-23,04:00,"4,132"
Thursday,2024-05-23,05:00,"3,985"
Thursday,2024-05-23,06:00,"4,360"
Thursday,2024-05-23,07:00,"4,821"
Thursday,2024-05-23,08:00,"5,665"
Thursday,2024-05-23,09:00,"5,637"
Thursday,2024-05-23,10:00,"5,747"
Thursday,2024-05-23,11:00,"5,951"
Thursday,2024-05-23,12:00,"6,344"
Thursday,2024-05-23,13:00,"6,339"
Thursday,2024-05-23,14:00,"5,953"
Thursday,2024-05-23,15:00,"6,107"
Thursday,2024-05-23,16:00,"5,989"
Thursday,2024-05-23,17:00,"6,161"
Thursday,2024-05-23,18:00,"5,997"
Thursday,2024-05-23,19:00,"5,603"
Thursday,2024-05-23,20:00,"5,293"
Thursday,2024-05-23,21:00,"4,683"
Thursday,2024-05-23,22:00,"3,785"
Thursday,2024-05-23,23:00,"3,433"
Friday,2024-05-24,00:00,"3,457"
Friday,2024-05-24,01:00,"3,422"
Friday,2024-05-24,02:00,"3,158"
Friday,2024-05-24,03:00,"7,084"
Friday,2024-05-24,04:00,"3,075"
Friday,2024-05-24,05:00,"3,243"
Friday,2024-05-24,06:00,"3,310"
Friday,2024-05-24,07:00,"4,118"
Friday,2024-05-24,08:00,"4,284"
Friday,2024-05-24,09:00,"4,632"
Friday,2024-05-24,10:00,"4,199"
Friday,2024-05-24,11:00,"5,120"
Friday,2024-05-24,12:00,"4,826"
Friday,2024-05-24,13:00,"4,849"
Friday,2024-05-24,14:00,"3,008"
Friday,2024-05-24,15:00,"1,536"
Friday,2024-05-24,16:00,"1,297"
Friday,2024-05-24,17:00,"1,366"
Friday,2024-05-24,18:00,910.77
Friday,2024-05-24,19:00,672.86
Friday,2024-05-24,20:00,339.43
Friday,2024-05-24,21:00,329.83
Friday,2024-05-24,22:00,526.19
Friday,2024-05-24,23:00,508.01
Saturday,2024-05-25,00:00,316.96
Saturday,2024-05-25,01:00,363.34
Saturday,2024-05-25,02:00,319.65
Saturday,2024-05-25,03:00,848.82
Saturday,2024-05-25,04:00,351.14
Saturday,2024-05-25,05:00,328.36
Saturday,2024-05-25,06:00,377.63
Saturday,2024-05-25,07:00,419.48
Saturday,2024-05-25,08:00,435.32
Saturday,2024-05-25,09:00,365.94
Saturday,2024-05-25,10:00,493.9
Saturday,2024-05-25,11:00,624.43
Saturday,2024-05-25,12:00,583.92
Saturday,2024-05-25,13:00,"1,159"
Saturday,2024-05-25,14:00,"1,199"
Saturday,2024-05-25,15:00,"1,215"
Saturday,2024-05-25,16:00,"1,503"
Saturday,2024-05-25,17:00,"1,172"
Saturday,2024-05-25,18:00,"1,285"
Saturday,2024-05-25,19:00,740.18
Saturday,2024-05-25,20:00,802.93
Saturday,2024-05-25,21:00,670.9
Saturday,2024-05-25,22:00,444.22
Saturday,2024-05-25,23:00,387.21
Sunday,2024-05-26,00:00,368.27
Sunday,2024-05-26,01:00,366.06
Sunday,2024-05-26,02:00,326.82
Sunday,2024-05-26,03:00,747.08
Sunday,2024-05-26,04:00,373.78
Sunday,2024-05-26,05:00,394.53
Sunday,2024-05-26,06:00,593.41
Sunday,2024-05-26,07:00,768.3
Sunday,2024-05-26,08:00,"1,060"
Sunday,2024-05-26,09:00,"1,006"
Sunday,2024-05-26,10:00,"1,645"
Sunday,2024-05-26,11:00,"1,380"
Sunday,2024-05-26,12:00,"1,611"
Sunday,2024-05-26,13:00,"1,829"
Sunday,2024-05-26,14:00,"1,839"
Sunday,2024-05-26,15:00,"1,985"
Sunday,2024-05-26,16:00,"1,710"
Sunday,2024-05-26,17:00,"1,869"
Sunday,2024-05-26,18:00,"1,551"
Sunday,2024-05-26,19:00,"1,235"
Sunday,2024-05-26,20:00,"1,157"
Sunday,2024-05-26,21:00,896.43
Sunday,2024-05-26,22:00,998.24
Sunday,2024-05-26,23:00,916.68
Monday,2024-05-27,00:00,913.32
Monday,2024-05-27,01:00,775.92
Monday,2024-05-27,02:00,734.77
Monday,2024-05-27,03:00,"1,480"
Monday,2024-05-27,04:00,770.17
Monday,2024-05-27,05:00,753.53
Monday,2024-05-27,06:00,910.96
Monday,2024-05-27,07:00,882.72
Monday,2024-05-27,08:00,827.2
Monday,2024-05-27,09:00,890.21
Monday,2024-05-27,10:00,860.01
Monday,2024-05-27,11:00,955.4
Monday,2024-05-27,12:00,961.32
Monday,2024-05-27,13:00,959.44
Monday,2024-05-27,14:00,"1,063"
Monday,2024-05-27,15:00,"1,254"
Monday,2024-05-27,16:00,"1,905"
Monday,2024-05-27,17:00,"2,140"
Monday,2024-05-27,18:00,"1,796"
Monday,2024-05-27,19:00,"1,683"
Monday,2024-05-27,20:00,"1,685"
Monday,2024-05-27,21:00,"1,745"
Monday,2024-05-27,22:00,"1,622"
Monday,2024-05-27,23:00,"1,579"
Tuesday,2024-05-28,00:00,"1,595"
Tuesday,2024-05-28,01:00,"1,403"
Tuesday,2024-05-28,02:00,"1,683"
Tuesday,2024-05-28,03:00,"3,578"
Tuesday,2024-05-28,04:00,"1,345"
Tuesday,2024-05-28,05:00,"1,459"
Tuesday,2024-05-28,06:00,"1,573"
Tuesday,2024-05-28,07:00,"1,608"
Tuesday,2024-05-28,08:00,"2,086"
Tuesday,2024-05-28,09:00,"2,540"
Tuesday,2024-05-28,10:00,"2,368"
Tuesday,2024-05-28,11:00,"2,575"
Tuesday,2024-05-28,12:00,"2,385"
Tuesday,2024-05-28,13:00,"2,363"
Tuesday,2024-05-28,14:00,"2,078"
Tuesday,2024-05-28,15:00,"2,015"
Tuesday,2024-05-28,16:00,"1,823"
Tuesday,2024-05-28,17:00,"1,955"
Tuesday,2024-05-28,18:00,"1,309"
Tuesday,2024-05-28,19:00,"1,064"
Tuesday,2024-05-28,20:00,"1,208"
Tuesday,2024-05-28,21:00,"1,339"
Tuesday,2024-05-28,22:00,"1,159"
Tuesday,2024-05-28,23:00,"1,235"
Wednesday,2024-05-29,00:00,"1,254"
Wednesday,2024-05-29,01:00,"1,119"
Wednesday,2024-05-29,02:00,800.15
Wednesday,2024-05-29,03:00,"1,665"
Wednesday,2024-05-29,04:00,683.62
Wednesday,2024-05-29,05:00,733.16
Wednesday,2024-05-29,06:00,"1,194"
Wednesday,2024-05-29,07:00,"1,661"
Wednesday,2024-05-29,08:00,"1,981"
Wednesday,2024-05-29,09:00,"1,939"
Wednesday,2024-05-29,10:00,"1,723"
Wednesday,2024-05-29,11:00,"1,735"
Wednesday,2024-05-29,12:00,"1,538"
Wednesday,2024-05-29,13:00,"1,594"
Wednesday,2024-05-29,14:00,"1,705"
Wednesday,2024-05-29,15:00,"1,901"
Wednesday,2024-05-29,16:00,"1,801"
Wednesday,2024-05-29,17:00,"1,431"
Wednesday,2024-05-29,18:00,"1,367"
Wednesday,2024-05-29,19:00,729.49
Wednesday,2024-05-29,20:00,658.62
Wednesday,2024-05-29,21:00,655.02
Wednesday,2024-05-29,22:00,505.13
Wednesday,2024-05-29,23:00,902.25
Thursday,2024-05-30,00:00,889.67
Thursday,2024-05-30,01:00,586.41
Thursday,2024-05-30,02:00,818.22
Thursday,2024-05-30,03:00,"1,615"
Thursday,2024-05-30,04:00,803.54
Thursday,2024-05-30,05:00,743.79
Thursday,2024-05-30,06:00,897.09
Thursday,2024-05-30,07:00,"1,079"
Thursday,2024-05-30,08:00,"1,189"
Thursday,2024-05-30,09:00,982.6
Thursday,2024-05-30,10:00,892.33
Thursday,2024-05-30,11:00,922.55
Thursday,2024-05-30,12:00,824.51
Thursday,2024-05-30,13:00,845.32
Thursday,2024-05-30,14:00,742.43
Thursday,2024-05-30,15:00,"1,005"
Thursday,2024-05-30,16:00,"1,136"
Thursday,2024-05-30,17:00,"1,041"
Thursday,2024-05-30,18:00,901.77
Thursday,2024-05-30,19:00,638.57
Thursday,2024-05-30,20:00,758.5
Thursday,2024-05-30,21:00,742.56
Thursday,2024-05-30,22:00,584.49
Thursday,2024-05-30,23:00,522.71
Friday,2024-05-31,00:00,626.26
Friday,2024-05-31,01:00,753.27
Friday,2024-05-31,02:00,811.62
Friday,2024-05-31,03:00,"1,440"
Friday,2024-05-31,04:00,461.98
Friday,2024-05-31,05:00,378.26
Friday,2024-05-31,06:00,741.34
Friday,2024-05-31,07:00,990.67
Friday,2024-05-31,08:00,890.69
Friday,2024-05-31,09:00,789.04
Friday,2024-05-31,10:00,"1,099"
Friday,2024-05-31,11:00,924.99
Friday,2024-05-31,12:00,842.96
Friday,2024-05-31,13:00,470.37
Friday,2024-05-31,14:00,408.62
Friday,2024-05-31,15:00,527.86
Friday,2024-05-31,16:00,"1,051"
Friday,2024-05-31,17:00,596.95
Friday,2024-05-31,18:00,453.12
Friday,2024-05-31,19:00,331.3
Friday,2024-05-31,20:00,379.1
Friday,2024-05-31,21:00,368.49
Friday,2024-05-31,22:00,662.49
Friday,2024-05-31,23:00,522.29
Saturday,2024-06-01,00:00,398.74
Saturday,2024-06-01,01:00,363.78
Saturday,2024-06-01,02:00,383.71
Saturday,2024-06-01,03:00,866.38
Saturday,2024-06-01,04:00,350.04
Saturday,2024-06-01,05:00,320.39
Saturday,2024-06-01,06:00,441.55
Saturday,2024-06-01,07:00,638.85
Saturday,2024-06-01,08:00,"1,142"
Saturday,2024-06-01,09:00,"1,216"
Saturday,2024-06-01,10:00,583.2
Saturday,2024-06-01,11:00,565.13
Saturday,2024-06-01,12:00,"1,041"
Saturday,2024-06-01,13:00,"1,124"
Saturday,2024-06-01,14:00,846.93
Saturday,2024-06-01,15:00,713.21
Saturday,2024-06-01,16:00,"2,953"
Saturday,2024-06-01,17:00,622.7
Saturday,2024-06-01,18:00,316.01
Saturday,2024-06-01,19:00,313.44
Saturday,2024-06-01,20:00,326.2
Saturday,2024-06-01,21:00,319.38
Saturday,2024-06-01,22:00,321.42
Saturday,2024-06-01,23:00,321.06
Sunday,2024-06-02,00:00,319.76
Sunday,2024-06-02,01:00,321.61
Sunday,2024-06-02,02:00,320.28
Sunday,2024-06-02,03:00,715.86
Sunday,2024-06-02,04:00,315.8
Sunday,2024-06-02,05:00,324.18
Sunday,2024-06-02,06:00,321.14
Sunday,2024-06-02,07:00,326.86
Sunday,2024-06-02,08:00,327.9
Sunday,2024-06-02,09:00,334.68
Sunday,2024-06-02,10:00,326.74
Sunday,2024-06-02,11:00,322.8
Sunday,2024-06-02,12:00,317.94
Sunday,2024-06-02,13:00,321.64
Sunday,2024-06-02,14:00,325.72
Sunday,2024-06-02,15:00,704.85
Sunday,2024-06-02,16:00,665.19
Sunday,2024-06-02,17:00,331.31
Sunday,2024-06-02,18:00,334.82
Sunday,2024-06-02,19:00,321.53
Sunday,2024-06-02,20:00,323.07
Sunday,2024-06-02,21:00,324.52
Sunday,2024-06-02,22:00,322.65
Sunday,2024-06-02,23:00,313.11
Monday,2024-06-03,00:00,323.79
Monday,2024-06-03,01:00,324.12
Monday,2024-06-03,02:00,328.92
Monday,2024-06-03,03:00,727.56
Monday,2024-06-03,04:00,330.21
Monday,2024-06-03,05:00,323.23
Monday,2024-06-03,06:00,318.41
Monday,2024-06-03,07:00,325.93
Monday,2024-06-03,08:00,556.96
Monday,2024-06-03,09:00,518.05
Monday,2024-06-03,10:00,455.65
Monday,2024-06-03,11:00,672.32
Monday,2024-06-03,12:00,627.27
Monday,2024-06-03,13:00,890.34
Monday,2024-06-03,14:00,816.3
Monday,2024-06-03,15:00,650.96
Monday,2024-06-03,16:00,363.24
Monday,2024-06-03,17:00,321.72
Monday,2024-06-03,18:00,307.13
Monday,2024-06-03,19:00,317.79
Monday,2024-06-03,20:00,321.36
Monday,2024-06-03,21:00,324.66
Monday,2024-06-03,22:00,324.34
Monday,2024-06-03,23:00,326.09
Tuesday,2024-06-04,00:00,320.72
Tuesday,2024-06-04,01:00,317.87
Tuesday,2024-06-04,02:00,327.09
Tuesday,2024-06-04,03:00,713.62
Tuesday,2024-06-04,04:00,321.77
Tuesday,2024-06-04,05:00,323.29
Tuesday,2024-06-04,06:00,322.79
Tuesday,2024-06-04,07:00,316.13
Tuesday,2024-06-04,08:00,313.93
Tuesday,2024-06-04,09:00,356.41
Tuesday,2024-06-04,10:00,520.11
Tuesday,2024-06-04,11:00,644.05
Tuesday,2024-06-04,12:00,643.49
Tuesday,2024-06-04,13:00,555.92
Tuesday,2024-06-04,14:00,345.06
Tuesday,2024-06-04,15:00,384.43
Tuesday,2024-06-04,16:00,494.88
Tuesday,2024-06-04,17:00,396.5
Tuesday,2024-06-04,18:00,309.72
Tuesday,2024-06-04,19:00,315.49
Tuesday,2024-06-04,20:00,327.24
Tuesday,2024-06-04,21:00,321.97
Tuesday,2024-06-04,22:00,325.37
Tuesday,2024-06-04,23:00,336.19
Wednesday,2024-06-05,00:00,331.82
Wednesday,2024-06-05,01:00,319.77
Wednesday,2024-06-05,02:00,315.93
Wednesday,2024-06-05,03:00,715.23
Wednesday,2024-06-05,04:00,324.66
Wednesday,2024-06-05,05:00,318.9
Wednesday,2024-06-05,06:00,310.94
Wednesday,2024-06-05,07:00,319.01
Wednesday,2024-06-05,08:00,519.66
Wednesday,2024-06-05,09:00,"1,304"
Wednesday,2024-06-05,10:00,885.66
Wednesday,2024-06-05,11:00,"1,373"
Wednesday,2024-06-05,12:00,"1,245"
Wednesday,2024-06-05,13:00,"1,484"
Wednesday,2024-06-05,14:00,"1,875"
Wednesday,2024-06-05,15:00,"1,702"
Wednesday,2024-06-05,16:00,"1,635"
Wednesday,2024-06-05,17:00,"3,324"
Wednesday,2024-06-05,18:00,"4,925"
Wednesday,2024-06-05,19:00,"4,741"
Wednesday,2024-06-05,20:00,"4,844"
Wednesday,2024-06-05,21:00,"4,947"
Wednesday,2024-06-05,22:00,"4,535"
Wednesday,2024-06-05,23:00,"4,471"
Thursday,2024-06-06,00:00,"4,107"
Thursday,2024-06-06,01:00,"3,953"
Thursday,2024-06-06,02:00,"4,188"
Thursday,2024-06-06,03:00,"9,012"
Thursday,2024-06-06,04:00,"4,240"
Thursday,2024-06-06,05:00,"4,360"
Thursday,2024-06-06,06:00,"4,786"
Thursday,2024-06-06,07:00,"4,957"
Thursday,2024-06-06,08:00,"5,470"
Thursday,2024-06-06,09:00,"5,277"
Thursday,2024-06-06,10:00,"5,541"
Thursday,2024-06-06,11:00,"5,461"
Thursday,2024-06-06,12:00,"5,352"
Thursday,2024-06-06,13:00,"5,476"
Thursday,2024-06-06,14:00,"5,504"
Thursday,2024-06-06,15:00,"5,864"
Thursday,2024-06-06,16:00,"5,602"
Thursday,2024-06-06,17:00,"5,394"
Thursday,2024-06-06,18:00,"5,035"
Thursday,2024-06-06,19:00,"4,457"
Thursday,2024-06-06,20:00,"4,908"
Thursday,2024-06-06,21:00,"4,521"
Thursday,2024-06-06,22:00,"3,805"
Thursday,2024-06-06,23:00,"3,473"
Friday,2024-06-07,00:00,"3,566"
Friday,2024-06-07,01:00,"3,438"
Friday,2024-06-07,02:00,"3,382"
Friday,2024-06-07,03:00,"7,464"
Friday,2024-06-07,04:00,"3,400"
Friday,2024-06-07,05:00,"3,291"
Friday,2024-06-07,06:00,"3,788"
Friday,2024-06-07,07:00,"4,045"
Friday,2024-06-07,08:00,"4,584"
Friday,2024-06-07,09:00,"6,960"
Friday,2024-06-07,10:00,"6,291"
Friday,2024-06-07,11:00,"5,254"
Friday,2024-06-07,12:00,"5,366"
Friday,2024-06-07,13:00,"5,193"
Friday,2024-06-07,14:00,"5,157"
Friday,2024-06-07,15:00,"5,380"
Friday,2024-06-07,16:00,"5,230"
Friday,2024-06-07,17:00,"5,173"
Friday,2024-06-07,18:00,"4,795"
Friday,2024-06-07,19:00,"4,283"
Friday,2024-06-07,20:00,"4,142"
Friday,2024-06-07,21:00,"3,710"
Friday,2024-06-07,22:00,"3,513"
Friday,2024-06-07,23:00,"3,391"
Saturday,2024-06-08,00:00,"3,273"
Saturday,2024-06-08,01:00,"3,085"
Saturday,2024-06-08,02:00,"3,014"
Saturday,2024-06-08,03:00,"5,520"
Saturday,2024-06-08,04:00,"2,326"
Saturday,2024-06-08,05:00,"2,252"
Saturday,2024-06-08,06:00,"2,343"
Saturday,2024-06-08,07:00,"2,664"
Saturday,2024-06-08,08:00,"3,115"
Saturday,2024-06-08,09:00,"3,374"
Saturday,2024-06-08,10:00,"3,663"
Saturday,2024-06-08,11:00,"3,519"
Saturday,2024-06-08,12:00,"3,540"
Saturday,2024-06-08,13:00,"3,563"
Saturday,2024-06-08,14:00,"3,516"
Saturday,2024-06-08,15:00,"3,780"
Saturday,2024-06-08,16:00,"3,863"
Saturday,2024-06-08,17:00,"3,748"
Saturday,2024-06-08,18:00,"3,333"
Saturday,2024-06-08,19:00,"3,026"
Saturday,2024-06-08,20:00,"3,014"
Saturday,2024-06-08,21:00,"2,793"
Saturday,2024-06-08,22:00,"2,835"
Saturday,2024-06-08,23:00,"2,858"
Sunday,2024-06-09,00:00,"3,062"
Sunday,2024-06-09,01:00,"2,856"
Sunday,2024-06-09,02:00,"2,808"
Sunday,2024-06-09,03:00,"5,935"
Sunday,2024-06-09,04:00,"2,634"
Sunday,2024-06-09,05:00,"2,485"
Sunday,2024-06-09,06:00,"2,662"
Sunday,2024-06-09,07:00,"2,807"
Sunday,2024-06-09,08:00,"3,030"
Sunday,2024-06-09,09:00,"2,965"
Sunday,2024-06-09,10:00,"2,901"
Sunday,2024-06-09,11:00,"2,666"
Sunday,2024-06-09,12:00,"2,713"
Sunday,2024-06-09,13:00,"2,783"
Sunday,2024-06-09,14:00,"2,945"
Sunday,2024-06-09,15:00,"3,141"
Sunday,2024-06-09,16:00,"3,629"
Sunday,2024-06-09,17:00,"3,609"
Sunday,2024-06-09,18:00,"3,491"
Sunday,2024-06-09,19:00,"3,252"
Sunday,2024-06-09,20:00,"2,875"
Sunday,2024-06-09,21:00,"2,619"
Sunday,2024-06-09,22:00,"2,644"
Sunday,2024-06-09,23:00,"2,460"
Monday,2024-06-10,00:00,"2,292"
Monday,2024-06-10,01:00,"2,354"
Monday,2024-06-10,02:00,"2,419"
Monday,2024-06-10,03:00,"5,177"
Monday,2024-06-10,04:00,"2,119"
Monday,2024-06-10,05:00,"2,190"
Monday,2024-06-10,06:00,"2,597"
Monday,2024-06-10,07:00,"3,164"
Monday,2024-06-10,08:00,"3,703"
Monday,2024-06-10,09:00,"3,908"
Monday,2024-06-10,10:00,"3,956"
Monday,2024-06-10,11:00,"4,266"
Monday,2024-06-10,12:00,"4,233"
Monday,2024-06-10,13:00,"4,398"
Monday,2024-06-10,14:00,"4,480"
Monday,2024-06-10,15:00,"6,000"
Monday,2024-06-10,16:00,"8,928"
Monday,2024-06-10,17:00,"8,719"
Monday,2024-06-10,18:00,"8,741"
Monday,2024-06-10,19:00,"8,089"
Monday,2024-06-10,20:00,"7,899"
Monday,2024-06-10,21:00,"7,551"
Monday,2024-06-10,22:00,"7,553"
Monday,2024-06-10,23:00,"7,437"
Tuesday,2024-06-11,00:00,"7,383"
Tuesday,2024-06-11,01:00,"7,464"
Tuesday,2024-06-11,02:00,"7,380"
Tuesday,2024-06-11,03:00,"16,113"
Tuesday,2024-06-11,04:00,"7,147"
Tuesday,2024-06-11,05:00,"7,174"
Tuesday,2024-06-11,06:00,"7,544"
Tuesday,2024-06-11,07:00,"7,979"
Tuesday,2024-06-11,08:00,"8,513"
Tuesday,2024-06-11,09:00,"8,424"
Tuesday,2024-06-11,10:00,"8,481"
Tuesday,2024-06-11,11:00,"8,601"
Tuesday,2024-06-11,12:00,"8,370"
Tuesday,2024-06-11,13:00,"8,502"
Tuesday,2024-06-11,14:00,"8,535"
Tuesday,2024-06-11,15:00,"8,405"
Tuesday,2024-06-11,16:00,"8,557"
Tuesday,2024-06-11,17:00,"8,700"
Tuesday,2024-06-11,18:00,"8,214"
Tuesday,2024-06-11,19:00,"8,011"
Tuesday,2024-06-11,20:00,"7,904"
Tuesday,2024-06-11,21:00,"7,822"
Tuesday,2024-06-11,22:00,"7,589"
Tuesday,2024-06-11,23:00,"7,522"
Wednesday,2024-06-12,00:00,"7,396"
Wednesday,2024-06-12,01:00,"7,216"
Wednesday,2024-06-12,02:00,"7,179"
Wednesday,2024-06-12,03:00,"16,277"
Wednesday,2024-06-12,04:00,"7,290"
Wednesday,2024-06-12,05:00,"7,316"
Wednesday,2024-06-12,06:00,"7,807"
Wednesday,2024-06-12,07:00,"8,223"
Wednesday,2024-06-12,08:00,"8,468"
Wednesday,2024-06-12,09:00,"8,892"
Wednesday,2024-06-12,10:00,"8,779"
Wednesday,2024-06-12,11:00,"8,695"
Wednesday,2024-06-12,12:00,"8,751"
Wednesday,2024-06-12,13:00,"8,277"
Wednesday,2024-06-12,14:00,"4,658"
Wednesday,2024-06-12,15:00,"4,723"
Wednesday,2024-06-12,16:00,"4,568"
Wednesday,2024-06-12,17:00,"4,117"
Wednesday,2024-06-12,18:00,"4,213"
Wednesday,2024-06-12,19:00,"3,638"
Wednesday,2024-06-12,20:00,"3,660"
Wednesday,2024-06-12,21:00,"3,374"
Wednesday,2024-06-12,22:00,"3,127"
Wednesday,2024-06-12,23:00,"3,077"
Thursday,2024-06-13,00:00,"3,145"
Thursday,2024-06-13,01:00,328.04
Thursday,2024-06-13,02:00,318.2
Thursday,2024-06-13,03:00,703.53
Thursday,2024-06-13,04:00,314.61
Thursday,2024-06-13,05:00,323.86
Thursday,2024-06-13,06:00,317.49
Thursday,2024-06-13,07:00,309.58
Thursday,2024-06-13,08:00,528.46
Thursday,2024-06-13,09:00,461.46
Thursday,2024-06-13,10:00,510.69
Thursday,2024-06-13,11:00,667.59
Thursday,2024-06-13,12:00,832.22
Thursday,2024-06-13,13:00,789.16
Thursday,2024-06-13,14:00,"1,490"
Thursday,2024-06-13,15:00,"1,242"
Thursday,2024-06-13,16:00,"3,295"
Thursday,2024-06-13,17:00,"5,174"
Thursday,2024-06-13,18:00,"4,877"
Thursday,2024-06-13,19:00,"4,821"
Thursday,2024-06-13,20:00,"4,668"
Thursday,2024-06-13,21:00,"4,465"
Thursday,2024-06-13,22:00,"3,858"
Thursday,2024-06-13,23:00,"3,907"
Friday,2024-06-14,00:00,"3,823"
Friday,2024-06-14,01:00,"3,555"
Friday,2024-06-14,02:00,"1,405"
Friday,2024-06-14,03:00,774.85
Friday,2024-06-14,04:00,245.29
Friday,2024-06-14,05:00,314.54
Friday,2024-06-14,06:00,"1,058"
Friday,2024-06-14,07:00,"1,616"
Friday,2024-06-14,08:00,"1,202"
Friday,2024-06-14,09:00,"1,703"
Friday,2024-06-14,10:00,"2,156"
Friday,2024-06-14,11:00,"1,886"
Friday,2024-06-14,12:00,"1,567"
Friday,2024-06-14,13:00,629.55
Friday,2024-06-14,14:00,629.95
Friday,2024-06-14,15:00,559.36
Friday,2024-06-14,16:00,"1,279"
Friday,2024-06-14,17:00,800.6
Friday,2024-06-14,18:00,766.02
Friday,2024-06-14,19:00,343.35
Friday,2024-06-14,20:00,327.52
Friday,2024-06-14,21:00,420.56
Friday,2024-06-14,22:00,395.85
Friday,2024-06-14,23:00,435.19
Saturday,2024-06-15,00:00,334.75
Saturday,2024-06-15,01:00,367.04
Saturday,2024-06-15,02:00,342.25
Saturday,2024-06-15,03:00,245.19
Saturday,2024-06-15,04:00,649.29
Saturday,2024-06-15,05:00,316.74
Saturday,2024-06-15,06:00,317.17
Saturday,2024-06-15,07:00,313.18
Saturday,2024-06-15,08:00,375.51
Saturday,2024-06-15,09:00,321.55
Saturday,2024-06-15,10:00,316.76
Saturday,2024-06-15,11:00,314.95
Saturday,2024-06-15,12:00,314.91
Saturday,2024-06-15,13:00,321.68
Saturday,2024-06-15,14:00,319.2
Saturday,2024-06-15,15:00,318.97
Saturday,2024-06-15,16:00,322.44
Saturday,2024-06-15,17:00,317.33
Saturday,2024-06-15,18:00,321.12
Saturday,2024-06-15,19:00,324.29
Saturday,2024-06-15,20:00,326.04
Saturday,2024-06-15,21:00,326.52
Saturday,2024-06-15,22:00,316.95
Saturday,2024-06-15,23:00,321.95
Sunday,2024-06-16,00:00,321.99
Sunday,2024-06-16,01:00,319.51
Sunday,2024-06-16,02:00,234.07
Sunday,2024-06-16,03:00,710.24
Sunday,2024-06-16,04:00,326.16
Sunday,2024-06-16,05:00,323.49
Sunday,2024-06-16,06:00,317.44
Sunday,2024-06-16,07:00,325.35
Sunday,2024-06-16,08:00,315.22
Sunday,2024-06-16,09:00,318.8
Sunday,2024-06-16,10:00,320.12
Sunday,2024-06-16,11:00,322.58
Sunday,2024-06-16,12:00,315.38
Sunday,2024-06-16,13:00,322.42
Sunday,2024-06-16,14:00,324.89
Sunday,2024-06-16,15:00,324.07
Sunday,2024-06-16,16:00,318.38
Sunday,2024-06-16,17:00,318.77
Sunday,2024-06-16,18:00,325.86
Sunday,2024-06-16,19:00,322.62
Sunday,2024-06-16,20:00,315.13
Sunday,2024-06-16,21:00,329.08
Sunday,2024-06-16,22:00,328.76
Sunday,2024-06-16,23:00,323.92
Monday,2024-06-17,00:00,321.24
Monday,2024-06-17,01:00,324.13
Monday,2024-06-17,02:00,320.15
Monday,2024-06-17,03:00,714.28
Monday,2024-06-17,04:00,320.72
Monday,2024-06-17,05:00,323.2
Monday,2024-06-17,06:00,316.7
Monday,2024-06-17,07:00,317.41
Monday,2024-06-17,08:00,552.49
Monday,2024-06-17,09:00,"1,080"
Monday,2024-06-17,10:00,"1,266"
Monday,2024-06-17,11:00,"1,618"
Monday,2024-06-17,12:00,"1,182"
Monday,2024-06-17,13:00,"1,135"
Monday,2024-06-17,14:00,"1,092"
Monday,2024-06-17,15:00,823.69
Monday,2024-06-17,16:00,"1,112"
Monday,2024-06-17,17:00,"1,079"
Monday,2024-06-17,18:00,599.61
Monday,2024-06-17,19:00,399.31
Monday,2024-06-17,20:00,339.31
Monday,2024-06-17,21:00,326.97
Monday,2024-06-17,22:00,336.77
Monday,2024-06-17,23:00,345.13
Tuesday,2024-06-18,00:00,336.59
Tuesday,2024-06-18,01:00,339.59
Tuesday,2024-06-18,02:00,320.68
Tuesday,2024-06-18,03:00,761.23
Tuesday,2024-06-18,04:00,324.37
Tuesday,2024-06-18,05:00,321.93
Tuesday,2024-06-18,06:00,343.61
Tuesday,2024-06-18,07:00,388.45
Tuesday,2024-06-18,08:00,695.82
Tuesday,2024-06-18,09:00,634.47
Tuesday,2024-06-18,10:00,"1,126"
Tuesday,2024-06-18,11:00,"1,531"
Tuesday,2024-06-18,12:00,"2,173"
Tuesday,2024-06-18,13:00,"2,245"
Tuesday,2024-06-18,14:00,"2,380"
Tuesday,2024-06-18,15:00,"2,815"
Tuesday,2024-06-18,16:00,"3,085"
Tuesday,2024-06-18,17:00,"3,031"
Tuesday,2024-06-18,18:00,"2,310"
Tuesday,2024-06-18,19:00,"1,892"
Tuesday,2024-06-18,20:00,"1,690"
Tuesday,2024-06-18,21:00,"1,462"
Tuesday,2024-06-18,22:00,"1,293"
Tuesday,2024-06-18,23:00,"1,196"
Wednesday,2024-06-19,00:00,945.71
Wednesday,2024-06-19,01:00,665.65
Wednesday,2024-06-19,02:00,324.87
Wednesday,2024-06-19,03:00,710.43
Wednesday,2024-06-19,04:00,316.65
Wednesday,2024-06-19,05:00,317.67
Wednesday,2024-06-19,06:00,318.29
Wednesday,2024-06-19,07:00,380.51
Wednesday,2024-06-19,08:00,507.19
Wednesday,2024-06-19,09:00,"1,081"
Wednesday,2024-06-19,10:00,"1,268"
Wednesday,2024-06-19,11:00,"1,445"
Wednesday,2024-06-19,12:00,"2,696"
Wednesday,2024-06-19,13:00,"2,614"
Wednesday,2024-06-19,14:00,"2,408"
Wednesday,2024-06-19,15:00,"2,469"
Wednesday,2024-06-19,16:00,"2,722"
Wednesday,2024-06-19,17:00,"2,482"
Wednesday,2024-06-19,18:00,"2,019"
Wednesday,2024-06-19,19:00,"1,647"
Wednesday,2024-06-19,20:00,"1,274"
Wednesday,2024-06-19,21:00,"1,587"
Wednesday,2024-06-19,22:00,"1,308"
Wednesday,2024-06-19,23:00,795.23
Thursday,2024-06-20,00:00,"1,100"
Thursday,2024-06-20,01:00,"1,121"
Thursday,2024-06-20,02:00,496.31
Thursday,2024-06-20,03:00,"1,637"
Thursday,2024-06-20,04:00,579.99
Thursday,2024-06-20,05:00,386.3
Thursday,2024-06-20,06:00,460.97
Thursday,2024-06-20,07:00,730.53
Thursday,2024-06-20,08:00,"1,786"
Thursday,2024-06-20,09:00,"2,032"
Thursday,2024-06-20,10:00,"2,511"
Thursday,2024-06-20,11:00,"2,950"
Thursday,2024-06-20,12:00,"3,171"
Thursday,2024-06-20,13:00,"3,567"
Thursday,2024-06-20,14:00,"3,153"
Thursday,2024-06-20,15:00,"3,204"
Thursday,2024-06-20,16:00,"3,175"
Thursday,2024-06-20,17:00,"3,181"
Thursday,2024-06-20,18:00,"3,081"
Thursday,2024-06-20,19:00,"2,497"
Thursday,2024-06-20,20:00,"1,946"
Thursday,2024-06-20,21:00,"1,490"
Thursday,2024-06-20,22:00,850.01
Thursday,2024-06-20,23:00,499.11
Friday,2024-06-21,00:00,583.83
Friday,2024-06-21,01:00,435.96
Friday,2024-06-21,02:00,825.96
Friday,2024-06-21,03:00,"1,530"
Friday,2024-06-21,04:00,417.06
Friday,2024-06-21,05:00,323.38
Friday,2024-06-21,06:00,628.41
Friday,2024-06-21,07:00,"1,271"
Friday,2024-06-21,08:00,"2,197"
Friday,2024-06-21,09:00,"2,420"
Friday,2024-06-21,10:00,"1,619"
Friday,2024-06-21,11:00,621.75
Friday,2024-06-21,12:00,610.92
Friday,2024-06-21,13:00,445.62
Friday,2024-06-21,14:00,551.67
Friday,2024-06-21,15:00,361.95
Friday,2024-06-21,16:00,488.81
Friday,2024-06-21,17:00,321.52
Friday,2024-06-21,18:00,325.72
Friday,2024-06-21,19:00,315.36
Friday,2024-06-21,20:00,321.66
Friday,2024-06-21,21:00,325.77
Friday,2024-06-21,22:00,315.16
Friday,2024-06-21,23:00,323
Saturday,2024-06-22,00:00,328.63
Saturday,2024-06-22,01:00,330.11
Saturday,2024-06-22,02:00,329.13
Saturday,2024-06-22,03:00,723.01
Saturday,2024-06-22,04:00,329.65
Saturday,2024-06-22,05:00,319.82
Saturday,2024-06-22,06:00,318.98
Saturday,2024-06-22,07:00,319.93
Saturday,2024-06-22,08:00,321.61
Saturday,2024-06-22,09:00,319.68
Saturday,2024-06-22,10:00,319
Saturday,2024-06-22,11:00,323.41
Saturday,2024-06-22,12:00,323.85
Saturday,2024-06-22,13:00,323.14
Saturday,2024-06-22,14:00,323.52
Saturday,2024-06-22,15:00,319.98
Saturday,2024-06-22,16:00,323.49
Saturday,2024-06-22,17:00,321.88
Saturday,2024-06-22,18:00,324.89
Saturday,2024-06-22,19:00,324.32
Saturday,2024-06-22,20:00,324.39
Saturday,2024-06-22,21:00,316.55
Saturday,2024-06-22,22:00,320.54
Saturday,2024-06-22,23:00,319.1
Sunday,2024-06-23,00:00,312.98
Sunday,2024-06-23,01:00,318.63
Sunday,2024-06-23,02:00,320.82
Sunday,2024-06-23,03:00,731.85
Sunday,2024-06-23,04:00,319.61
Sunday,2024-06-23,05:00,315.23
Sunday,2024-06-23,06:00,315.36
Sunday,2024-06-23,07:00,318.46
Sunday,2024-06-23,08:00,324.33
Sunday,2024-06-23,09:00,328.07
Sunday,2024-06-23,10:00,326.15
Sunday,2024-06-23,11:00,387.04
Sunday,2024-06-23,12:00,762.82
Sunday,2024-06-23,13:00,"2,035"
Sunday,2024-06-23,14:00,"1,912"
Sunday,2024-06-23,15:00,"1,973"
Sunday,2024-06-23,16:00,"1,855"
Sunday,2024-06-23,17:00,"1,922"
Sunday,2024-06-23,18:00,"1,674"
Sunday,2024-06-23,19:00,"1,083"
Sunday,2024-06-23,20:00,"1,418"
Sunday,2024-06-23,21:00,"1,265"
Sunday,2024-06-23,22:00,877.61
Sunday,2024-06-23,23:00,740.8
Monday,2024-06-24,00:00,733.26
Monday,2024-06-24,01:00,426.09
Monday,2024-06-24,02:00,314.79
Monday,2024-06-24,03:00,737.02
Monday,2024-06-24,04:00,332.84
Monday,2024-06-24,05:00,331.39
Monday,2024-06-24,06:00,712.52
Monday,2024-06-24,07:00,682.4
Monday,2024-06-24,08:00,407.57
Monday,2024-06-24,09:00,480.05
Monday,2024-06-24,10:00,432.82
Monday,2024-06-24,11:00,681.15
Monday,2024-06-24,12:00,569.31
Monday,2024-06-24,13:00,584.58
Monday,2024-06-24,14:00,526.82
Monday,2024-06-24,15:00,514.52
Monday,2024-06-24,16:00,616.97
Monday,2024-06-24,17:00,621.94
Monday,2024-06-24,18:00,355.52
Monday,2024-06-24,19:00,312.62
Monday,2024-06-24,20:00,331.61
Monday,2024-06-24,21:00,322.97
Monday,2024-06-24,22:00,328
Monday,2024-06-24,23:00,316.35
Tuesday,2024-06-25,00:00,324.94
Tuesday,2024-06-25,01:00,330.66
Tuesday,2024-06-25,02:00,323.14
Tuesday,2024-06-25,03:00,699.29
Tuesday,2024-06-25,04:00,324.15
Tuesday,2024-06-25,05:00,323.74
Tuesday,2024-06-25,06:00,326.31
Tuesday,2024-06-25,07:00,320.43
Tuesday,2024-06-25,08:00,571.22
Tuesday,2024-06-25,09:00,611.78
Tuesday,2024-06-25,10:00,658.95
Tuesday,2024-06-25,11:00,632.69
Tuesday,2024-06-25,12:00,498.99
Tuesday,2024-06-25,13:00,502.8
Tuesday,2024-06-25,14:00,501.99
Tuesday,2024-06-25,15:00,739.4
Tuesday,2024-06-25,16:00,762.4
Tuesday,2024-06-25,17:00,808.5
Tuesday,2024-06-25,18:00,578.99
Tuesday,2024-06-25,19:00,338.47
Tuesday,2024-06-25,20:00,327.46
Tuesday,2024-06-25,21:00,317.65
Tuesday,2024-06-25,22:00,320.94
Tuesday,2024-06-25,23:00,319.78
Wednesday,2024-06-26,00:00,315.22
Wednesday,2024-06-26,01:00,310.67
Wednesday,2024-06-26,02:00,317.03
Wednesday,2024-06-26,03:00,717.56
Wednesday,2024-06-26,04:00,321.73
Wednesday,2024-06-26,05:00,326.14
Wednesday,2024-06-26,06:00,323.12
Wednesday,2024-06-26,07:00,489.3
Wednesday,2024-06-26,08:00,852.4
Wednesday,2024-06-26,09:00,"1,299"
Wednesday,2024-06-26,10:00,"1,530"
Wednesday,2024-06-26,11:00,"1,804"
Wednesday,2024-06-26,12:00,"1,603"
Wednesday,2024-06-26,13:00,"1,570"
Wednesday,2024-06-26,14:00,"1,444"
Wednesday,2024-06-26,15:00,"1,898"
Wednesday,2024-06-26,16:00,"1,797"
Wednesday,2024-06-26,17:00,"1,706"
Wednesday,2024-06-26,18:00,"1,005"
Wednesday,2024-06-26,19:00,842.8
Wednesday,2024-06-26,20:00,417.72
Wednesday,2024-06-26,21:00,"3,132"
Wednesday,2024-06-26,22:00,700.13
Wednesday,2024-06-26,23:00,337.94
Thursday,2024-06-27,00:00,325.07
Thursday,2024-06-27,01:00,328.47
Thursday,2024-06-27,02:00,360.39
Thursday,2024-06-27,03:00,722.78
Thursday,2024-06-27,04:00,315.67
Thursday,2024-06-27,05:00,322.66
Thursday,2024-06-27,06:00,332.56
Thursday,2024-06-27,07:00,334.32
Thursday,2024-06-27,08:00,369.67
Thursday,2024-06-27,09:00,464.32
Thursday,2024-06-27,10:00,789.25
Thursday,2024-06-27,11:00,618.09
Thursday,2024-06-27,12:00,580.72
Thursday,2024-06-27,13:00,354.93
Thursday,2024-06-27,14:00,962.4
Thursday,2024-06-27,15:00,665.63
Thursday,2024-06-27,16:00,714.06
Thursday,2024-06-27,17:00,595.5
Thursday,2024-06-27,18:00,"4,125"
Thursday,2024-06-27,19:00,"3,606"
Thursday,2024-06-27,20:00,"3,877"
Thursday,2024-06-27,21:00,"3,219"
Thursday,2024-06-27,22:00,"2,980"
Thursday,2024-06-27,23:00,"3,697"
Friday,2024-06-28,00:00,"4,663"
Friday,2024-06-28,01:00,"3,115"
Friday,2024-06-28,02:00,"2,513"
Friday,2024-06-28,03:00,"5,513"
Friday,2024-06-28,04:00,"2,353"
Friday,2024-06-28,05:00,"2,478"
Friday,2024-06-28,06:00,"2,726"
Friday,2024-06-28,07:00,"2,953"
Friday,2024-06-28,08:00,"3,521"
Friday,2024-06-28,09:00,"3,436"
Friday,2024-06-28,10:00,"3,763"
Friday,2024-06-28,11:00,"4,065"
Friday,2024-06-28,12:00,"4,169"
Friday,2024-06-28,13:00,"4,054"
Friday,2024-06-28,14:00,"4,069"
Friday,2024-06-28,15:00,"4,017"
Friday,2024-06-28,16:00,"3,944"
Friday,2024-06-28,17:00,"3,686"
Friday,2024-06-28,18:00,"1,101"
Friday,2024-06-28,19:00,"4,322"
Friday,2024-06-28,20:00,"3,521"
Friday,2024-06-28,21:00,"3,104"
Friday,2024-06-28,22:00,"3,200"
Friday,2024-06-28,23:00,"3,101"
Saturday,2024-06-29,00:00,"3,355"
Saturday,2024-06-29,01:00,"3,003"
Saturday,2024-06-29,02:00,"2,808"
Saturday,2024-06-29,03:00,"6,219"
Saturday,2024-06-29,04:00,"2,785"
Saturday,2024-06-29,05:00,"2,708"
Saturday,2024-06-29,06:00,"2,883"
Saturday,2024-06-29,07:00,"2,950"
Saturday,2024-06-29,08:00,"3,396"
Saturday,2024-06-29,09:00,"3,636"
Saturday,2024-06-29,10:00,"3,317"
Saturday,2024-06-29,11:00,"1,018"
Saturday,2024-06-29,12:00,626.39
Saturday,2024-06-29,13:00,499.57
Saturday,2024-06-29,14:00,608.67
Saturday,2024-06-29,15:00,766.87
Saturday,2024-06-29,16:00,"1,058"
Saturday,2024-06-29,17:00,"1,220"
Saturday,2024-06-29,18:00,506.82
Saturday,2024-06-29,19:00,435.01
Saturday,2024-06-29,20:00,616.2
Saturday,2024-06-29,21:00,789.03
Saturday,2024-06-29,22:00,"1,038"
Saturday,2024-06-29,23:00,"1,464"
Sunday,2024-06-30,00:00,"1,515"
Sunday,2024-06-30,01:00,"1,500"
Sunday,2024-06-30,02:00,"1,221"
Sunday,2024-06-30,03:00,"2,669"
Sunday,2024-06-30,04:00,"1,285"
Sunday,2024-06-30,05:00,"1,317"
Sunday,2024-06-30,06:00,"1,299"
Sunday,2024-06-30,07:00,"2,060"
Sunday,2024-06-30,08:00,"2,222"
Sunday,2024-06-30,09:00,"2,199"
Sunday,2024-06-30,10:00,"2,513"
Sunday,2024-06-30,11:00,"2,531"
Sunday,2024-06-30,12:00,"2,506"
Sunday,2024-06-30,13:00,"2,710"
Sunday,2024-06-30,14:00,"1,607"
Sunday,2024-06-30,15:00,"1,555"
Sunday,2024-06-30,16:00,"1,456"
Sunday,2024-06-30,17:00,"1,847"
Sunday,2024-06-30,18:00,"1,777"
Sunday,2024-06-30,19:00,875.16
Sunday,2024-06-30,20:00,386.66
Sunday,2024-06-30,21:00,329.54
Sunday,2024-06-30,22:00,420.14
Sunday,2024-06-30,23:00,348.13
Monday,2024-07-01,00:00,346.31
Monday,2024-07-01,01:00,321.72
Monday,2024-07-01,02:00,323.86
Monday,2024-07-01,03:00,723.96
Monday,2024-07-01,04:00,319.84
Monday,2024-07-01,05:00,325.22
Monday,2024-07-01,06:00,318.93
Monday,2024-07-01,07:00,319.57
Monday,2024-07-01,08:00,331.72
Monday,2024-07-01,09:00,342.74
Monday,2024-07-01,10:00,516.54
Monday,2024-07-01,11:00,424.37
Monday,2024-07-01,12:00,768.71
Monday,2024-07-01,13:00,501.06
Monday,2024-07-01,14:00,562.49
Monday,2024-07-01,15:00,677
Monday,2024-07-01,16:00,640.9
Monday,2024-07-01,17:00,485.51
Monday,2024-07-01,18:00,334.19
Monday,2024-07-01,19:00,324.45
Monday,2024-07-01,20:00,316.75
Monday,2024-07-01,21:00,322.39
Monday,2024-07-01,22:00,325.16
Monday,2024-07-01,23:00,330.39
Tuesday,2024-07-02,00:00,326.19
Tuesday,2024-07-02,01:00,326.78
Tuesday,2024-07-02,02:00,324.15
Tuesday,2024-07-02,03:00,726.79
Tuesday,2024-07-02,04:00,324.39
Tuesday,2024-07-02,05:00,318.31
Tuesday,2024-07-02,06:00,236.23
Tuesday,2024-07-02,07:00,319.64
Tuesday,2024-07-02,08:00,445.51
Tuesday,2024-07-02,09:00,468.28
Tuesday,2024-07-02,10:00,548.05
Tuesday,2024-07-02,11:00,472.69
Tuesday,2024-07-02,12:00,729.88
Tuesday,2024-07-02,13:00,361.84
Tuesday,2024-07-02,14:00,328.41
Tuesday,2024-07-02,15:00,416.22
Tuesday,2024-07-02,16:00,567.24
Tuesday,2024-07-02,17:00,504.92
Tuesday,2024-07-02,18:00,509.41
Tuesday,2024-07-02,19:00,319.01
Tuesday,2024-07-02,20:00,326.12
Tuesday,2024-07-02,21:00,325.53
Tuesday,2024-07-02,22:00,330.31
Tuesday,2024-07-02,23:00,"1,768"
Wednesday,2024-07-03,00:00,323.09
Wednesday,2024-07-03,01:00,321.81
Wednesday,2024-07-03,02:00,323.06
Wednesday,2024-07-03,03:00,722.15
Wednesday,2024-07-03,04:00,313.84
Wednesday,2024-07-03,05:00,321.95
Wednesday,2024-07-03,06:00,326.9
Wednesday,2024-07-03,07:00,403.49
Wednesday,2024-07-03,08:00,619.32
Wednesday,2024-07-03,09:00,"1,125"
Wednesday,2024-07-03,10:00,358.06
Wednesday,2024-07-03,11:00,436.01
Wednesday,2024-07-03,12:00,724.3
Wednesday,2024-07-03,13:00,335.79
Wednesday,2024-07-03,14:00,455.04
Wednesday,2024-07-03,15:00,605.96
Wednesday,2024-07-03,16:00,577.24
Wednesday,2024-07-03,17:00,330.89
Wednesday,2024-07-03,18:00,351.36
Wednesday,2024-07-03,19:00,346.99
Wednesday,2024-07-03,20:00,324.89
Wednesday,2024-07-03,21:00,321.78
Wednesday,2024-07-03,22:00,320.27
Wednesday,2024-07-03,23:00,331.26
Thursday,2024-07-04,00:00,325.48
Thursday,2024-07-04,01:00,330.74
Thursday,2024-07-04,02:00,329.08
Thursday,2024-07-04,03:00,728.23
Thursday,2024-07-04,04:00,320.46
Thursday,2024-07-04,05:00,315.77
Thursday,2024-07-04,06:00,325.74
Thursday,2024-07-04,07:00,369.44
Thursday,2024-07-04,08:00,322.77
Thursday,2024-07-04,09:00,327.85
Thursday,2024-07-04,10:00,349.33
Thursday,2024-07-04,11:00,542.45
Thursday,2024-07-04,12:00,844.45
Thursday,2024-07-04,13:00,747.67
Thursday,2024-07-04,14:00,"1,295"
Thursday,2024-07-04,15:00,"1,692"
Thursday,2024-07-04,16:00,"1,849"
Thursday,2024-07-04,17:00,"1,948"
Thursday,2024-07-04,18:00,"1,420"
Thursday,2024-07-04,19:00,"1,039"
Thursday,2024-07-04,20:00,"1,093"
Thursday,2024-07-04,21:00,"1,072"
Thursday,2024-07-04,22:00,796.21
Thursday,2024-07-04,23:00,864.15
Friday,2024-07-05,00:00,537.3
Friday,2024-07-05,01:00,352.42
Friday,2024-07-05,02:00,357.92
Friday,2024-07-05,03:00,745.99
Friday,2024-07-05,04:00,353.86
Friday,2024-07-05,05:00,376.55
Friday,2024-07-05,06:00,433.68
Friday,2024-07-05,07:00,751.1
Friday,2024-07-05,08:00,909.49
Friday,2024-07-05,09:00,"1,026"
Friday,2024-07-05,10:00,"1,314"
Friday,2024-07-05,11:00,374.32
Friday,2024-07-05,12:00,748.89
Friday,2024-07-05,13:00,"3,259"
Friday,2024-07-05,14:00,"2,322"
Friday,2024-07-05,15:00,494.98
Friday,2024-07-05,16:00,972.36
Friday,2024-07-05,17:00,"2,619"
Friday,2024-07-05,18:00,"2,162"
Friday,2024-07-05,19:00,"1,602"
Friday,2024-07-05,20:00,"1,745"
Friday,2024-07-05,21:00,"1,518"
Friday,2024-07-05,22:00,851.24
Friday,2024-07-05,23:00,885.37
Saturday,2024-07-06,00:00,887.67
Saturday,2024-07-06,01:00,863.89
Saturday,2024-07-06,02:00,605.47
Saturday,2024-07-06,03:00,"1,847"
Saturday,2024-07-06,04:00,587.68
Saturday,2024-07-06,05:00,403.91
Saturday,2024-07-06,06:00,479.04
Saturday,2024-07-06,07:00,708.63
Saturday,2024-07-06,08:00,"1,396"
Saturday,2024-07-06,09:00,"1,169"
Saturday,2024-07-06,10:00,"1,228"
Saturday,2024-07-06,11:00,"1,241"
Saturday,2024-07-06,12:00,"1,435"
Saturday,2024-07-06,13:00,"1,148"
Saturday,2024-07-06,14:00,"1,374"
Saturday,2024-07-06,15:00,"1,571"
Saturday,2024-07-06,16:00,"2,112"
Saturday,2024-07-06,17:00,"1,636"
Saturday,2024-07-06,18:00,"1,439"
Saturday,2024-07-06,19:00,"1,009"
Saturday,2024-07-06,20:00,"1,039"
Saturday,2024-07-06,21:00,873.17
Saturday,2024-07-06,22:00,934.74
Saturday,2024-07-06,23:00,829.59
Sunday,2024-07-07,00:00,753.71
Sunday,2024-07-07,01:00,782.84
Sunday,2024-07-07,02:00,526.68
Sunday,2024-07-07,03:00,815.29
Sunday,2024-07-07,04:00,389.65
Sunday,2024-07-07,05:00,318.89
Sunday,2024-07-07,06:00,369.79
Sunday,2024-07-07,07:00,392.5
Sunday,2024-07-07,08:00,781.88
Sunday,2024-07-07,09:00,964.99
Sunday,2024-07-07,10:00,"1,091"
Sunday,2024-07-07,11:00,857.19
Sunday,2024-07-07,12:00,827.05
Sunday,2024-07-07,13:00,"1,027"
Sunday,2024-07-07,14:00,"1,084"
Sunday,2024-07-07,15:00,"1,538"
Sunday,2024-07-07,16:00,"2,101"
Sunday,2024-07-07,17:00,"2,022"
Sunday,2024-07-07,18:00,"1,830"
Sunday,2024-07-07,19:00,"2,132"
Sunday,2024-07-07,20:00,"2,931"
Sunday,2024-07-07,21:00,"1,160"
Sunday,2024-07-07,22:00,"1,200"
Sunday,2024-07-07,23:00,682.38
Monday,2024-07-08,00:00,594.02
Monday,2024-07-08,01:00,343.35
Monday,2024-07-08,02:00,508.56
Monday,2024-07-08,03:00,792.34
Monday,2024-07-08,04:00,326.22
Monday,2024-07-08,05:00,323.07
Monday,2024-07-08,06:00,375.53
Monday,2024-07-08,07:00,865
Monday,2024-07-08,08:00,"1,461"
Monday,2024-07-08,09:00,"2,070"
Monday,2024-07-08,10:00,"2,116"
Monday,2024-07-08,11:00,"2,068"
Monday,2024-07-08,12:00,"1,374"
Monday,2024-07-08,13:00,"1,566"
Monday,2024-07-08,14:00,"1,877"
Monday,2024-07-08,15:00,"2,181"
Monday,2024-07-08,16:00,"2,071"
Monday,2024-07-08,17:00,"2,126"
Monday,2024-07-08,18:00,"1,534"
Monday,2024-07-08,19:00,"1,138"
Monday,2024-07-08,20:00,"1,147"
Monday,2024-07-08,21:00,639.42
Monday,2024-07-08,22:00,653.7
Monday,2024-07-08,23:00,"1,026"
Tuesday,2024-07-09,00:00,"1,094"
Tuesday,2024-07-09,01:00,575.36
Tuesday,2024-07-09,02:00,407.22
Tuesday,2024-07-09,03:00,783.89
Tuesday,2024-07-09,04:00,351.52
Tuesday,2024-07-09,05:00,327.08
Tuesday,2024-07-09,06:00,798.91
Tuesday,2024-07-09,07:00,"1,271"
Tuesday,2024-07-09,08:00,"1,921"
Tuesday,2024-07-09,09:00,"2,316"
Tuesday,2024-07-09,10:00,"2,190"
Tuesday,2024-07-09,11:00,"2,106"
Tuesday,2024-07-09,12:00,"2,108"
Tuesday,2024-07-09,13:00,"2,250"
Tuesday,2024-07-09,14:00,"2,089"
Tuesday,2024-07-09,15:00,"2,425"
Tuesday,2024-07-09,16:00,"2,746"
Tuesday,2024-07-09,17:00,"3,221"
Tuesday,2024-07-09,18:00,"2,785"
Tuesday,2024-07-09,19:00,"1,925"
Tuesday,2024-07-09,20:00,"1,831"
Tuesday,2024-07-09,21:00,"1,699"
Tuesday,2024-07-09,22:00,"1,448"
Tuesday,2024-07-09,23:00,"1,485"
Wednesday,2024-07-10,00:00,"1,445"
Wednesday,2024-07-10,01:00,"1,103"
Wednesday,2024-07-10,02:00,967.72
Wednesday,2024-07-10,03:00,"1,995"
Wednesday,2024-07-10,04:00,869.86
Wednesday,2024-07-10,05:00,901.54
Wednesday,2024-07-10,06:00,"1,599"
Wednesday,2024-07-10,07:00,"2,521"
Wednesday,2024-07-10,08:00,"3,015"
Wednesday,2024-07-10,09:00,"3,304"
Wednesday,2024-07-10,10:00,"3,416"
Wednesday,2024-07-10,11:00,"3,289"
Wednesday,2024-07-10,12:00,"3,664"
Wednesday,2024-07-10,13:00,"3,517"
Wednesday,2024-07-10,14:00,"3,591"
Wednesday,2024-07-10,15:00,"3,404"
Wednesday,2024-07-10,16:00,"3,150"
Wednesday,2024-07-10,17:00,"3,132"
Wednesday,2024-07-10,18:00,"2,665"
Wednesday,2024-07-10,19:00,"1,979"
Wednesday,2024-07-10,20:00,"1,219"
Wednesday,2024-07-10,21:00,"1,105"
Wednesday,2024-07-10,22:00,874.65
Wednesday,2024-07-10,23:00,563.57
Thursday,2024-07-11,00:00,477.54
Thursday,2024-07-11,01:00,512.92
Thursday,2024-07-11,02:00,536.88
Thursday,2024-07-11,03:00,"1,402"
Thursday,2024-07-11,04:00,688.82
Thursday,2024-07-11,05:00,842.44
Thursday,2024-07-11,06:00,"1,265"
Thursday,2024-07-11,07:00,"1,372"
Thursday,2024-07-11,08:00,"1,730"
Thursday,2024-07-11,09:00,"2,284"
Thursday,2024-07-11,10:00,"2,987"
Thursday,2024-07-11,11:00,"2,719"
Thursday,2024-07-11,12:00,"2,684"
Thursday,2024-07-11,13:00,"2,698"
Thursday,2024-07-11,14:00,"2,781"
Thursday,2024-07-11,15:00,"2,394"
Thursday,2024-07-11,16:00,"2,522"
Thursday,2024-07-11,17:00,"2,439"
Thursday,2024-07-11,18:00,"1,758"
Thursday,2024-07-11,19:00,"1,626"
Thursday,2024-07-11,20:00,"1,344"
Thursday,2024-07-11,21:00,"1,320"
Thursday,2024-07-11,22:00,"1,087"
Thursday,2024-07-11,23:00,670
Friday,2024-07-12,00:00,343.57
Friday,2024-07-12,01:00,345.56
Friday,2024-07-12,02:00,337.7
Friday,2024-07-12,03:00,720.63
Friday,2024-07-12,04:00,317.88
Friday,2024-07-12,05:00,314.73
Friday,2024-07-12,06:00,321.52
Friday,2024-07-12,07:00,648.15
Friday,2024-07-12,08:00,"1,499"
Friday,2024-07-12,09:00,"1,991"
Friday,2024-07-12,10:00,"4,077"
Friday,2024-07-12,11:00,"2,533"
Friday,2024-07-12,12:00,"2,153"
Friday,2024-07-12,13:00,"1,912"
Friday,2024-07-12,14:00,"2,058"
Friday,2024-07-12,15:00,"2,239"
Friday,2024-07-12,16:00,"2,309"
Friday,2024-07-12,17:00,"2,294"
Friday,2024-07-12,18:00,"2,245"
Friday,2024-07-12,19:00,"1,948"
Friday,2024-07-12,20:00,"1,719"
Friday,2024-07-12,21:00,"1,324"
Friday,2024-07-12,22:00,"1,156"
Friday,2024-07-12,23:00,"1,130"
Saturday,2024-07-13,00:00,"1,002"
Saturday,2024-07-13,01:00,"1,190"
Saturday,2024-07-13,02:00,"1,298"
Saturday,2024-07-13,03:00,"2,073"
Saturday,2024-07-13,04:00,958.77
Saturday,2024-07-13,05:00,792.11
Saturday,2024-07-13,06:00,789.08
Saturday,2024-07-13,07:00,851.48
Saturday,2024-07-13,08:00,"1,127"
Saturday,2024-07-13,09:00,"1,361"
Saturday,2024-07-13,10:00,"1,178"
Saturday,2024-07-13,11:00,939.45
Saturday,2024-07-13,12:00,"1,166"
Saturday,2024-07-13,13:00,"1,241"
Saturday,2024-07-13,14:00,"1,335"
Saturday,2024-07-13,15:00,"1,467"
Saturday,2024-07-13,16:00,"1,586"
Saturday,2024-07-13,17:00,"1,533"
Saturday,2024-07-13,18:00,"1,484"
Saturday,2024-07-13,19:00,"1,196"
Saturday,2024-07-13,20:00,"1,152"
Saturday,2024-07-13,21:00,"1,048"
Saturday,2024-07-13,22:00,759.17
Saturday,2024-07-13,23:00,592.01
Sunday,2024-07-14,00:00,"1,175"
Sunday,2024-07-14,01:00,"1,353"
Sunday,2024-07-14,02:00,326.21
Sunday,2024-07-14,03:00,729.35
Sunday,2024-07-14,04:00,320.32
Sunday,2024-07-14,05:00,316.38
Sunday,2024-07-14,06:00,312.19
Sunday,2024-07-14,07:00,445.24
Sunday,2024-07-14,08:00,987.7
Sunday,2024-07-14,09:00,"1,160"
Sunday,2024-07-14,10:00,841.95
Sunday,2024-07-14,11:00,701.91
Sunday,2024-07-14,12:00,547.95
Sunday,2024-07-14,13:00,560.37
Sunday,2024-07-14,14:00,363.99
Sunday,2024-07-14,15:00,490.63
Sunday,2024-07-14,16:00,"2,411"
Sunday,2024-07-14,17:00,"1,031"
Sunday,2024-07-14,18:00,858.07
Sunday,2024-07-14,19:00,925.59
Sunday,2024-07-14,20:00,427.02
Sunday,2024-07-14,21:00,346.49
Sunday,2024-07-14,22:00,333.79
Sunday,2024-07-14,23:00,334.36
Monday,2024-07-15,00:00,331.98
Monday,2024-07-15,01:00,331.35
Monday,2024-07-15,02:00,346.21
Monday,2024-07-15,03:00,731.93
Monday,2024-07-15,04:00,340.98
Monday,2024-07-15,05:00,325.63
Monday,2024-07-15,06:00,446.06
Monday,2024-07-15,07:00,799.64
Monday,2024-07-15,08:00,"1,390"
Monday,2024-07-15,09:00,"1,897"
Monday,2024-07-15,10:00,"2,203"
Monday,2024-07-15,11:00,"2,668"
Monday,2024-07-15,12:00,"2,808"
Monday,2024-07-15,13:00,"2,782"
Monday,2024-07-15,14:00,"2,933"
Monday,2024-07-15,15:00,"2,973"
Monday,2024-07-15,16:00,"2,901"
Monday,2024-07-15,17:00,"2,430"
Monday,2024-07-15,18:00,"1,904"
Monday,2024-07-15,19:00,"1,612"
Monday,2024-07-15,20:00,"1,592"
Monday,2024-07-15,21:00,"1,664"
Monday,2024-07-15,22:00,"1,786"
Monday,2024-07-15,23:00,"1,774"
Tuesday,2024-07-16,00:00,"3,230"
Tuesday,2024-07-16,01:00,"1,152"
Tuesday,2024-07-16,02:00,"1,200"
Tuesday,2024-07-16,03:00,"2,212"
Tuesday,2024-07-16,04:00,"1,016"
Tuesday,2024-07-16,05:00,945
Tuesday,2024-07-16,06:00,"2,806"
Tuesday,2024-07-16,07:00,"3,071"
Tuesday,2024-07-16,08:00,"1,642"
Tuesday,2024-07-16,09:00,"2,149"
Tuesday,2024-07-16,10:00,"2,202"
Tuesday,2024-07-16,11:00,"2,518"
Tuesday,2024-07-16,12:00,"2,711"
Tuesday,2024-07-16,13:00,"2,455"
Tuesday,2024-07-16,14:00,"2,335"
Tuesday,2024-07-16,15:00,"2,837"
Tuesday,2024-07-16,16:00,"3,158"
Tuesday,2024-07-16,17:00,"3,156"
Tuesday,2024-07-16,18:00,"2,583"
Tuesday,2024-07-16,19:00,"2,364"
Tuesday,2024-07-16,20:00,"1,470"
Tuesday,2024-07-16,21:00,"1,016"
Tuesday,2024-07-16,22:00,884.88
Tuesday,2024-07-16,23:00,815.84
Wednesday,2024-07-17,00:00,725.7
Wednesday,2024-07-17,01:00,872.38
Wednesday,2024-07-17,02:00,692.99
Wednesday,2024-07-17,03:00,962.58
Wednesday,2024-07-17,04:00,396.44
Wednesday,2024-07-17,05:00,336.62
Wednesday,2024-07-17,06:00,776.66
Wednesday,2024-07-17,07:00,"1,406"
Wednesday,2024-07-17,08:00,"2,325"
Wednesday,2024-07-17,09:00,"2,319"
Wednesday,2024-07-17,10:00,"2,415"
Wednesday,2024-07-17,11:00,"2,705"
Wednesday,2024-07-17,12:00,"2,716"
Wednesday,2024-07-17,13:00,"2,459"
Wednesday,2024-07-17,14:00,"2,484"
Wednesday,2024-07-17,15:00,"3,070"
Wednesday,2024-07-17,16:00,"2,867"
Wednesday,2024-07-17,17:00,"2,997"
Wednesday,2024-07-17,18:00,"3,164"
Wednesday,2024-07-17,19:00,"2,270"
Wednesday,2024-07-17,20:00,"1,240"
Wednesday,2024-07-17,21:00,"1,370"
Wednesday,2024-07-17,22:00,"1,313"
Wednesday,2024-07-17,23:00,"1,259"
Thursday,2024-07-18,00:00,"5,376"
Thursday,2024-07-18,01:00,"5,478"
Thursday,2024-07-18,02:00,"4,957"
Thursday,2024-07-18,03:00,"12,218"
Thursday,2024-07-18,04:00,"5,271"
Thursday,2024-07-18,05:00,"4,885"
Thursday,2024-07-18,06:00,"3,989"
Thursday,2024-07-18,07:00,"6,007"
Thursday,2024-07-18,08:00,"6,265"
Thursday,2024-07-18,09:00,"6,568"
Thursday,2024-07-18,10:00,"6,766"
Thursday,2024-07-18,11:00,"6,316"
Thursday,2024-07-18,12:00,"6,447"
Thursday,2024-07-18,13:00,"6,052"
Thursday,2024-07-18,14:00,"2,242"
Thursday,2024-07-18,15:00,"2,063"
Thursday,2024-07-18,16:00,"1,550"
Thursday,2024-07-18,17:00,"1,513"
Thursday,2024-07-18,18:00,"1,015"
Thursday,2024-07-18,19:00,815.29
Thursday,2024-07-18,20:00,410.01
Thursday,2024-07-18,21:00,507.59
Thursday,2024-07-18,22:00,364.17
Thursday,2024-07-18,23:00,325.63
Friday,2024-07-19,00:00,248.25
Friday,2024-07-19,01:00,244.9
Friday,2024-07-19,02:00,326.53
Friday,2024-07-19,03:00,215.27
Friday,2024-07-19,04:00,0
Friday,2024-07-19,05:00,0
Friday,2024-07-19,06:00,0
Friday,2024-07-19,07:00,0
Friday,2024-07-19,08:00,0
Friday,2024-07-19,09:00,0
Friday,2024-07-19,10:00,0
Friday,2024-07-19,11:00,0
Friday,2024-07-19,12:00,0
Friday,2024-07-19,13:00,0
Friday,2024-07-19,14:00,0
Friday,2024-07-19,15:00,0
Friday,2024-07-19,16:00,0
Friday,2024-07-19,17:00,0
Friday,2024-07-19,18:00,0
Friday,2024-07-19,19:00,0
Friday,2024-07-19,20:00,0
Friday,2024-07-19,21:00,0
Friday,2024-07-19,22:00,0
Friday,2024-07-19,23:00,0
Saturday,2024-07-20,00:00,0
Saturday,2024-07-20,01:00,0
Saturday,2024-07-20,02:00,0
Saturday,2024-07-20,03:00,0
Saturday,2024-07-20,04:00,0
Saturday,2024-07-20,05:00,0
Saturday,2024-07-20,06:00,0
Saturday,2024-07-20,07:00,0
Saturday,2024-07-20,08:00,0
Saturday,2024-07-20,09:00,0
Saturday,2024-07-20,10:00,0
Saturday,2024-07-20,11:00,0
Saturday,2024-07-20,12:00,0
Saturday,2024-07-20,13:00,0
Saturday,2024-07-20,14:00,0
Saturday,2024-07-20,15:00,0
Saturday,2024-07-20,16:00,0
Saturday,2024-07-20,17:00,0
Saturday,2024-07-20,18:00,0
Saturday,2024-07-20,19:00,0
Saturday,2024-07-20,20:00,0
Saturday,2024-07-20,21:00,0
Saturday,2024-07-20,22:00,0
Saturday,2024-07-20,23:00,0
Sunday,2024-07-21,00:00,0
Sunday,2024-07-21,01:00,0
Sunday,2024-07-21,02:00,0
Sunday,2024-07-21,03:00,0
Sunday,2024-07-21,04:00,0
Sunday,2024-07-21,05:00,0
Sunday,2024-07-21,06:00,0
Sunday,2024-07-21,07:00,0
Sunday,2024-07-21,08:00,0
Sunday,2024-07-21,09:00,0
Sunday,2024-07-21,10:00,0
Sunday,2024-07-21,11:00,0
Sunday,2024-07-21,12:00,0
Sunday,2024-07-21,13:00,0
Sunday,2024-07-21,14:00,0
Sunday,2024-07-21,15:00,0
Sunday,2024-07-21,16:00,0
Sunday,2024-07-21,17:00,0
Sunday,2024-07-21,18:00,0
Sunday,2024-07-21,19:00,0
Sunday,2024-07-21,20:00,0
Sunday,2024-07-21,21:00,0
Sunday,2024-07-21,22:00,0
Sunday,2024-07-21,23:00,0
Monday,2024-07-22,00:00,0
Monday,2024-07-22,01:00,0
Monday,2024-07-22,02:00,0
Monday,2024-07-22,03:00,0
Monday,2024-07-22,04:00,0
Monday,2024-07-22,05:00,0
Monday,2024-07-22,06:00,0
Monday,2024-07-22,07:00,0
Monday,2024-07-22,08:00,0
Monday,2024-07-22,09:00,0
Monday,2024-07-22,10:00,0
Monday,2024-07-22,11:00,0
Monday,2024-07-22,12:00,0
Monday,2024-07-22,13:00,0
Monday,2024-07-22,14:00,0
Monday,2024-07-22,15:00,0
Monday,2024-07-22,16:00,0
Monday,2024-07-22,17:00,0
Monday,2024-07-22,18:00,0
Monday,2024-07-22,19:00,0
Monday,2024-07-22,20:00,0
Monday,2024-07-22,21:00,0
Monday,2024-07-22,22:00,0
Monday,2024-07-22,23:00,0
Tuesday,2024-07-23,00:00,0
Tuesday,2024-07-23,01:00,0
Tuesday,2024-07-23,02:00,0
Tuesday,2024-07-23,03:00,0
Tuesday,2024-07-23,04:00,0
Tuesday,2024-07-23,05:00,0
Tuesday,2024-07-23,06:00,0
Tuesday,2024-07-23,07:00,0
Tuesday,2024-07-23,08:00,0
Tuesday,2024-07-23,09:00,0
Tuesday,2024-07-23,10:00,223.28
Tuesday,2024-07-23,11:00,"1,189"
Tuesday,2024-07-23,12:00,"1,266"
Tuesday,2024-07-23,13:00,922.42
Tuesday,2024-07-23,14:00,799.18
Tuesday,2024-07-23,15:00,774.77
Tuesday,2024-07-23,16:00,"1,084"
Tuesday,2024-07-23,17:00,570.51
Tuesday,2024-07-23,18:00,312.86
Tuesday,2024-07-23,19:00,315.2
Tuesday,2024-07-23,20:00,405.31
Tuesday,2024-07-23,21:00,327.49
Tuesday,2024-07-23,22:00,322.27
Tuesday,2024-07-23,23:00,320.25
Wednesday,2024-07-24,00:00,322.66
Wednesday,2024-07-24,01:00,316.31
Wednesday,2024-07-24,02:00,322.76
Wednesday,2024-07-24,03:00,741.48
Wednesday,2024-07-24,04:00,321.96
Wednesday,2024-07-24,05:00,317.9
Wednesday,2024-07-24,06:00,333.49
Wednesday,2024-07-24,07:00,546.29
Wednesday,2024-07-24,08:00,542.83
Wednesday,2024-07-24,09:00,819.05
Wednesday,2024-07-24,10:00,610.17
Wednesday,2024-07-24,11:00,776.66
Wednesday,2024-07-24,12:00,571.14
Wednesday,2024-07-24,13:00,338.25
Wednesday,2024-07-24,14:00,411.96
Wednesday,2024-07-24,15:00,451.96
Wednesday,2024-07-24,16:00,609.67
Wednesday,2024-07-24,17:00,334.75
Wednesday,2024-07-24,18:00,320.6
Wednesday,2024-07-24,19:00,323.74
Wednesday,2024-07-24,20:00,327.47
Wednesday,2024-07-24,21:00,329.34
Wednesday,2024-07-24,22:00,326.34
Wednesday,2024-07-24,23:00,320.58
Thursday,2024-07-25,00:00,321.45
Thursday,2024-07-25,01:00,320.76
Thursday,2024-07-25,02:00,326.66
Thursday,2024-07-25,03:00,727.7
Thursday,2024-07-25,04:00,321.14
Thursday,2024-07-25,05:00,320.6
Thursday,2024-07-25,06:00,317.72
Thursday,2024-07-25,07:00,413.31
Thursday,2024-07-25,08:00,675.07
Thursday,2024-07-25,09:00,999.83
Thursday,2024-07-25,10:00,"1,050"
Thursday,2024-07-25,11:00,"1,478"
Thursday,2024-07-25,12:00,"1,692"
Thursday,2024-07-25,13:00,"1,596"
Thursday,2024-07-25,14:00,"1,464"
Thursday,2024-07-25,15:00,"1,748"
Thursday,2024-07-25,16:00,"1,656"
Thursday,2024-07-25,17:00,"1,214"
Thursday,2024-07-25,18:00,600.41
Thursday,2024-07-25,19:00,383.42
Thursday,2024-07-25,20:00,314.45
Thursday,2024-07-25,21:00,321.56
Thursday,2024-07-25,22:00,318.06
Thursday,2024-07-25,23:00,323.34
Friday,2024-07-26,00:00,315.87
Friday,2024-07-26,01:00,320.58
Friday,2024-07-26,02:00,325.18
Friday,2024-07-26,03:00,730.48
Friday,2024-07-26,04:00,322.19
Friday,2024-07-26,05:00,321.31
Friday,2024-07-26,06:00,322.3
Friday,2024-07-26,07:00,360.67
Friday,2024-07-26,08:00,369.21
Friday,2024-07-26,09:00,346.59
Friday,2024-07-26,10:00,475.93
Friday,2024-07-26,11:00,735.36
Friday,2024-07-26,12:00,962.18
Friday,2024-07-26,13:00,634.58
Friday,2024-07-26,14:00,578.09
Friday,2024-07-26,15:00,986.31
Friday,2024-07-26,16:00,902.16
Friday,2024-07-26,17:00,725.73
Friday,2024-07-26,18:00,465.62
Friday,2024-07-26,19:00,334.2
Friday,2024-07-26,20:00,329.18
Friday,2024-07-26,21:00,325.3
Friday,2024-07-26,22:00,328.77
Friday,2024-07-26,23:00,337.95
Saturday,2024-07-27,00:00,323.86
Saturday,2024-07-27,01:00,331.02
Saturday,2024-07-27,02:00,319.74
Saturday,2024-07-27,03:00,720.93
Saturday,2024-07-27,04:00,322.12
Saturday,2024-07-27,05:00,309.58
Saturday,2024-07-27,06:00,315.48
Saturday,2024-07-27,07:00,318.49
Saturday,2024-07-27,08:00,"3,046"
Saturday,2024-07-27,09:00,"4,287"
Saturday,2024-07-27,10:00,"4,346"
Saturday,2024-07-27,11:00,"4,393"
Saturday,2024-07-27,12:00,"4,200"
Saturday,2024-07-27,13:00,"4,222"
Saturday,2024-07-27,14:00,"4,218"
Saturday,2024-07-27,15:00,"4,159"
Saturday,2024-07-27,16:00,"4,550"
Saturday,2024-07-27,17:00,"1,865"
Saturday,2024-07-27,18:00,448.49
Saturday,2024-07-27,19:00,324
Saturday,2024-07-27,20:00,320.32
Saturday,2024-07-27,21:00,329.15
Saturday,2024-07-27,22:00,321.13
Saturday,2024-07-27,23:00,323.81
Sunday,2024-07-28,00:00,310.45
Sunday,2024-07-28,01:00,321.01
Sunday,2024-07-28,02:00,313.92
Sunday,2024-07-28,03:00,724.62
Sunday,2024-07-28,04:00,320.88
Sunday,2024-07-28,05:00,316.67
Sunday,2024-07-28,06:00,311.16
Sunday,2024-07-28,07:00,334.59
Sunday,2024-07-28,08:00,341.06
Sunday,2024-07-28,09:00,442.67
Sunday,2024-07-28,10:00,708.5
Sunday,2024-07-28,11:00,742.57
Sunday,2024-07-28,12:00,693.68
Sunday,2024-07-28,13:00,549.61
Sunday,2024-07-28,14:00,421.76
Sunday,2024-07-28,15:00,319.81
Sunday,2024-07-28,16:00,322.36
Sunday,2024-07-28,17:00,316.51
Sunday,2024-07-28,18:00,327.36
Sunday,2024-07-28,19:00,315.3
Sunday,2024-07-28,20:00,329.31
Sunday,2024-07-28,21:00,369.74
Sunday,2024-07-28,22:00,353.07
Sunday,2024-07-28,23:00,391.44
Monday,2024-07-29,00:00,433.24
Monday,2024-07-29,01:00,330.63
Monday,2024-07-29,02:00,452.64
Monday,2024-07-29,03:00,784.98
Monday,2024-07-29,04:00,357.52
Monday,2024-07-29,05:00,334.5
Monday,2024-07-29,06:00,380.45
Monday,2024-07-29,07:00,446.29
Monday,2024-07-29,08:00,607.2
Monday,2024-07-29,09:00,562.66
Monday,2024-07-29,10:00,710.28
Monday,2024-07-29,11:00,779.84
Monday,2024-07-29,12:00,624.76
Monday,2024-07-29,13:00,714.06
Monday,2024-07-29,14:00,671.25
Monday,2024-07-29,15:00,611.57
Monday,2024-07-29,16:00,653.31
Monday,2024-07-29,17:00,750.16
Monday,2024-07-29,18:00,639.07
Monday,2024-07-29,19:00,391.03
Monday,2024-07-29,20:00,319.83
Monday,2024-07-29,21:00,325.45
Monday,2024-07-29,22:00,318.11
Monday,2024-07-29,23:00,320.54
Tuesday,2024-07-30,00:00,326.64
Tuesday,2024-07-30,01:00,326.18
Tuesday,2024-07-30,02:00,319.51
Tuesday,2024-07-30,03:00,"1,368"
Tuesday,2024-07-30,04:00,643.34
Tuesday,2024-07-30,05:00,838.08
Tuesday,2024-07-30,06:00,"1,000"
Tuesday,2024-07-30,07:00,"1,404"
Tuesday,2024-07-30,08:00,"1,613"
Tuesday,2024-07-30,09:00,"2,282"
Tuesday,2024-07-30,10:00,"2,369"
Tuesday,2024-07-30,11:00,"2,485"
Tuesday,2024-07-30,12:00,"2,204"
Tuesday,2024-07-30,13:00,"2,517"
Tuesday,2024-07-30,14:00,"2,346"
Tuesday,2024-07-30,15:00,"2,616"
Tuesday,2024-07-30,16:00,"2,581"
Tuesday,2024-07-30,17:00,"2,150"
Tuesday,2024-07-30,18:00,"1,763"
Tuesday,2024-07-30,19:00,"1,549"
Tuesday,2024-07-30,20:00,"1,209"
Tuesday,2024-07-30,21:00,810.15
Tuesday,2024-07-30,22:00,682.98
Tuesday,2024-07-30,23:00,604.4
Wednesday,2024-07-31,00:00,743.67
Wednesday,2024-07-31,01:00,424.8
Wednesday,2024-07-31,02:00,562.76
Wednesday,2024-07-31,03:00,"1,240"
Wednesday,2024-07-31,04:00,620.65
Wednesday,2024-07-31,05:00,820.39
Wednesday,2024-07-31,06:00,"1,098"
Wednesday,2024-07-31,07:00,"1,269"
Wednesday,2024-07-31,08:00,"1,759"
Wednesday,2024-07-31,09:00,"2,170"
Wednesday,2024-07-31,10:00,"2,432"
Wednesday,2024-07-31,11:00,"2,168"
Wednesday,2024-07-31,12:00,"2,253"
Wednesday,2024-07-31,13:00,"2,528"
Wednesday,2024-07-31,14:00,"2,517"
Wednesday,2024-07-31,15:00,"2,513"
Wednesday,2024-07-31,16:00,"2,342"
Wednesday,2024-07-31,17:00,"2,336"
Wednesday,2024-07-31,18:00,"1,957"
Wednesday,2024-07-31,19:00,"1,535"
Wednesday,2024-07-31,20:00,"1,401"
Wednesday,2024-07-31,21:00,"1,474"
Wednesday,2024-07-31,22:00,"1,352"
Wednesday,2024-07-31,23:00,"1,309"
Thursday,2024-08-01,00:00,"1,316"
Thursday,2024-08-01,01:00,"1,249"
Thursday,2024-08-01,02:00,987.42
Thursday,2024-08-01,03:00,"2,022"
Thursday,2024-08-01,04:00,906.59
Thursday,2024-08-01,05:00,965.26
Thursday,2024-08-01,06:00,"1,252"
Thursday,2024-08-01,07:00,"1,671"
Thursday,2024-08-01,08:00,"2,001"
Thursday,2024-08-01,09:00,"2,291"
Thursday,2024-08-01,10:00,"2,381"
Thursday,2024-08-01,11:00,"2,334"
Thursday,2024-08-01,12:00,"2,534"
Thursday,2024-08-01,13:00,"1,773"
Thursday,2024-08-01,14:00,"1,550"
Thursday,2024-08-01,15:00,"2,303"
Thursday,2024-08-01,16:00,"2,282"
Thursday,2024-08-01,17:00,"2,426"
Thursday,2024-08-01,18:00,"1,832"
Thursday,2024-08-01,19:00,"1,698"
Thursday,2024-08-01,20:00,"1,350"
Thursday,2024-08-01,21:00,"1,119"
Thursday,2024-08-01,22:00,918.09
Thursday,2024-08-01,23:00,574.47
Friday,2024-08-02,00:00,425.11
Friday,2024-08-02,01:00,341.15
Friday,2024-08-02,02:00,326.4
Friday,2024-08-02,03:00,726.82
Friday,2024-08-02,04:00,323.91
Friday,2024-08-02,05:00,326.03
Friday,2024-08-02,06:00,330.51
Friday,2024-08-02,07:00,823.73
Friday,2024-08-02,08:00,"1,702"
Friday,2024-08-02,09:00,"2,115"
Friday,2024-08-02,10:00,"2,224"
Friday,2024-08-02,11:00,"2,327"
Friday,2024-08-02,12:00,"2,294"
Friday,2024-08-02,13:00,"2,201"
Friday,2024-08-02,14:00,"2,338"
Friday,2024-08-02,15:00,"2,434"
Friday,2024-08-02,16:00,"2,825"
Friday,2024-08-02,17:00,"2,824"
Friday,2024-08-02,18:00,"2,145"
Friday,2024-08-02,19:00,"1,617"
Friday,2024-08-02,20:00,"1,346"
Friday,2024-08-02,21:00,"1,299"
Friday,2024-08-02,22:00,"1,082"
Friday,2024-08-02,23:00,954.85
Saturday,2024-08-03,00:00,768.71
Saturday,2024-08-03,01:00,957.92
Saturday,2024-08-03,02:00,"1,244"
Saturday,2024-08-03,03:00,"2,966"
Saturday,2024-08-03,04:00,"1,060"
Saturday,2024-08-03,05:00,"1,000"
Saturday,2024-08-03,06:00,"1,231"
Saturday,2024-08-03,07:00,"1,531"
Saturday,2024-08-03,08:00,"1,729"
Saturday,2024-08-03,09:00,"2,242"
Saturday,2024-08-03,10:00,"2,116"
Saturday,2024-08-03,11:00,"1,838"
Saturday,2024-08-03,12:00,"1,903"
Saturday,2024-08-03,13:00,"1,808"
Saturday,2024-08-03,14:00,"1,966"
Saturday,2024-08-03,15:00,"2,098"
Saturday,2024-08-03,16:00,"2,273"
Saturday,2024-08-03,17:00,"2,279"
Saturday,2024-08-03,18:00,"2,009"
Saturday,2024-08-03,19:00,"1,868"
Saturday,2024-08-03,20:00,"1,625"
Saturday,2024-08-03,21:00,"1,332"
Saturday,2024-08-03,22:00,"1,237"
Saturday,2024-08-03,23:00,"1,061"
Sunday,2024-08-04,00:00,"1,062"
Sunday,2024-08-04,01:00,"1,080"
Sunday,2024-08-04,02:00,949.7
Sunday,2024-08-04,03:00,"1,844"
Sunday,2024-08-04,04:00,783.3
Sunday,2024-08-04,05:00,607.43
Sunday,2024-08-04,06:00,595.3
Sunday,2024-08-04,07:00,758.87
Sunday,2024-08-04,08:00,"1,069"
Sunday,2024-08-04,09:00,"1,227"
Sunday,2024-08-04,10:00,"1,408"
Sunday,2024-08-04,11:00,"1,560"
Sunday,2024-08-04,12:00,"1,449"
Sunday,2024-08-04,13:00,"1,562"
Sunday,2024-08-04,14:00,922.19
Sunday,2024-08-04,15:00,348.91
Sunday,2024-08-04,16:00,432.56
Sunday,2024-08-04,17:00,532.64
Sunday,2024-08-04,18:00,382.83
Sunday,2024-08-04,19:00,378.21
Sunday,2024-08-04,20:00,329.28
Sunday,2024-08-04,21:00,353.44
Sunday,2024-08-04,22:00,354.84
Sunday,2024-08-04,23:00,416.07
Monday,2024-08-05,00:00,380.68
Monday,2024-08-05,01:00,353.7
Monday,2024-08-05,02:00,330.94
Monday,2024-08-05,03:00,726.44
Monday,2024-08-05,04:00,317.35
Monday,2024-08-05,05:00,317.73
Monday,2024-08-05,06:00,352.16
Monday,2024-08-05,07:00,922.95
Monday,2024-08-05,08:00,"1,734"
Monday,2024-08-05,09:00,"2,048"
Monday,2024-08-05,10:00,"1,875"
Monday,2024-08-05,11:00,"2,156"
Monday,2024-08-05,12:00,"2,015"
Monday,2024-08-05,13:00,"1,959"
Monday,2024-08-05,14:00,"1,976"
Monday,2024-08-05,15:00,"2,072"
Monday,2024-08-05,16:00,"2,018"
Monday,2024-08-05,17:00,"1,676"
Monday,2024-08-05,18:00,"1,358"
Monday,2024-08-05,19:00,805.43
Monday,2024-08-05,20:00,789.39
Monday,2024-08-05,21:00,622
Monday,2024-08-05,22:00,572.09
Monday,2024-08-05,23:00,440.75
Tuesday,2024-08-06,00:00,379.15
Tuesday,2024-08-06,01:00,334.73
Tuesday,2024-08-06,02:00,327.24
Tuesday,2024-08-06,03:00,"1,037"
Tuesday,2024-08-06,04:00,350.27
Tuesday,2024-08-06,05:00,329.64
Tuesday,2024-08-06,06:00,499.3
Tuesday,2024-08-06,07:00,325.64
Tuesday,2024-08-06,08:00,407.15
Tuesday,2024-08-06,09:00,325.75
Tuesday,2024-08-06,10:00,399.58
Tuesday,2024-08-06,11:00,331.06
Tuesday,2024-08-06,12:00,320.9
Tuesday,2024-08-06,13:00,225.5
Tuesday,2024-08-06,14:00,0
Tuesday,2024-08-06,15:00,0
Tuesday,2024-08-06,16:00,0
Tuesday,2024-08-06,17:00,0
Tuesday,2024-08-06,18:00,0
Tuesday,2024-08-06,19:00,0
Tuesday,2024-08-06,20:00,0
Tuesday,2024-08-06,21:00,0
Tuesday,2024-08-06,22:00,0
Tuesday,2024-08-06,23:00,0
Wednesday,2024-08-07,00:00,0
Wednesday,2024-08-07,01:00,0
Wednesday,2024-08-07,02:00,0
Wednesday,2024-08-07,03:00,0
Wednesday,2024-08-07,04:00,0
Wednesday,2024-08-07,05:00,0
Wednesday,2024-08-07,06:00,0
Wednesday,2024-08-07,07:00,0
Wednesday,2024-08-07,08:00,0
Wednesday,2024-08-07,09:00,0
Wednesday,2024-08-07,10:00,254.44
Wednesday,2024-08-07,11:00,368.11
Wednesday,2024-08-07,12:00,504.35
Wednesday,2024-08-07,13:00,359.45
Wednesday,2024-08-07,14:00,313.23
Wednesday,2024-08-07,15:00,322.06
Wednesday,2024-08-07,16:00,317.5
Wednesday,2024-08-07,17:00,322.87
Wednesday,2024-08-07,18:00,319.76
Wednesday,2024-08-07,19:00,325.95
Wednesday,2024-08-07,20:00,326.27
Wednesday,2024-08-07,21:00,327.89
Wednesday,2024-08-07,22:00,334.41
Wednesday,2024-08-07,23:00,332.42
Thursday,2024-08-08,00:00,331.43
Thursday,2024-08-08,01:00,332
Thursday,2024-08-08,02:00,324.43
Thursday,2024-08-08,03:00,736.31
Thursday,2024-08-08,04:00,324
Thursday,2024-08-08,05:00,322.27
Thursday,2024-08-08,06:00,317.5
Thursday,2024-08-08,07:00,323.31
Thursday,2024-08-08,08:00,494.16
Thursday,2024-08-08,09:00,318.21
Thursday,2024-08-08,10:00,326.45
Thursday,2024-08-08,11:00,380.33
Thursday,2024-08-08,12:00,353.94
Thursday,2024-08-08,13:00,321.54
Thursday,2024-08-08,14:00,346.92
Thursday,2024-08-08,15:00,316.13
Thursday,2024-08-08,16:00,322.99
Thursday,2024-08-08,17:00,322.3
Thursday,2024-08-08,18:00,321.24
Thursday,2024-08-08,19:00,318.51
Thursday,2024-08-08,20:00,324.22
Thursday,2024-08-08,21:00,327.89
Thursday,2024-08-08,22:00,331.93
Thursday,2024-08-08,23:00,337.37
Friday,2024-08-09,00:00,335.56
Friday,2024-08-09,01:00,338.12
Friday,2024-08-09,02:00,331.02
Friday,2024-08-09,03:00,717.09
Friday,2024-08-09,04:00,319.38
Friday,2024-08-09,05:00,319.98
Friday,2024-08-09,06:00,319.98
Friday,2024-08-09,07:00,334.05
Friday,2024-08-09,08:00,375.73
Friday,2024-08-09,09:00,332.82
Friday,2024-08-09,10:00,693.4
Friday,2024-08-09,11:00,"1,357"
Friday,2024-08-09,12:00,"2,109"
Friday,2024-08-09,13:00,"2,540"
Friday,2024-08-09,14:00,"2,331"
Friday,2024-08-09,15:00,"2,352"
Friday,2024-08-09,16:00,"2,659"
Friday,2024-08-09,17:00,"2,319"
Friday,2024-08-09,18:00,"2,194"
Friday,2024-08-09,19:00,"1,768"
Friday,2024-08-09,20:00,"1,793"
Friday,2024-08-09,21:00,"1,787"
Friday,2024-08-09,22:00,"1,671"
Friday,2024-08-09,23:00,"1,480"
Saturday,2024-08-10,00:00,"1,371"
Saturday,2024-08-10,01:00,"1,473"
Saturday,2024-08-10,02:00,"1,783"
Saturday,2024-08-10,03:00,"2,662"
Saturday,2024-08-10,04:00,964.7
Saturday,2024-08-10,05:00,"1,013"
Saturday,2024-08-10,06:00,949.52
Saturday,2024-08-10,07:00,992.54
Saturday,2024-08-10,08:00,"1,485"
Saturday,2024-08-10,09:00,"1,783"
Saturday,2024-08-10,10:00,"1,690"
Saturday,2024-08-10,11:00,"1,593"
Saturday,2024-08-10,12:00,"1,319"
Saturday,2024-08-10,13:00,"1,315"
Saturday,2024-08-10,14:00,"1,398"
Saturday,2024-08-10,15:00,"1,017"
Saturday,2024-08-10,16:00,538.95
Saturday,2024-08-10,17:00,343.62
Saturday,2024-08-10,18:00,339.66
Saturday,2024-08-10,19:00,329.98
Saturday,2024-08-10,20:00,322.04
Saturday,2024-08-10,21:00,319.54
Saturday,2024-08-10,22:00,323.9
Saturday,2024-08-10,23:00,323.3
Sunday,2024-08-11,00:00,331.97
Sunday,2024-08-11,01:00,330.94
Sunday,2024-08-11,02:00,319.85
Sunday,2024-08-11,03:00,726.12
Sunday,2024-08-11,04:00,318.67
Sunday,2024-08-11,05:00,318.55
Sunday,2024-08-11,06:00,318.96
Sunday,2024-08-11,07:00,321.26
Sunday,2024-08-11,08:00,314.01
Sunday,2024-08-11,09:00,321.88
Sunday,2024-08-11,10:00,316.36
Sunday,2024-08-11,11:00,338.68
Sunday,2024-08-11,12:00,347.58
Sunday,2024-08-11,13:00,365.12
Sunday,2024-08-11,14:00,337.68
Sunday,2024-08-11,15:00,333.87
Sunday,2024-08-11,16:00,371.37
Sunday,2024-08-11,17:00,341.99
Sunday,2024-08-11,18:00,319.28
Sunday,2024-08-11,19:00,317.19
Sunday,2024-08-11,20:00,321.33
Sunday,2024-08-11,21:00,334.72
Sunday,2024-08-11,22:00,341.53
Sunday,2024-08-11,23:00,327.23
Monday,2024-08-12,00:00,326.74
Monday,2024-08-12,01:00,330.41
Monday,2024-08-12,02:00,331.96
Monday,2024-08-12,03:00,718.42
Monday,2024-08-12,04:00,321.84
Monday,2024-08-12,05:00,320.59
Monday,2024-08-12,06:00,320
Monday,2024-08-12,07:00,325.88
Monday,2024-08-12,08:00,335.69
Monday,2024-08-12,09:00,328.57
Monday,2024-08-12,10:00,325.65
Monday,2024-08-12,11:00,407.54
Monday,2024-08-12,12:00,404.5
Monday,2024-08-12,13:00,351.52
Monday,2024-08-12,14:00,330.67
Monday,2024-08-12,15:00,317.16
Monday,2024-08-12,16:00,334.29
Monday,2024-08-12,17:00,382.98
Monday,2024-08-12,18:00,316.12
Monday,2024-08-12,19:00,323.88
Monday,2024-08-12,20:00,323.65
Monday,2024-08-12,21:00,325.88
Monday,2024-08-12,22:00,331.1
Monday,2024-08-12,23:00,333.37
Tuesday,2024-08-13,00:00,331.12
Tuesday,2024-08-13,01:00,328.39
Tuesday,2024-08-13,02:00,322.63
Tuesday,2024-08-13,03:00,692.3
Tuesday,2024-08-13,04:00,320.49
Tuesday,2024-08-13,05:00,319.13
Tuesday,2024-08-13,06:00,324.03
Tuesday,2024-08-13,07:00,321.75
Tuesday,2024-08-13,08:00,342.29
Tuesday,2024-08-13,09:00,369.2
Tuesday,2024-08-13,10:00,439.09
Tuesday,2024-08-13,11:00,552.3
Tuesday,2024-08-13,12:00,375.61
Tuesday,2024-08-13,13:00,460.32
Tuesday,2024-08-13,14:00,518.72
Tuesday,2024-08-13,15:00,534.81
Tuesday,2024-08-13,16:00,843.25
Tuesday,2024-08-13,17:00,524.63
Tuesday,2024-08-13,18:00,322.1
Tuesday,2024-08-13,19:00,349.09
Tuesday,2024-08-13,20:00,347.3
Tuesday,2024-08-13,21:00,341.89
Tuesday,2024-08-13,22:00,331.1
Tuesday,2024-08-13,23:00,322.75
Wednesday,2024-08-14,00:00,327.08
Wednesday,2024-08-14,01:00,326.33
Wednesday,2024-08-14,02:00,332.96
Wednesday,2024-08-14,03:00,737.35
Wednesday,2024-08-14,04:00,324.39
Wednesday,2024-08-14,05:00,320.71
Wednesday,2024-08-14,06:00,328.37
Wednesday,2024-08-14,07:00,200.34
Wednesday,2024-08-14,08:00,43.86
Wednesday,2024-08-14,09:00,0
Wednesday,2024-08-14,10:00,0
Wednesday,2024-08-14,11:00,0
Wednesday,2024-08-14,12:00,0
Wednesday,2024-08-14,13:00,0
Wednesday,2024-08-14,14:00,0
Wednesday,2024-08-14,15:00,0
Wednesday,2024-08-14,16:00,0
Wednesday,2024-08-14,17:00,242.32
Wednesday,2024-08-14,18:00,316.78
Wednesday,2024-08-14,19:00,450.96
Wednesday,2024-08-14,20:00,338.47
Wednesday,2024-08-14,21:00,339.17
Wednesday,2024-08-14,22:00,321.05
Wednesday,2024-08-14,23:00,318.69
Thursday,2024-08-15,00:00,313.31
Thursday,2024-08-15,01:00,323.58
Thursday,2024-08-15,02:00,316.79
Thursday,2024-08-15,03:00,727.62
Thursday,2024-08-15,04:00,325.32
Thursday,2024-08-15,05:00,326.17
Thursday,2024-08-15,06:00,315.04
Thursday,2024-08-15,07:00,309.27
Thursday,2024-08-15,08:00,509.08
Thursday,2024-08-15,09:00,408.53
Thursday,2024-08-15,10:00,583.42
Thursday,2024-08-15,11:00,711.95
Thursday,2024-08-15,12:00,821.9
Thursday,2024-08-15,13:00,968.66
Thursday,2024-08-15,14:00,"1,144"
Thursday,2024-08-15,15:00,528.85
Thursday,2024-08-15,16:00,315.45
Thursday,2024-08-15,17:00,315.24
Thursday,2024-08-15,18:00,316.07
Thursday,2024-08-15,19:00,332.79
Thursday,2024-08-15,20:00,328.07
Thursday,2024-08-15,21:00,326.19
Thursday,2024-08-15,22:00,328.48
Thursday,2024-08-15,23:00,331.95
Friday,2024-08-16,00:00,325.74
Friday,2024-08-16,01:00,318.16
Friday,2024-08-16,02:00,319.85
Friday,2024-08-16,03:00,771.48
Friday,2024-08-16,04:00,325.11
Friday,2024-08-16,05:00,318.06
Friday,2024-08-16,06:00,319.8
Friday,2024-08-16,07:00,329.07
Friday,2024-08-16,08:00,330.29
Friday,2024-08-16,09:00,332.81
Friday,2024-08-16,10:00,332.17
Friday,2024-08-16,11:00,333.39
Friday,2024-08-16,12:00,331.24
Friday,2024-08-16,13:00,312.86
Friday,2024-08-16,14:00,361.03
Friday,2024-08-16,15:00,331.78
Friday,2024-08-16,16:00,377.36
Friday,2024-08-16,17:00,383.29
Friday,2024-08-16,18:00,327.32
Friday,2024-08-16,19:00,325.34
Friday,2024-08-16,20:00,319.09
Friday,2024-08-16,21:00,313.45
Friday,2024-08-16,22:00,319.79
Friday,2024-08-16,23:00,314.76
Saturday,2024-08-17,00:00,326.38
Saturday,2024-08-17,01:00,323.65
Saturday,2024-08-17,02:00,326.56
Saturday,2024-08-17,03:00,727.8
Saturday,2024-08-17,04:00,315.83
Saturday,2024-08-17,05:00,307.86
Saturday,2024-08-17,06:00,317.47
Saturday,2024-08-17,07:00,318.81
Saturday,2024-08-17,08:00,324.46
Saturday,2024-08-17,09:00,326.69
Saturday,2024-08-17,10:00,315.93
Saturday,2024-08-17,11:00,331.38
Saturday,2024-08-17,12:00,413.22
Saturday,2024-08-17,13:00,366.49
Saturday,2024-08-17,14:00,319.91
Saturday,2024-08-17,15:00,321.45
Saturday,2024-08-17,16:00,402.19
Saturday,2024-08-17,17:00,334.35
Saturday,2024-08-17,18:00,343.46
Saturday,2024-08-17,19:00,329.01
Saturday,2024-08-17,20:00,321.74
Saturday,2024-08-17,21:00,326.62
Saturday,2024-08-17,22:00,325.96
Saturday,2024-08-17,23:00,317.49
Sunday,2024-08-18,00:00,318.99
Sunday,2024-08-18,01:00,317.71
Sunday,2024-08-18,02:00,320.9
Sunday,2024-08-18,03:00,738.73
Sunday,2024-08-18,04:00,322.92
Sunday,2024-08-18,05:00,316.1
Sunday,2024-08-18,06:00,324.86
Sunday,2024-08-18,07:00,307.01
Sunday,2024-08-18,08:00,319.98
Sunday,2024-08-18,09:00,311.7
Sunday,2024-08-18,10:00,320.21
Sunday,2024-08-18,11:00,323.08
Sunday,2024-08-18,12:00,325.3
Sunday,2024-08-18,13:00,317.75
Sunday,2024-08-18,14:00,334.42
Sunday,2024-08-18,15:00,491.02
Sunday,2024-08-18,16:00,785.86
Sunday,2024-08-18,17:00,702.17
Sunday,2024-08-18,18:00,542.09
Sunday,2024-08-18,19:00,672.9
Sunday,2024-08-18,20:00,524.74
Sunday,2024-08-18,21:00,571.29
Sunday,2024-08-18,22:00,552.93
Sunday,2024-08-18,23:00,534.59
Monday,2024-08-19,00:00,487.86
Monday,2024-08-19,01:00,710.2
Monday,2024-08-19,02:00,574.42
Monday,2024-08-19,03:00,"1,529"
Monday,2024-08-19,04:00,545.78
Monday,2024-08-19,05:00,615.09
Monday,2024-08-19,06:00,388.8
Monday,2024-08-19,07:00,353.77
Monday,2024-08-19,08:00,444.89
Monday,2024-08-19,09:00,685.44
Monday,2024-08-19,10:00,730.51
Monday,2024-08-19,11:00,"1,181"
Monday,2024-08-19,12:00,"1,552"
Monday,2024-08-19,13:00,"1,511"
Monday,2024-08-19,14:00,"1,592"
Monday,2024-08-19,15:00,"1,551"
Monday,2024-08-19,16:00,"1,875"
Monday,2024-08-19,17:00,"2,026"
Monday,2024-08-19,18:00,"1,621"
Monday,2024-08-19,19:00,"1,230"
Monday,2024-08-19,20:00,866.07
Monday,2024-08-19,21:00,371.13
Monday,2024-08-19,22:00,364.3
Monday,2024-08-19,23:00,326.25
Tuesday,2024-08-20,00:00,341.39
Tuesday,2024-08-20,01:00,331.08
Tuesday,2024-08-20,02:00,329.89
Tuesday,2024-08-20,03:00,721.57
Tuesday,2024-08-20,04:00,316.07
Tuesday,2024-08-20,05:00,313.83
Tuesday,2024-08-20,06:00,318.56
Tuesday,2024-08-20,07:00,309.02
Tuesday,2024-08-20,08:00,317.16
Tuesday,2024-08-20,09:00,325.35
Tuesday,2024-08-20,10:00,360.55
Tuesday,2024-08-20,11:00,328.92
Tuesday,2024-08-20,12:00,321.47
Tuesday,2024-08-20,13:00,322.42
Tuesday,2024-08-20,14:00,323.94
Tuesday,2024-08-20,15:00,326.75
Tuesday,2024-08-20,16:00,313.95
Tuesday,2024-08-20,17:00,314.89
Tuesday,2024-08-20,18:00,323.27
Tuesday,2024-08-20,19:00,320.77
Tuesday,2024-08-20,20:00,326.69
Tuesday,2024-08-20,21:00,322.92
Tuesday,2024-08-20,22:00,317.84
Tuesday,2024-08-20,23:00,323.09
Wednesday,2024-08-21,00:00,315.87
Wednesday,2024-08-21,01:00,325.09
Wednesday,2024-08-21,02:00,322.77
Wednesday,2024-08-21,03:00,719.63
Wednesday,2024-08-21,04:00,320.22
Wednesday,2024-08-21,05:00,331.38
Wednesday,2024-08-21,06:00,316.95
Wednesday,2024-08-21,07:00,315.65
Wednesday,2024-08-21,08:00,326.77
Wednesday,2024-08-21,09:00,348.9
Wednesday,2024-08-21,10:00,354.03
Wednesday,2024-08-21,11:00,316.36
Wednesday,2024-08-21,12:00,316.31
Wednesday,2024-08-21,13:00,355.11
Wednesday,2024-08-21,14:00,321.67
Wednesday,2024-08-21,15:00,318.37
Wednesday,2024-08-21,16:00,316.64
Wednesday,2024-08-21,17:00,320.88
Wednesday,2024-08-21,18:00,324.2
Wednesday,2024-08-21,19:00,327.53
Wednesday,2024-08-21,20:00,324.36
Wednesday,2024-08-21,21:00,321.53
Wednesday,2024-08-21,22:00,328.21
Wednesday,2024-08-21,23:00,331.6
Thursday,2024-08-22,00:00,318.66
Thursday,2024-08-22,01:00,323.17
Thursday,2024-08-22,02:00,319.64
Thursday,2024-08-22,03:00,709.44
Thursday,2024-08-22,04:00,315.35
Thursday,2024-08-22,05:00,313.42
Thursday,2024-08-22,06:00,320.23
Thursday,2024-08-22,07:00,314.09
Thursday,2024-08-22,08:00,314.24
Thursday,2024-08-22,09:00,323.09
Thursday,2024-08-22,10:00,329.36
Thursday,2024-08-22,11:00,326.19
Thursday,2024-08-22,12:00,320.03
Thursday,2024-08-22,13:00,323.52
Thursday,2024-08-22,14:00,410.63
Thursday,2024-08-22,15:00,402.51
Thursday,2024-08-22,16:00,364.21
Thursday,2024-08-22,17:00,344.8
Thursday,2024-08-22,18:00,325.18
Thursday,2024-08-22,19:00,320.48
Thursday,2024-08-22,20:00,320.12
Thursday,2024-08-22,21:00,325.27
Thursday,2024-08-22,22:00,327.83
Thursday,2024-08-22,23:00,325.43
Friday,2024-08-23,00:00,324.97
Friday,2024-08-23,01:00,317.11
Friday,2024-08-23,02:00,322.24
Friday,2024-08-23,03:00,736.2
Friday,2024-08-23,04:00,313.31
Friday,2024-08-23,05:00,312.41
Friday,2024-08-23,06:00,317.43
Friday,2024-08-23,07:00,318.47
Friday,2024-08-23,08:00,332.55
Friday,2024-08-23,09:00,350.61
Friday,2024-08-23,10:00,321.36
Friday,2024-08-23,11:00,327.18
Friday,2024-08-23,12:00,321.87
Friday,2024-08-23,13:00,321.09
Friday,2024-08-23,14:00,320.06
Friday,2024-08-23,15:00,325.71
Friday,2024-08-23,16:00,419.29
Friday,2024-08-23,17:00,346.57
Friday,2024-08-23,18:00,326.65
Friday,2024-08-23,19:00,322.32
Friday,2024-08-23,20:00,320.05
Friday,2024-08-23,21:00,318.18
Friday,2024-08-23,22:00,316.71
Friday,2024-08-23,23:00,327.33
Saturday,2024-08-24,00:00,326.11
Saturday,2024-08-24,01:00,320.53
Saturday,2024-08-24,02:00,322.91
Saturday,2024-08-24,03:00,722.99
Saturday,2024-08-24,04:00,320.98
Saturday,2024-08-24,05:00,313.44
Saturday,2024-08-24,06:00,324.8
Saturday,2024-08-24,07:00,316.87
Saturday,2024-08-24,08:00,329.83
Saturday,2024-08-24,09:00,326.67
Saturday,2024-08-24,10:00,375.92
Saturday,2024-08-24,11:00,409.51
Saturday,2024-08-24,12:00,435.66
Saturday,2024-08-24,13:00,318.74
Saturday,2024-08-24,14:00,331.81
Saturday,2024-08-24,15:00,319.68
Saturday,2024-08-24,16:00,348.74
Saturday,2024-08-24,17:00,379.14
Saturday,2024-08-24,18:00,321.03
Saturday,2024-08-24,19:00,322.74
Saturday,2024-08-24,20:00,327.48
Saturday,2024-08-24,21:00,323.68
Saturday,2024-08-24,22:00,326.1
Saturday,2024-08-24,23:00,317.91
Sunday,2024-08-25,00:00,327.6
Sunday,2024-08-25,01:00,324.99
Sunday,2024-08-25,02:00,331.73
Sunday,2024-08-25,03:00,730.76
Sunday,2024-08-25,04:00,321
Sunday,2024-08-25,05:00,317.84
Sunday,2024-08-25,06:00,318.7
Sunday,2024-08-25,07:00,320.96
Sunday,2024-08-25,08:00,426.97
Sunday,2024-08-25,09:00,647.61
Sunday,2024-08-25,10:00,744.43
Sunday,2024-08-25,11:00,648.82
Sunday,2024-08-25,12:00,764.39
Sunday,2024-08-25,13:00,520.92
Sunday,2024-08-25,14:00,540.72
Sunday,2024-08-25,15:00,611.93
Sunday,2024-08-25,16:00,648.31
Sunday,2024-08-25,17:00,770.64
Sunday,2024-08-25,18:00,572.16
Sunday,2024-08-25,19:00,451.34
Sunday,2024-08-25,20:00,362.49
Sunday,2024-08-25,21:00,328.63
Sunday,2024-08-25,22:00,320.25
Sunday,2024-08-25,23:00,242.55
Monday,2024-08-26,00:00,329.13
Monday,2024-08-26,01:00,322.1
Monday,2024-08-26,02:00,326.23
Monday,2024-08-26,03:00,735.55
Monday,2024-08-26,04:00,319.83
Monday,2024-08-26,05:00,323.2
Monday,2024-08-26,06:00,320.38
Monday,2024-08-26,07:00,426.42
Monday,2024-08-26,08:00,610.5
Monday,2024-08-26,09:00,407.22
Monday,2024-08-26,10:00,489.7
Monday,2024-08-26,11:00,441.83
Monday,2024-08-26,12:00,557.42
Monday,2024-08-26,13:00,494.97
Monday,2024-08-26,14:00,556.17
Monday,2024-08-26,15:00,493.48
Monday,2024-08-26,16:00,472.25
Monday,2024-08-26,17:00,426.51
Monday,2024-08-26,18:00,321.03
Monday,2024-08-26,19:00,329.33
Monday,2024-08-26,20:00,345.44
Monday,2024-08-26,21:00,"4,746"
Monday,2024-08-26,22:00,"4,747"
Monday,2024-08-26,23:00,"3,862"
Tuesday,2024-08-27,00:00,"3,845"
Tuesday,2024-08-27,01:00,"3,824"
Tuesday,2024-08-27,02:00,"3,805"
Tuesday,2024-08-27,03:00,"8,322"
Tuesday,2024-08-27,04:00,"3,818"
Tuesday,2024-08-27,05:00,"3,733"
Tuesday,2024-08-27,06:00,"4,087"
Tuesday,2024-08-27,07:00,"4,296"
Tuesday,2024-08-27,08:00,"4,712"
Tuesday,2024-08-27,09:00,"4,632"
Tuesday,2024-08-27,10:00,"5,341"
Tuesday,2024-08-27,11:00,"5,390"
Tuesday,2024-08-27,12:00,"5,320"
Tuesday,2024-08-27,13:00,"5,272"
Tuesday,2024-08-27,14:00,"5,324"
Tuesday,2024-08-27,15:00,"5,300"
Tuesday,2024-08-27,16:00,"5,435"
Tuesday,2024-08-27,17:00,"5,518"
Tuesday,2024-08-27,18:00,"3,735"
Tuesday,2024-08-27,19:00,"5,484"
Tuesday,2024-08-27,20:00,"4,361"
Tuesday,2024-08-27,21:00,"4,101"
Tuesday,2024-08-27,22:00,"4,042"
Tuesday,2024-08-27,23:00,"3,951"
Wednesday,2024-08-28,00:00,"4,038"
Wednesday,2024-08-28,01:00,"4,046"
Wednesday,2024-08-28,02:00,"3,859"
Wednesday,2024-08-28,03:00,"8,937"
Wednesday,2024-08-28,04:00,"3,812"
Wednesday,2024-08-28,05:00,"4,070"
Wednesday,2024-08-28,06:00,"4,589"
Wednesday,2024-08-28,07:00,"4,780"
Wednesday,2024-08-28,08:00,"4,138"
Wednesday,2024-08-28,09:00,"2,280"
Wednesday,2024-08-28,10:00,"2,440"
Wednesday,2024-08-28,11:00,"1,999"
Wednesday,2024-08-28,12:00,"2,266"
Wednesday,2024-08-28,13:00,"2,360"
Wednesday,2024-08-28,14:00,"2,353"
Wednesday,2024-08-28,15:00,"2,282"
Wednesday,2024-08-28,16:00,"2,184"
Wednesday,2024-08-28,17:00,"1,818"
Wednesday,2024-08-28,18:00,"1,161"
Wednesday,2024-08-28,19:00,422.92
Wednesday,2024-08-28,20:00,319.29
Wednesday,2024-08-28,21:00,311.37
Wednesday,2024-08-28,22:00,321.64
Wednesday,2024-08-28,23:00,319.33
Thursday,2024-08-29,00:00,329.98
Thursday,2024-08-29,01:00,322.98
Thursday,2024-08-29,02:00,316.69
Thursday,2024-08-29,03:00,700.78
Thursday,2024-08-29,04:00,316.87
Thursday,2024-08-29,05:00,314.65
Thursday,2024-08-29,06:00,319.5
Thursday,2024-08-29,07:00,321.46
Thursday,2024-08-29,08:00,329.46
Thursday,2024-08-29,09:00,326.52
Thursday,2024-08-29,10:00,322.88
Thursday,2024-08-29,11:00,323.13
Thursday,2024-08-29,12:00,323.45
Thursday,2024-08-29,13:00,324.93
Thursday,2024-08-29,14:00,306.45
Thursday,2024-08-29,15:00,398.25
Thursday,2024-08-29,16:00,344.38
Thursday,2024-08-29,17:00,316.55
Thursday,2024-08-29,18:00,325.46
Thursday,2024-08-29,19:00,324.13
Thursday,2024-08-29,20:00,321.52
Thursday,2024-08-29,21:00,315.81
Thursday,2024-08-29,22:00,316.66
Thursday,2024-08-29,23:00,322.65
Friday,2024-08-30,00:00,314.71
Friday,2024-08-30,01:00,323.42
Friday,2024-08-30,02:00,326
Friday,2024-08-30,03:00,697.19
Friday,2024-08-30,04:00,323.63
Friday,2024-08-30,05:00,313.24
Friday,2024-08-30,06:00,317.21
Friday,2024-08-30,07:00,318.42
Friday,2024-08-30,08:00,356.1
Friday,2024-08-30,09:00,338.57
Friday,2024-08-30,10:00,385.13
Friday,2024-08-30,11:00,316.11
Friday,2024-08-30,12:00,319.87
Friday,2024-08-30,13:00,316.11
Friday,2024-08-30,14:00,321.63
Friday,2024-08-30,15:00,317.51
Friday,2024-08-30,16:00,314.33
Friday,2024-08-30,17:00,316.22
Friday,2024-08-30,18:00,309.89
Friday,2024-08-30,19:00,314.77
Friday,2024-08-30,20:00,325.7
Friday,2024-08-30,21:00,329.71
Friday,2024-08-30,22:00,322.73
Friday,2024-08-30,23:00,327.34
Saturday,2024-08-31,00:00,321.82
Saturday,2024-08-31,01:00,312.13
Saturday,2024-08-31,02:00,316.04
Saturday,2024-08-31,03:00,746.74
Saturday,2024-08-31,04:00,315
Saturday,2024-08-31,05:00,314.75
Saturday,2024-08-31,06:00,326.65
Saturday,2024-08-31,07:00,320.65
Saturday,2024-08-31,08:00,322.46
Saturday,2024-08-31,09:00,312.95
Saturday,2024-08-31,10:00,373.54
Saturday,2024-08-31,11:00,311.19
Saturday,2024-08-31,12:00,322.74
Saturday,2024-08-31,13:00,331.07
Saturday,2024-08-31,14:00,322.16
Saturday,2024-08-31,15:00,332.84
Saturday,2024-08-31,16:00,330.78
Saturday,2024-08-31,17:00,322.55
Saturday,2024-08-31,18:00,316.35
Saturday,2024-08-31,19:00,317.56
Saturday,2024-08-31,20:00,321.53
Saturday,2024-08-31,21:00,321.49
Saturday,2024-08-31,22:00,320.32
Saturday,2024-08-31,23:00,333.59
Sunday,2024-09-01,00:00,334.42
Sunday,2024-09-01,01:00,332.14
Sunday,2024-09-01,02:00,329.04
Sunday,2024-09-01,03:00,726.1
Sunday,2024-09-01,04:00,321.21
Sunday,2024-09-01,05:00,318.86
Sunday,2024-09-01,06:00,321.12
Sunday,2024-09-01,07:00,318.61
Sunday,2024-09-01,08:00,333.26
Sunday,2024-09-01,09:00,482.68
Sunday,2024-09-01,10:00,838.37
Sunday,2024-09-01,11:00,917.44
Sunday,2024-09-01,12:00,640.72
Sunday,2024-09-01,13:00,976.98
Sunday,2024-09-01,14:00,930.47
Sunday,2024-09-01,15:00,"1,333"
Sunday,2024-09-01,16:00,"1,441"
Sunday,2024-09-01,17:00,"1,384"
Sunday,2024-09-01,18:00,"1,024"
Sunday,2024-09-01,19:00,774.9
Sunday,2024-09-01,20:00,765.78
Sunday,2024-09-01,21:00,555.21
Sunday,2024-09-01,22:00,479.47
Sunday,2024-09-01,23:00,320.81
Monday,2024-09-02,00:00,313.94
Monday,2024-09-02,01:00,320.72
Monday,2024-09-02,02:00,325.18
Monday,2024-09-02,03:00,715.99
Monday,2024-09-02,04:00,332.09
Monday,2024-09-02,05:00,321.58
Monday,2024-09-02,06:00,318.76
Monday,2024-09-02,07:00,311.56
Monday,2024-09-02,08:00,307.26
Monday,2024-09-02,09:00,313.38
Monday,2024-09-02,10:00,314.02
Monday,2024-09-02,11:00,319.04
Monday,2024-09-02,12:00,322.16
Monday,2024-09-02,13:00,320.09
Monday,2024-09-02,14:00,328.3
Monday,2024-09-02,15:00,315.63
Monday,2024-09-02,16:00,319.7
Monday,2024-09-02,17:00,310.17
Monday,2024-09-02,18:00,316.74
Monday,2024-09-02,19:00,314.62
Monday,2024-09-02,20:00,321.68
Monday,2024-09-02,21:00,312.27
Monday,2024-09-02,22:00,319.81
Monday,2024-09-02,23:00,318.87
Tuesday,2024-09-03,00:00,313.31
Tuesday,2024-09-03,01:00,317.1
Tuesday,2024-09-03,02:00,311.54
Tuesday,2024-09-03,03:00,711.78
Tuesday,2024-09-03,04:00,315.13
Tuesday,2024-09-03,05:00,320.82
Tuesday,2024-09-03,06:00,316.31
Tuesday,2024-09-03,07:00,320.64
Tuesday,2024-09-03,08:00,321.38
Tuesday,2024-09-03,09:00,311.45
Tuesday,2024-09-03,10:00,313.66
Tuesday,2024-09-03,11:00,313.01
Tuesday,2024-09-03,12:00,317.29
Tuesday,2024-09-03,13:00,348.28
Tuesday,2024-09-03,14:00,312.17
Tuesday,2024-09-03,15:00,316.93
Tuesday,2024-09-03,16:00,329.6
Tuesday,2024-09-03,17:00,324.11
Tuesday,2024-09-03,18:00,319.57
Tuesday,2024-09-03,19:00,312.77
Tuesday,2024-09-03,20:00,316.79
Tuesday,2024-09-03,21:00,318.34
Tuesday,2024-09-03,22:00,313.76
Tuesday,2024-09-03,23:00,328.13
Wednesday,2024-09-04,00:00,335.52
Wednesday,2024-09-04,01:00,332.8
Wednesday,2024-09-04,02:00,323.3
Wednesday,2024-09-04,03:00,711.35
Wednesday,2024-09-04,04:00,315
Wednesday,2024-09-04,05:00,315.04
Wednesday,2024-09-04,06:00,308.58
Wednesday,2024-09-04,07:00,312.66
Wednesday,2024-09-04,08:00,318.62
Wednesday,2024-09-04,09:00,348.5
Wednesday,2024-09-04,10:00,327.06
Wednesday,2024-09-04,11:00,333.88
Wednesday,2024-09-04,12:00,322.96
Wednesday,2024-09-04,13:00,429.86
Wednesday,2024-09-04,14:00,335.46
Wednesday,2024-09-04,15:00,342.09
Wednesday,2024-09-04,16:00,313.14
Wednesday,2024-09-04,17:00,326.86
Wednesday,2024-09-04,18:00,316.96
Wednesday,2024-09-04,19:00,322.39
Wednesday,2024-09-04,20:00,327.46
Wednesday,2024-09-04,21:00,326.84
Wednesday,2024-09-04,22:00,319.25
Wednesday,2024-09-04,23:00,326.72
Thursday,2024-09-05,00:00,322.91
Thursday,2024-09-05,01:00,327.01
Thursday,2024-09-05,02:00,317.61
Thursday,2024-09-05,03:00,736.24
Thursday,2024-09-05,04:00,323.59
Thursday,2024-09-05,05:00,323.23
Thursday,2024-09-05,06:00,325.06
Thursday,2024-09-05,07:00,320.37
Thursday,2024-09-05,08:00,312.51
Thursday,2024-09-05,09:00,326.71
Thursday,2024-09-05,10:00,350.04
Thursday,2024-09-05,11:00,380.26
Thursday,2024-09-05,12:00,319.23
Thursday,2024-09-05,13:00,347.07
Thursday,2024-09-05,14:00,324.74
Thursday,2024-09-05,15:00,318.68
Thursday,2024-09-05,16:00,319.84
Thursday,2024-09-05,17:00,311.99
Thursday,2024-09-05,18:00,321.76
Thursday,2024-09-05,19:00,310.5
Thursday,2024-09-05,20:00,324.26
Thursday,2024-09-05,21:00,328.14
Thursday,2024-09-05,22:00,327.9
Thursday,2024-09-05,23:00,324.9
Friday,2024-09-06,00:00,320.36
Friday,2024-09-06,01:00,320.73
Friday,2024-09-06,02:00,314.21
Friday,2024-09-06,03:00,712.35
Friday,2024-09-06,04:00,318.87
Friday,2024-09-06,05:00,319.2
Friday,2024-09-06,06:00,328.01
Friday,2024-09-06,07:00,378.26
Friday,2024-09-06,08:00,472.75
Friday,2024-09-06,09:00,810.26
Friday,2024-09-06,10:00,663.13
Friday,2024-09-06,11:00,768.13
Friday,2024-09-06,12:00,710.85
Friday,2024-09-06,13:00,"3,336"
Friday,2024-09-06,14:00,"4,141"
Friday,2024-09-06,15:00,"4,434"
Friday,2024-09-06,16:00,"4,388"
Friday,2024-09-06,17:00,"4,100"
Friday,2024-09-06,18:00,"3,696"
Friday,2024-09-06,19:00,"3,243"
Friday,2024-09-06,20:00,"3,069"
Friday,2024-09-06,21:00,"3,153"
Friday,2024-09-06,22:00,"3,015"
Friday,2024-09-06,23:00,"3,107"
Saturday,2024-09-07,00:00,"2,946"
Saturday,2024-09-07,01:00,"2,922"
Saturday,2024-09-07,02:00,"3,034"
Saturday,2024-09-07,03:00,"6,268"
Saturday,2024-09-07,04:00,"2,712"
Saturday,2024-09-07,05:00,"2,645"
Saturday,2024-09-07,06:00,"2,773"
Saturday,2024-09-07,07:00,"2,901"
Saturday,2024-09-07,08:00,"3,137"
Saturday,2024-09-07,09:00,"3,183"
Saturday,2024-09-07,10:00,"3,482"
Saturday,2024-09-07,11:00,"3,654"
Saturday,2024-09-07,12:00,"3,731"
Saturday,2024-09-07,13:00,"3,519"
Saturday,2024-09-07,14:00,"3,475"
Saturday,2024-09-07,15:00,"3,797"
Saturday,2024-09-07,16:00,"3,969"
Saturday,2024-09-07,17:00,"3,821"
Saturday,2024-09-07,18:00,"3,572"
Saturday,2024-09-07,19:00,"3,459"
Saturday,2024-09-07,20:00,"3,372"
Saturday,2024-09-07,21:00,"2,804"
Saturday,2024-09-07,22:00,"2,570"
Saturday,2024-09-07,23:00,"2,580"
Sunday,2024-09-08,00:00,"2,597"
Sunday,2024-09-08,01:00,"2,624"
Sunday,2024-09-08,02:00,"2,268"
Sunday,2024-09-08,03:00,"4,843"
Sunday,2024-09-08,04:00,"2,098"
Sunday,2024-09-08,05:00,"1,962"
Sunday,2024-09-08,06:00,"1,913"
Sunday,2024-09-08,07:00,"1,973"
Sunday,2024-09-08,08:00,"2,236"
Sunday,2024-09-08,09:00,"2,370"
Sunday,2024-09-08,10:00,"1,828"
Sunday,2024-09-08,11:00,"2,648"
Sunday,2024-09-08,12:00,"2,672"
Sunday,2024-09-08,13:00,"2,578"
Sunday,2024-09-08,14:00,"2,016"
Sunday,2024-09-08,15:00,348.82
Sunday,2024-09-08,16:00,339.35
Sunday,2024-09-08,17:00,310.17
Sunday,2024-09-08,18:00,312.65
Sunday,2024-09-08,19:00,321.21
Sunday,2024-09-08,20:00,308.27
Sunday,2024-09-08,21:00,319.26
Sunday,2024-09-08,22:00,320.85
Sunday,2024-09-08,23:00,321.69
Monday,2024-09-09,00:00,320.01
Monday,2024-09-09,01:00,320.39
Monday,2024-09-09,02:00,319.01
Monday,2024-09-09,03:00,707.91
Monday,2024-09-09,04:00,314.74
Monday,2024-09-09,05:00,320.04
Monday,2024-09-09,06:00,312.09
Monday,2024-09-09,07:00,317.81
Monday,2024-09-09,08:00,319.23
Monday,2024-09-09,09:00,336.26
Monday,2024-09-09,10:00,357.65
Monday,2024-09-09,11:00,335.04
Monday,2024-09-09,12:00,358.13
Monday,2024-09-09,13:00,324.31
Monday,2024-09-09,14:00,332.94
Monday,2024-09-09,15:00,366.1
Monday,2024-09-09,16:00,406.89
Monday,2024-09-09,17:00,338.28
Monday,2024-09-09,18:00,325.39
Monday,2024-09-09,19:00,318.7
Monday,2024-09-09,20:00,316.31
Monday,2024-09-09,21:00,313.94
Monday,2024-09-09,22:00,323.88
Monday,2024-09-09,23:00,323.33
Tuesday,2024-09-10,00:00,319.73
Tuesday,2024-09-10,01:00,331.08
Tuesday,2024-09-10,02:00,318.27
Tuesday,2024-09-10,03:00,732.81
Tuesday,2024-09-10,04:00,323.21
Tuesday,2024-09-10,05:00,319.29
Tuesday,2024-09-10,06:00,317.76
Tuesday,2024-09-10,07:00,310.17
Tuesday,2024-09-10,08:00,322.36
Tuesday,2024-09-10,09:00,468.21
Tuesday,2024-09-10,10:00,370.35
Tuesday,2024-09-10,11:00,373.35
Tuesday,2024-09-10,12:00,416.69
Tuesday,2024-09-10,13:00,394.2
Tuesday,2024-09-10,14:00,468.74
Tuesday,2024-09-10,15:00,430.44
Tuesday,2024-09-10,16:00,325.25
Tuesday,2024-09-10,17:00,317.97
Tuesday,2024-09-10,18:00,325.24
Tuesday,2024-09-10,19:00,317.81
Tuesday,2024-09-10,20:00,321.68
Tuesday,2024-09-10,21:00,321.83
Tuesday,2024-09-10,22:00,323.23
Tuesday,2024-09-10,23:00,323.2
Wednesday,2024-09-11,00:00,318.82
Wednesday,2024-09-11,01:00,325.69
Wednesday,2024-09-11,02:00,319.41
Wednesday,2024-09-11,03:00,724.07
Wednesday,2024-09-11,04:00,327.58
Wednesday,2024-09-11,05:00,319.16
Wednesday,2024-09-11,06:00,323.13
Wednesday,2024-09-11,07:00,322.32
Wednesday,2024-09-11,08:00,313.13
Wednesday,2024-09-11,09:00,313.37
Wednesday,2024-09-11,10:00,306.77
Wednesday,2024-09-11,11:00,314.17
Wednesday,2024-09-11,12:00,326.5
Wednesday,2024-09-11,13:00,329.33
Wednesday,2024-09-11,14:00,355.69
Wednesday,2024-09-11,15:00,419.81
Wednesday,2024-09-11,16:00,381.46
Wednesday,2024-09-11,17:00,332.05
Wednesday,2024-09-11,18:00,312.32
Wednesday,2024-09-11,19:00,320.4
Wednesday,2024-09-11,20:00,325.24
Wednesday,2024-09-11,21:00,324.53
Wednesday,2024-09-11,22:00,325.83
Wednesday,2024-09-11,23:00,320.36
Thursday,2024-09-12,00:00,327.91
Thursday,2024-09-12,01:00,325.52
Thursday,2024-09-12,02:00,324.1
Thursday,2024-09-12,03:00,737.85
Thursday,2024-09-12,04:00,324.49
Thursday,2024-09-12,05:00,323
Thursday,2024-09-12,06:00,318.59
Thursday,2024-09-12,07:00,312.54
Thursday,2024-09-12,08:00,329.41
Thursday,2024-09-12,09:00,316.3
Thursday,2024-09-12,10:00,352.98
Thursday,2024-09-12,11:00,396.84
Thursday,2024-09-12,12:00,402.37
Thursday,2024-09-12,13:00,363.1
Thursday,2024-09-12,14:00,465.98
Thursday,2024-09-12,15:00,356.51
Thursday,2024-09-12,16:00,438.79
Thursday,2024-09-12,17:00,393.14
Thursday,2024-09-12,18:00,332.95
Thursday,2024-09-12,19:00,320.18
Thursday,2024-09-12,20:00,322.5
Thursday,2024-09-12,21:00,327.63
Thursday,2024-09-12,22:00,322.49
Thursday,2024-09-12,23:00,325.62
Friday,2024-09-13,00:00,326.6
Friday,2024-09-13,01:00,323.77
Friday,2024-09-13,02:00,322.48
Friday,2024-09-13,03:00,735.36
Friday,2024-09-13,04:00,320.36
Friday,2024-09-13,05:00,324.23
Friday,2024-09-13,06:00,326.35
Friday,2024-09-13,07:00,325.71
Friday,2024-09-13,08:00,318.16
Friday,2024-09-13,09:00,332.72
Friday,2024-09-13,10:00,525.71
Friday,2024-09-13,11:00,359.97
Friday,2024-09-13,12:00,382.17
Friday,2024-09-13,13:00,418.29
Friday,2024-09-13,14:00,563.84
Friday,2024-09-13,15:00,706.11
Friday,2024-09-13,16:00,634.41
Friday,2024-09-13,17:00,560.93
Friday,2024-09-13,18:00,367.88
Friday,2024-09-13,19:00,237.18
Friday,2024-09-13,20:00,315.43
Friday,2024-09-13,21:00,327.37
Friday,2024-09-13,22:00,321.17
Friday,2024-09-13,23:00,326.26
Saturday,2024-09-14,00:00,319.43
Saturday,2024-09-14,01:00,322.26
Saturday,2024-09-14,02:00,327.74
Saturday,2024-09-14,03:00,723.45
Saturday,2024-09-14,04:00,320.48
Saturday,2024-09-14,05:00,319.95
Saturday,2024-09-14,06:00,324.6
Saturday,2024-09-14,07:00,325.46
Saturday,2024-09-14,08:00,320
Saturday,2024-09-14,09:00,376.19
Saturday,2024-09-14,10:00,322.35
Saturday,2024-09-14,11:00,382.34
Saturday,2024-09-14,12:00,423.19
Saturday,2024-09-14,13:00,315.15
Saturday,2024-09-14,14:00,320.19
Saturday,2024-09-14,15:00,330.19
Saturday,2024-09-14,16:00,319.62
Saturday,2024-09-14,17:00,320.1
Saturday,2024-09-14,18:00,325.64
Saturday,2024-09-14,19:00,313.62
Saturday,2024-09-14,20:00,315.66
Saturday,2024-09-14,21:00,323.1
Saturday,2024-09-14,22:00,316.63
Saturday,2024-09-14,23:00,313.73
Sunday,2024-09-15,00:00,311.03
Sunday,2024-09-15,01:00,325.37
Sunday,2024-09-15,02:00,324.88
Sunday,2024-09-15,03:00,738.91
Sunday,2024-09-15,04:00,318.23
Sunday,2024-09-15,05:00,315.88
Sunday,2024-09-15,06:00,319.76
Sunday,2024-09-15,07:00,319.09
Sunday,2024-09-15,08:00,316.63
Sunday,2024-09-15,09:00,317.35
Sunday,2024-09-15,10:00,321.64
Sunday,2024-09-15,11:00,324.88
Sunday,2024-09-15,12:00,319.53
Sunday,2024-09-15,13:00,325.32
Sunday,2024-09-15,14:00,325.32
Sunday,2024-09-15,15:00,315.55
Sunday,2024-09-15,16:00,325.48
Sunday,2024-09-15,17:00,318.62
Sunday,2024-09-15,18:00,316.51
Sunday,2024-09-15,19:00,319.13
Sunday,2024-09-15,20:00,317.45
Sunday,2024-09-15,21:00,324.65
Sunday,2024-09-15,22:00,320.16
Sunday,2024-09-15,23:00,323.31
Monday,2024-09-16,00:00,322.55
Monday,2024-09-16,01:00,314.32
Monday,2024-09-16,02:00,323.44
Monday,2024-09-16,03:00,716.3
Monday,2024-09-16,04:00,319.87
Monday,2024-09-16,05:00,317.78
Monday,2024-09-16,06:00,320.95
Monday,2024-09-16,07:00,320.56
Monday,2024-09-16,08:00,325.38
Monday,2024-09-16,09:00,320.04
Monday,2024-09-16,10:00,321.85
Monday,2024-09-16,11:00,360.16
Monday,2024-09-16,12:00,373.61
Monday,2024-09-16,13:00,337.74
Monday,2024-09-16,14:00,365.89
Monday,2024-09-16,15:00,350.45
Monday,2024-09-16,16:00,637.04
Monday,2024-09-16,17:00,417.57
Monday,2024-09-16,18:00,363.18
Monday,2024-09-16,19:00,316.56
Monday,2024-09-16,20:00,311.76
Monday,2024-09-16,21:00,331.4
Monday,2024-09-16,22:00,319.92
Monday,2024-09-16,23:00,324.66
Tuesday,2024-09-17,00:00,327.51
Tuesday,2024-09-17,01:00,319.73
Tuesday,2024-09-17,02:00,320.53
Tuesday,2024-09-17,03:00,710.79
Tuesday,2024-09-17,04:00,317.15
Tuesday,2024-09-17,05:00,319.1
Tuesday,2024-09-17,06:00,322.14
Tuesday,2024-09-17,07:00,326.45
Tuesday,2024-09-17,08:00,317.6
Tuesday,2024-09-17,09:00,339.71
Tuesday,2024-09-17,10:00,459.09
Tuesday,2024-09-17,11:00,595.98
Tuesday,2024-09-17,12:00,450.69
Tuesday,2024-09-17,13:00,587.39
Tuesday,2024-09-17,14:00,559.6
Tuesday,2024-09-17,15:00,639.16
Tuesday,2024-09-17,16:00,436.21
Tuesday,2024-09-17,17:00,660.35
Tuesday,2024-09-17,18:00,340.46
Tuesday,2024-09-17,19:00,320.45
Tuesday,2024-09-17,20:00,327.54
Tuesday,2024-09-17,21:00,323.13
Tuesday,2024-09-17,22:00,329.29
Tuesday,2024-09-17,23:00,320.63
Wednesday,2024-09-18,00:00,317.65
Wednesday,2024-09-18,01:00,323.55
Wednesday,2024-09-18,02:00,325.3
Wednesday,2024-09-18,03:00,723.73
Wednesday,2024-09-18,04:00,325.57
Wednesday,2024-09-18,05:00,328.62
Wednesday,2024-09-18,06:00,326.12
Wednesday,2024-09-18,07:00,326.86
Wednesday,2024-09-18,08:00,328.03
Wednesday,2024-09-18,09:00,342.01
Wednesday,2024-09-18,10:00,590.67
Wednesday,2024-09-18,11:00,484.08
Wednesday,2024-09-18,12:00,351.15
Wednesday,2024-09-18,13:00,849.64
Wednesday,2024-09-18,14:00,802.93
Wednesday,2024-09-18,15:00,881.29
Wednesday,2024-09-18,16:00,509.07
Wednesday,2024-09-18,17:00,417.87
Wednesday,2024-09-18,18:00,311.17
Wednesday,2024-09-18,19:00,339.01
Wednesday,2024-09-18,20:00,326.65
Wednesday,2024-09-18,21:00,318.39
Wednesday,2024-09-18,22:00,321.66
Wednesday,2024-09-18,23:00,322.67
Thursday,2024-09-19,00:00,327.98
Thursday,2024-09-19,01:00,323.76
Thursday,2024-09-19,02:00,322.67
Thursday,2024-09-19,03:00,637.76
Thursday,2024-09-19,04:00,316.3
Thursday,2024-09-19,05:00,318.24
Thursday,2024-09-19,06:00,321.79
Thursday,2024-09-19,07:00,332.98
Thursday,2024-09-19,08:00,348.06
Thursday,2024-09-19,09:00,313.52
Thursday,2024-09-19,10:00,333.44
Thursday,2024-09-19,11:00,336.82
Thursday,2024-09-19,12:00,341.13
Thursday,2024-09-19,13:00,345.45
Thursday,2024-09-19,14:00,362.35
Thursday,2024-09-19,15:00,582.15
Thursday,2024-09-19,16:00,507.98
Thursday,2024-09-19,17:00,407.8
Thursday,2024-09-19,18:00,324.11
Thursday,2024-09-19,19:00,314.15
Thursday,2024-09-19,20:00,325.64
Thursday,2024-09-19,21:00,324.25
Thursday,2024-09-19,22:00,331.36
Thursday,2024-09-19,23:00,326.2
Friday,2024-09-20,00:00,319.79
Friday,2024-09-20,01:00,321.26
Friday,2024-09-20,02:00,330.28
Friday,2024-09-20,03:00,701.72
Friday,2024-09-20,04:00,323.53
Friday,2024-09-20,05:00,322.96
Friday,2024-09-20,06:00,313.73
Friday,2024-09-20,07:00,319.29
Friday,2024-09-20,08:00,322.03
Friday,2024-09-20,09:00,322.56
Friday,2024-09-20,10:00,327.21
Friday,2024-09-20,11:00,350.62
Friday,2024-09-20,12:00,417.65
Friday,2024-09-20,13:00,330.3
Friday,2024-09-20,14:00,331.53
Friday,2024-09-20,15:00,323.8
Friday,2024-09-20,16:00,323.64
Friday,2024-09-20,17:00,314.24
Friday,2024-09-20,18:00,309.5
Friday,2024-09-20,19:00,318.98
Friday,2024-09-20,20:00,324.97
Friday,2024-09-20,21:00,331.02
Friday,2024-09-20,22:00,331.27
Friday,2024-09-20,23:00,246.33
Saturday,2024-09-21,00:00,0
Sunday,2024-09-22,00:00,325.87
Sunday,2024-09-22,01:00,328.09
Sunday,2024-09-22,02:00,79.53
Sunday,2024-09-22,07:00,576.45
Sunday,2024-09-22,08:00,326.07
Sunday,2024-09-22,09:00,163.06
Sunday,2024-09-22,10:00,324.83
Sunday,2024-09-22,11:00,80.53
Sunday,2024-09-22,16:00,157.42
Sunday,2024-09-22,17:00,77.1
Sunday,2024-09-22,19:00,162.09
Sunday,2024-09-22,21:00,80.02
Sunday,2024-09-22,22:00,79.21
Monday,2024-09-23,03:00,82.51
Monday,2024-09-23,05:00,483.34
Tuesday,2024-09-24,10:00,587.38
Tuesday,2024-09-24,11:00,247.39
Tuesday,2024-09-24,19:00,239.21
Tuesday,2024-09-24,20:00,317.09
Tuesday,2024-09-24,21:00,77.17
Wednesday,2024-09-25,17:00,733.21
Wednesday,2024-09-25,18:00,329.13
Wednesday,2024-09-25,19:00,82.18
Thursday,2024-09-26,02:00,244.99
Thursday,2024-09-26,03:00,744.8
Thursday,2024-09-26,05:00,81.38
Thursday,2024-09-26,11:00,161.14
Friday,2024-09-27,14:00,746.43
Friday,2024-09-27,15:00,339.29
Friday,2024-09-27,16:00,330.44
Friday,2024-09-27,17:00,331.47
Friday,2024-09-27,18:00,328
Friday,2024-09-27,19:00,80.39
Saturday,2024-09-28,00:00,329.65
Saturday,2024-09-28,01:00,247.05
Saturday,2024-09-28,14:00,568.43
Saturday,2024-09-28,21:00,82.67
Sunday,2024-09-29,03:00,483.42
Sunday,2024-09-29,19:00,79.91
Sunday,2024-09-29,20:00,81.9
Monday,2024-09-30,02:00,164.72
Monday,2024-09-30,03:00,163.15
Monday,2024-09-30,07:00,518.39
Monday,2024-09-30,18:00,239.51
Monday,2024-09-30,19:00,318.02
Monday,2024-09-30,20:00,325.61
Monday,2024-09-30,21:00,329.25
Monday,2024-09-30,22:00,327.42
Monday,2024-09-30,23:00,161.79
Tuesday,2024-10-01,00:00,326.76
Tuesday,2024-10-01,01:00,79.18
Tuesday,2024-10-01,09:00,179.45
Tuesday,2024-10-01,10:00,328.85
Tuesday,2024-10-01,11:00,406.82
Tuesday,2024-10-01,12:00,310.6
Tuesday,2024-10-01,13:00,314.15
Tuesday,2024-10-01,14:00,313.57
Tuesday,2024-10-01,15:00,322.28
Tuesday,2024-10-01,16:00,320.79
Tuesday,2024-10-01,17:00,325.41
Tuesday,2024-10-01,18:00,327.69
Tuesday,2024-10-01,19:00,322.94
Tuesday,2024-10-01,20:00,321.94
Tuesday,2024-10-01,21:00,317.22
Tuesday,2024-10-01,22:00,314.68
Tuesday,2024-10-01,23:00,317.95
Wednesday,2024-10-02,00:00,321.92
Wednesday,2024-10-02,01:00,325.01
Wednesday,2024-10-02,02:00,324
Wednesday,2024-10-02,03:00,751.44
Wednesday,2024-10-02,04:00,327.82
Wednesday,2024-10-02,05:00,330.08
Wednesday,2024-10-02,06:00,321.14
Wednesday,2024-10-02,07:00,315.3
Wednesday,2024-10-02,08:00,322.32
Wednesday,2024-10-02,09:00,316.54
Wednesday,2024-10-02,10:00,317.76
Wednesday,2024-10-02,11:00,334.45
Wednesday,2024-10-02,12:00,331.01
Wednesday,2024-10-02,13:00,324.12
Wednesday,2024-10-02,14:00,326.45
Wednesday,2024-10-02,15:00,318.24
Wednesday,2024-10-02,16:00,317.15
Wednesday,2024-10-02,17:00,325.07
Wednesday,2024-10-02,18:00,322.96
Wednesday,2024-10-02,19:00,322.05
Wednesday,2024-10-02,20:00,322.95
Wednesday,2024-10-02,21:00,327.54
Wednesday,2024-10-02,22:00,329.51
Wednesday,2024-10-02,23:00,328.93
Thursday,2024-10-03,00:00,321.17
Thursday,2024-10-03,01:00,323.85
Thursday,2024-10-03,02:00,331.05
Thursday,2024-10-03,03:00,737.72
Thursday,2024-10-03,04:00,328.94
Thursday,2024-10-03,05:00,243.38
Thursday,2024-10-03,06:00,411.77
Thursday,2024-10-03,07:00,325.68
Thursday,2024-10-03,08:00,331.02
Thursday,2024-10-03,09:00,321.88
Thursday,2024-10-03,10:00,313.51
Thursday,2024-10-03,11:00,315.57
Thursday,2024-10-03,12:00,334.04
Thursday,2024-10-03,13:00,338.39
Thursday,2024-10-03,14:00,333.39
Thursday,2024-10-03,15:00,327.72
Thursday,2024-10-03,16:00,333.7
Thursday,2024-10-03,17:00,332.83
Thursday,2024-10-03,18:00,328.4
Thursday,2024-10-03,19:00,330.43
Thursday,2024-10-03,20:00,328.59
Thursday,2024-10-03,21:00,325.63
Thursday,2024-10-03,22:00,328.95
Thursday,2024-10-03,23:00,327.27
Friday,2024-10-04,00:00,328.59
Friday,2024-10-04,01:00,327.58
Friday,2024-10-04,02:00,331
Friday,2024-10-04,03:00,742.57
Friday,2024-10-04,04:00,325.19
Friday,2024-10-04,05:00,328.43
Friday,2024-10-04,06:00,324.03
Friday,2024-10-04,07:00,324.73
Friday,2024-10-04,08:00,319.08
Friday,2024-10-04,09:00,328
Friday,2024-10-04,10:00,359.19
Friday,2024-10-04,11:00,334.6
Friday,2024-10-04,12:00,318.74
Friday,2024-10-04,13:00,311.33
Friday,2024-10-04,14:00,550.05
Friday,2024-10-04,15:00,"4,177"
Friday,2024-10-04,16:00,"4,283"
Friday,2024-10-04,17:00,"4,528"
Friday,2024-10-04,18:00,"4,116"
Friday,2024-10-04,19:00,"3,679"
Friday,2024-10-04,20:00,"3,493"
Friday,2024-10-04,21:00,"3,248"
Friday,2024-10-04,22:00,"3,213"
Friday,2024-10-04,23:00,"3,054"
Saturday,2024-10-05,00:00,"2,921"
Saturday,2024-10-05,01:00,"3,042"
Saturday,2024-10-05,02:00,"3,257"
Saturday,2024-10-05,03:00,"6,736"
Saturday,2024-10-05,04:00,"2,768"
Saturday,2024-10-05,05:00,"2,485"
Saturday,2024-10-05,06:00,"2,673"
Saturday,2024-10-05,07:00,"2,996"
Saturday,2024-10-05,08:00,"3,098"
Saturday,2024-10-05,09:00,"3,016"
Saturday,2024-10-05,10:00,"3,276"
Saturday,2024-10-05,11:00,"3,409"
Saturday,2024-10-05,12:00,"3,459"
Saturday,2024-10-05,13:00,"3,502"
Saturday,2024-10-05,14:00,"3,487"
Saturday,2024-10-05,15:00,"3,373"
Saturday,2024-10-05,16:00,"3,641"
Saturday,2024-10-05,17:00,"3,299"
Saturday,2024-10-05,18:00,"2,817"
Saturday,2024-10-05,19:00,"2,677"
Saturday,2024-10-05,20:00,"2,514"
Saturday,2024-10-05,21:00,"2,320"
Saturday,2024-10-05,22:00,"2,121"
Saturday,2024-10-05,23:00,"2,390"
Sunday,2024-10-06,00:00,"2,413"
Sunday,2024-10-06,01:00,"2,321"
Sunday,2024-10-06,02:00,"2,205"
Sunday,2024-10-06,03:00,"4,405"
Sunday,2024-10-06,04:00,"1,961"
Sunday,2024-10-06,05:00,"1,888"
Sunday,2024-10-06,06:00,"1,996"
Sunday,2024-10-06,07:00,"2,019"
Sunday,2024-10-06,08:00,"2,331"
Sunday,2024-10-06,09:00,"2,455"
Sunday,2024-10-06,10:00,"2,612"
Sunday,2024-10-06,11:00,"2,914"
Sunday,2024-10-06,12:00,"2,949"
Sunday,2024-10-06,13:00,"2,933"
Sunday,2024-10-06,14:00,"2,996"
Sunday,2024-10-06,15:00,"3,078"
Sunday,2024-10-06,16:00,"3,046"
Sunday,2024-10-06,17:00,"2,799"
Sunday,2024-10-06,18:00,"2,592"
Sunday,2024-10-06,19:00,"2,549"
Sunday,2024-10-06,20:00,"2,465"
Sunday,2024-10-06,21:00,"2,296"
Sunday,2024-10-06,22:00,"2,295"
Sunday,2024-10-06,23:00,"2,372"
Monday,2024-10-07,00:00,"2,447"
Monday,2024-10-07,01:00,"2,450"
Monday,2024-10-07,02:00,"2,561"
Monday,2024-10-07,03:00,"5,527"
Monday,2024-10-07,04:00,"2,424"
Monday,2024-10-07,05:00,"2,439"
Monday,2024-10-07,06:00,"2,757"
Monday,2024-10-07,07:00,"2,984"
Monday,2024-10-07,08:00,"3,149"
Monday,2024-10-07,09:00,"3,289"
Monday,2024-10-07,10:00,"3,407"
Monday,2024-10-07,11:00,"3,706"
Monday,2024-10-07,12:00,"3,636"
Monday,2024-10-07,13:00,"3,595"
Monday,2024-10-07,14:00,"3,656"
Monday,2024-10-07,15:00,"3,895"
Monday,2024-10-07,16:00,"3,943"
Monday,2024-10-07,17:00,"3,577"
Monday,2024-10-07,18:00,"3,369"
Monday,2024-10-07,19:00,"3,017"
Monday,2024-10-07,20:00,"2,951"
Monday,2024-10-07,21:00,"2,837"
Monday,2024-10-07,22:00,"2,965"
Monday,2024-10-07,23:00,"2,654"
Tuesday,2024-10-08,00:00,"2,556"
Tuesday,2024-10-08,01:00,"2,665"
Tuesday,2024-10-08,02:00,"2,606"
Tuesday,2024-10-08,03:00,"5,757"
Tuesday,2024-10-08,04:00,"2,505"
Tuesday,2024-10-08,05:00,"2,522"
Tuesday,2024-10-08,06:00,"2,764"
Tuesday,2024-10-08,07:00,"2,823"
Tuesday,2024-10-08,08:00,"3,087"
Tuesday,2024-10-08,09:00,"3,120"
Tuesday,2024-10-08,10:00,"3,162"
Tuesday,2024-10-08,11:00,"3,600"
Tuesday,2024-10-08,12:00,"3,440"
Tuesday,2024-10-08,13:00,"3,377"
Tuesday,2024-10-08,14:00,"3,424"
Tuesday,2024-10-08,15:00,"3,568"
Tuesday,2024-10-08,16:00,"3,537"
Tuesday,2024-10-08,17:00,"3,277"
Tuesday,2024-10-08,18:00,"2,877"
Tuesday,2024-10-08,19:00,"2,521"
Tuesday,2024-10-08,20:00,"2,519"
Tuesday,2024-10-08,21:00,"2,318"
Tuesday,2024-10-08,22:00,"2,440"
Tuesday,2024-10-08,23:00,"2,256"
Wednesday,2024-10-09,00:00,"2,284"
Wednesday,2024-10-09,01:00,"2,334"
Wednesday,2024-10-09,02:00,"2,383"
Wednesday,2024-10-09,03:00,"4,929"
Wednesday,2024-10-09,04:00,"2,271"
Wednesday,2024-10-09,05:00,"2,480"
Wednesday,2024-10-09,06:00,"2,755"
Wednesday,2024-10-09,07:00,"2,813"
Wednesday,2024-10-09,08:00,"3,003"
Wednesday,2024-10-09,09:00,"3,220"
Wednesday,2024-10-09,10:00,"3,441"
Wednesday,2024-10-09,11:00,"3,562"
Wednesday,2024-10-09,12:00,"3,619"
Wednesday,2024-10-09,13:00,"3,778"
Wednesday,2024-10-09,14:00,"3,665"
Wednesday,2024-10-09,15:00,"3,644"
Wednesday,2024-10-09,16:00,"3,576"
Wednesday,2024-10-09,17:00,"3,429"
Wednesday,2024-10-09,18:00,"3,035"
Wednesday,2024-10-09,19:00,"2,950"
Wednesday,2024-10-09,20:00,"2,872"
Wednesday,2024-10-09,21:00,"2,754"
Wednesday,2024-10-09,22:00,"2,624"
Wednesday,2024-10-09,23:00,"2,506"
Thursday,2024-10-10,00:00,"2,370"
Thursday,2024-10-10,01:00,"2,509"
Thursday,2024-10-10,02:00,"2,596"
Thursday,2024-10-10,03:00,"5,322"
Thursday,2024-10-10,04:00,"2,366"
Thursday,2024-10-10,05:00,"2,342"
Thursday,2024-10-10,06:00,"2,653"
Thursday,2024-10-10,07:00,"2,851"
Thursday,2024-10-10,08:00,"3,004"
Thursday,2024-10-10,09:00,"2,990"
Thursday,2024-10-10,10:00,"3,193"
Thursday,2024-10-10,11:00,"3,072"
Thursday,2024-10-10,12:00,"3,125"
Thursday,2024-10-10,13:00,"2,921"
Thursday,2024-10-10,14:00,"3,320"
Thursday,2024-10-10,15:00,"2,911"
Thursday,2024-10-10,16:00,"2,956"
Thursday,2024-10-10,17:00,"2,822"
Thursday,2024-10-10,18:00,"2,527"
Thursday,2024-10-10,19:00,"2,344"
Thursday,2024-10-10,20:00,"2,353"
Thursday,2024-10-10,21:00,"2,108"
Thursday,2024-10-10,22:00,"2,204"
Thursday,2024-10-10,23:00,"2,164"
Friday,2024-10-11,00:00,"2,339"
Friday,2024-10-11,01:00,"2,340"
Friday,2024-10-11,02:00,"2,142"
Friday,2024-10-11,03:00,"5,143"
Friday,2024-10-11,04:00,"2,240"
Friday,2024-10-11,05:00,"2,135"
Friday,2024-10-11,06:00,"2,366"
Friday,2024-10-11,07:00,"2,595"
Friday,2024-10-11,08:00,"2,968"
Friday,2024-10-11,09:00,"3,129"
Friday,2024-10-11,10:00,"3,133"
Friday,2024-10-11,11:00,"3,340"
Friday,2024-10-11,12:00,"3,562"
Friday,2024-10-11,13:00,"3,530"
Friday,2024-10-11,14:00,"3,590"
Friday,2024-10-11,15:00,"3,873"
Friday,2024-10-11,16:00,"3,692"
Friday,2024-10-11,17:00,"3,564"
Friday,2024-10-11,18:00,"3,232"
Friday,2024-10-11,19:00,"2,656"
Friday,2024-10-11,20:00,"2,773"
Friday,2024-10-11,21:00,"2,643"
Friday,2024-10-11,22:00,"2,689"
Friday,2024-10-11,23:00,"2,682"
Saturday,2024-10-12,00:00,"2,521"
Saturday,2024-10-12,01:00,"2,363"
Saturday,2024-10-12,02:00,"2,259"
Saturday,2024-10-12,03:00,"4,883"
Saturday,2024-10-12,04:00,"2,249"
Saturday,2024-10-12,05:00,"2,292"
Saturday,2024-10-12,06:00,"2,335"
Saturday,2024-10-12,07:00,"2,552"
Saturday,2024-10-12,08:00,"3,222"
Saturday,2024-10-12,09:00,"3,303"
Saturday,2024-10-12,10:00,"3,497"
Saturday,2024-10-12,11:00,"3,317"
Saturday,2024-10-12,12:00,"3,345"
Saturday,2024-10-12,13:00,"3,266"
Saturday,2024-10-12,14:00,"3,284"
Saturday,2024-10-12,15:00,"3,258"
Saturday,2024-10-12,16:00,"3,360"
Saturday,2024-10-12,17:00,"3,367"
Saturday,2024-10-12,18:00,"3,122"
Saturday,2024-10-12,19:00,"2,752"
Saturday,2024-10-12,20:00,"2,531"
Saturday,2024-10-12,21:00,"2,355"
Saturday,2024-10-12,22:00,"2,314"
Saturday,2024-10-12,23:00,"2,295"
Sunday,2024-10-13,00:00,"2,270"
Sunday,2024-10-13,01:00,"2,737"
Sunday,2024-10-13,02:00,"2,701"
Sunday,2024-10-13,03:00,"5,152"
Sunday,2024-10-13,04:00,"2,210"
Sunday,2024-10-13,05:00,"2,215"
Sunday,2024-10-13,06:00,"2,267"
Sunday,2024-10-13,07:00,"2,311"
Sunday,2024-10-13,08:00,"2,572"
Sunday,2024-10-13,09:00,"2,438"
Sunday,2024-10-13,10:00,"2,612"
Sunday,2024-10-13,11:00,"2,575"
Sunday,2024-10-13,12:00,"2,374"
Sunday,2024-10-13,13:00,"2,407"
Sunday,2024-10-13,14:00,"2,476"
Sunday,2024-10-13,15:00,"1,980"
Sunday,2024-10-13,16:00,"3,104"
Sunday,2024-10-13,17:00,"2,607"
Sunday,2024-10-13,18:00,"2,516"
Sunday,2024-10-13,19:00,"2,614"
Sunday,2024-10-13,20:00,"2,571"
Sunday,2024-10-13,21:00,"2,413"
Sunday,2024-10-13,22:00,"2,531"
Sunday,2024-10-13,23:00,"2,464"
Monday,2024-10-14,00:00,"2,363"
Monday,2024-10-14,01:00,331.42
Monday,2024-10-14,02:00,325.49
Monday,2024-10-14,03:00,745.42
Monday,2024-10-14,04:00,323.19
Monday,2024-10-14,05:00,323.95
Monday,2024-10-14,06:00,320.81
Monday,2024-10-14,07:00,315.55
Monday,2024-10-14,08:00,312.25
Monday,2024-10-14,09:00,309.37
Monday,2024-10-14,10:00,316.35
Monday,2024-10-14,11:00,"1,866"
Monday,2024-10-14,12:00,"3,099"
Monday,2024-10-14,13:00,"3,008"
Monday,2024-10-14,14:00,"3,196"
Monday,2024-10-14,15:00,"3,179"
Monday,2024-10-14,16:00,"3,390"
Monday,2024-10-14,17:00,"3,307"
Monday,2024-10-14,18:00,"3,067"
Monday,2024-10-14,19:00,"2,752"
Monday,2024-10-14,20:00,"2,762"
Monday,2024-10-14,21:00,"2,632"
Monday,2024-10-14,22:00,"2,626"
Monday,2024-10-14,23:00,"2,532"
Tuesday,2024-10-15,00:00,"2,557"
Tuesday,2024-10-15,01:00,"2,655"
Tuesday,2024-10-15,02:00,"2,683"
Tuesday,2024-10-15,03:00,"5,821"
Tuesday,2024-10-15,04:00,"2,635"
Tuesday,2024-10-15,05:00,"2,750"
Tuesday,2024-10-15,06:00,"2,993"
Tuesday,2024-10-15,07:00,"3,124"
Tuesday,2024-10-15,08:00,"3,233"
Tuesday,2024-10-15,09:00,"3,518"
Tuesday,2024-10-15,10:00,"3,642"
Tuesday,2024-10-15,11:00,"3,533"
Tuesday,2024-10-15,12:00,"3,567"
Tuesday,2024-10-15,13:00,"3,390"
Tuesday,2024-10-15,14:00,"3,401"
Tuesday,2024-10-15,15:00,"3,602"
Tuesday,2024-10-15,16:00,"3,641"
Tuesday,2024-10-15,17:00,"3,323"
Tuesday,2024-10-15,18:00,"3,132"
Tuesday,2024-10-15,19:00,"2,906"
Tuesday,2024-10-15,20:00,"3,060"
Tuesday,2024-10-15,21:00,"3,142"
Tuesday,2024-10-15,22:00,"2,843"
Tuesday,2024-10-15,23:00,"2,878"
Wednesday,2024-10-16,00:00,"3,223"
Wednesday,2024-10-16,01:00,"2,953"
Wednesday,2024-10-16,02:00,"2,880"
Wednesday,2024-10-16,03:00,"6,280"
Wednesday,2024-10-16,04:00,"2,762"
Wednesday,2024-10-16,05:00,"2,753"
Wednesday,2024-10-16,06:00,"3,096"
Wednesday,2024-10-16,07:00,"3,335"
Wednesday,2024-10-16,08:00,"3,783"
Wednesday,2024-10-16,09:00,"3,723"
Wednesday,2024-10-16,10:00,"3,595"
Wednesday,2024-10-16,11:00,"3,376"
Wednesday,2024-10-16,12:00,"3,561"
Wednesday,2024-10-16,13:00,"3,422"
Wednesday,2024-10-16,14:00,"3,418"
Wednesday,2024-10-16,15:00,"3,619"
Wednesday,2024-10-16,16:00,"3,493"
Wednesday,2024-10-16,17:00,"3,769"
Wednesday,2024-10-16,18:00,"3,105"
Wednesday,2024-10-16,19:00,"2,790"
Wednesday,2024-10-16,20:00,"3,058"
Wednesday,2024-10-16,21:00,"2,852"
Wednesday,2024-10-16,22:00,"2,716"
Wednesday,2024-10-16,23:00,"2,628"
Thursday,2024-10-17,00:00,"2,622"
Thursday,2024-10-17,01:00,"2,762"
Thursday,2024-10-17,02:00,"2,744"
Thursday,2024-10-17,03:00,"6,086"
Thursday,2024-10-17,04:00,"2,623"
Thursday,2024-10-17,05:00,"2,983"
Thursday,2024-10-17,06:00,"2,916"
Thursday,2024-10-17,07:00,"3,047"
Thursday,2024-10-17,08:00,"3,498"
Thursday,2024-10-17,09:00,"3,593"
Thursday,2024-10-17,10:00,"3,686"
Thursday,2024-10-17,11:00,"3,500"
Thursday,2024-10-17,12:00,"3,375"
Thursday,2024-10-17,13:00,"3,607"
Thursday,2024-10-17,14:00,"3,518"
Thursday,2024-10-17,15:00,"3,302"
Thursday,2024-10-17,16:00,"3,176"
Thursday,2024-10-17,17:00,"3,254"
Thursday,2024-10-17,18:00,"3,009"
Thursday,2024-10-17,19:00,"2,725"
Thursday,2024-10-17,20:00,"2,770"
Thursday,2024-10-17,21:00,"2,675"
Thursday,2024-10-17,22:00,"2,715"
Thursday,2024-10-17,23:00,"2,644"
Friday,2024-10-18,00:00,"2,901"
Friday,2024-10-18,01:00,"2,668"
Friday,2024-10-18,02:00,"2,664"
Friday,2024-10-18,03:00,"5,410"
Friday,2024-10-18,04:00,"2,429"
Friday,2024-10-18,05:00,"2,454"
Friday,2024-10-18,06:00,"2,719"
Friday,2024-10-18,07:00,"2,924"
Friday,2024-10-18,08:00,"3,139"
Friday,2024-10-18,09:00,"3,152"
Friday,2024-10-18,10:00,"3,161"
Friday,2024-10-18,11:00,"3,492"
Friday,2024-10-18,12:00,"3,484"
Friday,2024-10-18,13:00,"3,339"
Friday,2024-10-18,14:00,"3,505"
Friday,2024-10-18,15:00,"3,544"
Friday,2024-10-18,16:00,"3,496"
Friday,2024-10-18,17:00,"3,367"
Friday,2024-10-18,18:00,"3,112"
Friday,2024-10-18,19:00,"2,827"
Friday,2024-10-18,20:00,"2,742"
Friday,2024-10-18,21:00,"2,921"
Friday,2024-10-18,22:00,"2,673"
Friday,2024-10-18,23:00,"2,933"
Saturday,2024-10-19,00:00,"2,658"
Saturday,2024-10-19,01:00,"2,525"
Saturday,2024-10-19,02:00,"2,546"
Saturday,2024-10-19,03:00,"5,405"
Saturday,2024-10-19,04:00,"2,349"
Saturday,2024-10-19,05:00,"2,310"
Saturday,2024-10-19,06:00,"2,347"
Saturday,2024-10-19,07:00,"2,525"
Saturday,2024-10-19,08:00,"2,681"
Saturday,2024-10-19,09:00,"2,506"
Saturday,2024-10-19,10:00,"2,620"
Saturday,2024-10-19,11:00,"2,883"
Saturday,2024-10-19,12:00,"3,117"
Saturday,2024-10-19,13:00,"3,118"
Saturday,2024-10-19,14:00,"3,221"
Saturday,2024-10-19,15:00,"3,300"
Saturday,2024-10-19,16:00,"3,242"
Saturday,2024-10-19,17:00,"3,247"
Saturday,2024-10-19,18:00,"2,966"
Saturday,2024-10-19,19:00,"2,714"
Saturday,2024-10-19,20:00,"2,813"
Saturday,2024-10-19,21:00,"2,666"
Saturday,2024-10-19,22:00,"2,530"
Saturday,2024-10-19,23:00,"2,541"
Sunday,2024-10-20,00:00,"2,604"
Sunday,2024-10-20,01:00,"3,159"
Sunday,2024-10-20,02:00,"3,107"
Sunday,2024-10-20,03:00,"5,290"
Sunday,2024-10-20,04:00,"2,443"
Sunday,2024-10-20,05:00,"2,368"
Sunday,2024-10-20,06:00,"2,439"
Sunday,2024-10-20,07:00,"2,526"
Sunday,2024-10-20,08:00,"2,642"
Sunday,2024-10-20,09:00,"2,599"
Sunday,2024-10-20,10:00,"2,979"
Sunday,2024-10-20,11:00,"3,009"
Sunday,2024-10-20,12:00,"3,078"
Sunday,2024-10-20,13:00,"3,048"
Sunday,2024-10-20,14:00,"3,294"
Sunday,2024-10-20,15:00,"3,304"
Sunday,2024-10-20,16:00,"3,373"
Sunday,2024-10-20,17:00,"3,335"
Sunday,2024-10-20,18:00,"2,975"
Sunday,2024-10-20,19:00,"2,799"
Sunday,2024-10-20,20:00,"2,579"
Sunday,2024-10-20,21:00,"2,492"
Sunday,2024-10-20,22:00,"2,591"
Sunday,2024-10-20,23:00,"2,527"
Monday,2024-10-21,00:00,"2,631"
Monday,2024-10-21,01:00,"2,596"
Monday,2024-10-21,02:00,"2,338"
Monday,2024-10-21,03:00,"5,382"
Monday,2024-10-21,04:00,"2,350"
Monday,2024-10-21,05:00,"2,300"
Monday,2024-10-21,06:00,"2,561"
Monday,2024-10-21,07:00,"2,397"
Monday,2024-10-21,08:00,"2,711"
Monday,2024-10-21,09:00,"3,895"
Monday,2024-10-21,10:00,"3,593"
Monday,2024-10-21,11:00,"4,024"
Monday,2024-10-21,12:00,"3,985"
Monday,2024-10-21,13:00,"4,232"
Monday,2024-10-21,14:00,"4,240"
Monday,2024-10-21,15:00,"4,533"
Monday,2024-10-21,16:00,"4,519"
Monday,2024-10-21,17:00,"4,107"
Monday,2024-10-21,18:00,"3,730"
Monday,2024-10-21,19:00,"3,240"
Monday,2024-10-21,20:00,"3,230"
Monday,2024-10-21,21:00,"3,026"
Monday,2024-10-21,22:00,"2,990"
Monday,2024-10-21,23:00,"2,892"
Tuesday,2024-10-22,00:00,"2,768"
Tuesday,2024-10-22,01:00,"2,777"
Tuesday,2024-10-22,02:00,"2,709"
Tuesday,2024-10-22,03:00,"6,082"
Tuesday,2024-10-22,04:00,"2,671"
Tuesday,2024-10-22,05:00,"2,681"
Tuesday,2024-10-22,06:00,"2,901"
Tuesday,2024-10-22,07:00,"3,200"
Tuesday,2024-10-22,08:00,"3,506"
Tuesday,2024-10-22,09:00,"4,151"
Tuesday,2024-10-22,10:00,"4,059"
Tuesday,2024-10-22,11:00,"4,375"
Tuesday,2024-10-22,12:00,"6,492"
Tuesday,2024-10-22,13:00,"8,679"
Tuesday,2024-10-22,14:00,"8,911"
Tuesday,2024-10-22,15:00,"8,933"
Tuesday,2024-10-22,16:00,"8,894"
Tuesday,2024-10-22,17:00,"8,500"
Tuesday,2024-10-22,18:00,"8,012"
Tuesday,2024-10-22,19:00,"7,657"
Tuesday,2024-10-22,20:00,"7,850"
Tuesday,2024-10-22,21:00,"7,556"
Tuesday,2024-10-22,22:00,"7,188"
Tuesday,2024-10-22,23:00,"7,302"
Wednesday,2024-10-23,00:00,"7,133"
Wednesday,2024-10-23,01:00,"7,074"
Wednesday,2024-10-23,02:00,"7,140"
Wednesday,2024-10-23,03:00,"15,659"
Wednesday,2024-10-23,04:00,"7,059"
Wednesday,2024-10-23,05:00,"7,181"
Wednesday,2024-10-23,06:00,"7,476"
Wednesday,2024-10-23,07:00,"7,618"
Wednesday,2024-10-23,08:00,"7,974"
Wednesday,2024-10-23,09:00,"8,110"
Wednesday,2024-10-23,10:00,"8,331"
Wednesday,2024-10-23,11:00,"8,519"
Wednesday,2024-10-23,12:00,"8,738"
Wednesday,2024-10-23,13:00,"8,931"
Wednesday,2024-10-23,14:00,"8,819"
Wednesday,2024-10-23,15:00,"8,704"
Wednesday,2024-10-23,16:00,"8,875"
Wednesday,2024-10-23,17:00,"8,752"
Wednesday,2024-10-23,18:00,"8,436"
Wednesday,2024-10-23,19:00,"8,263"
Wednesday,2024-10-23,20:00,"8,202"
Wednesday,2024-10-23,21:00,"7,833"
Wednesday,2024-10-23,22:00,"7,769"
Wednesday,2024-10-23,23:00,"7,702"
Thursday,2024-10-24,00:00,"7,757"
Thursday,2024-10-24,01:00,"7,721"
Thursday,2024-10-24,02:00,"7,685"
Thursday,2024-10-24,03:00,"17,123"
Thursday,2024-10-24,04:00,"7,385"
Thursday,2024-10-24,05:00,"7,443"
Thursday,2024-10-24,06:00,"7,881"
Thursday,2024-10-24,07:00,"8,030"
Thursday,2024-10-24,08:00,"8,282"
Thursday,2024-10-24,09:00,"8,265"
Thursday,2024-10-24,10:00,"8,493"
Thursday,2024-10-24,11:00,"8,643"
Thursday,2024-10-24,12:00,"8,490"
Thursday,2024-10-24,13:00,"8,347"
Thursday,2024-10-24,14:00,"8,234"
Thursday,2024-10-24,15:00,"8,169"
Thursday,2024-10-24,16:00,"5,723"
Thursday,2024-10-24,17:00,"3,507"
Thursday,2024-10-24,18:00,"3,073"
Thursday,2024-10-24,19:00,"2,746"
Thursday,2024-10-24,20:00,"2,483"
Thursday,2024-10-24,21:00,"2,420"
Thursday,2024-10-24,22:00,"2,231"
Thursday,2024-10-24,23:00,"2,227"
Friday,2024-10-25,00:00,"2,285"
Friday,2024-10-25,01:00,"2,167"
Friday,2024-10-25,02:00,"2,110"
Friday,2024-10-25,03:00,"5,441"
Friday,2024-10-25,04:00,"2,141"
Friday,2024-10-25,05:00,"2,114"
Friday,2024-10-25,06:00,"2,318"
Friday,2024-10-25,07:00,"5,203"
Friday,2024-10-25,08:00,"3,163"
Friday,2024-10-25,09:00,"3,179"
Friday,2024-10-25,10:00,"3,435"
Friday,2024-10-25,11:00,"3,458"
Friday,2024-10-25,12:00,"3,101"
Friday,2024-10-25,13:00,"2,486"
Friday,2024-10-25,14:00,"3,125"
Friday,2024-10-25,15:00,"3,384"
Friday,2024-10-25,16:00,"3,129"
Friday,2024-10-25,17:00,"3,188"
Friday,2024-10-25,18:00,"2,570"
Friday,2024-10-25,19:00,"2,378"
Friday,2024-10-25,20:00,"2,230"
Friday,2024-10-25,21:00,"2,153"
Friday,2024-10-25,22:00,"1,883"
Friday,2024-10-25,23:00,"1,920"
Saturday,2024-10-26,00:00,"2,105"
Saturday,2024-10-26,01:00,"2,206"
Saturday,2024-10-26,02:00,"1,984"
Saturday,2024-10-26,03:00,"4,310"
Saturday,2024-10-26,04:00,"1,807"
Saturday,2024-10-26,05:00,"1,811"
Saturday,2024-10-26,06:00,"1,823"
Saturday,2024-10-26,07:00,"1,940"
Saturday,2024-10-26,08:00,"1,949"
Saturday,2024-10-26,09:00,"2,378"
Saturday,2024-10-26,10:00,"2,502"
Saturday,2024-10-26,11:00,"2,852"
Saturday,2024-10-26,12:00,"2,820"
Saturday,2024-10-26,13:00,"2,817"
Saturday,2024-10-26,14:00,"2,946"
Saturday,2024-10-26,15:00,"3,004"
Saturday,2024-10-26,16:00,"3,019"
Saturday,2024-10-26,17:00,"2,670"
Saturday,2024-10-26,18:00,"2,477"
Saturday,2024-10-26,19:00,"2,246"
Saturday,2024-10-26,20:00,"2,257"
Saturday,2024-10-26,21:00,"1,914"
Saturday,2024-10-26,22:00,"1,794"
Saturday,2024-10-26,23:00,"1,901"
Sunday,2024-10-27,00:00,"1,918"
Sunday,2024-10-27,01:00,"1,978"
Sunday,2024-10-27,02:00,"1,873"
Sunday,2024-10-27,03:00,"4,291"
Sunday,2024-10-27,04:00,"1,823"
Sunday,2024-10-27,05:00,"1,778"
Sunday,2024-10-27,06:00,"1,930"
Sunday,2024-10-27,07:00,"1,933"
Sunday,2024-10-27,08:00,"2,188"
Sunday,2024-10-27,09:00,"2,172"
Sunday,2024-10-27,10:00,"2,097"
Sunday,2024-10-27,11:00,"2,106"
Sunday,2024-10-27,12:00,"2,053"
Sunday,2024-10-27,13:00,"2,188"
Sunday,2024-10-27,14:00,"2,117"
Sunday,2024-10-27,15:00,"2,259"
Sunday,2024-10-27,16:00,"2,336"
Sunday,2024-10-27,17:00,"2,113"
Sunday,2024-10-27,18:00,"2,114"
Sunday,2024-10-27,19:00,"1,951"
Sunday,2024-10-27,20:00,"1,819"
Sunday,2024-10-27,21:00,"2,001"
Sunday,2024-10-27,22:00,"2,071"
Sunday,2024-10-27,23:00,"2,042"
Monday,2024-10-28,00:00,"2,027"
Monday,2024-10-28,01:00,"1,960"
Monday,2024-10-28,02:00,"2,084"
Monday,2024-10-28,03:00,"4,250"
Monday,2024-10-28,04:00,"1,856"
Monday,2024-10-28,05:00,"1,917"
Monday,2024-10-28,06:00,"2,304"
Monday,2024-10-28,07:00,"2,447"
Monday,2024-10-28,08:00,"2,522"
Monday,2024-10-28,09:00,"2,491"
Monday,2024-10-28,10:00,"2,622"
Monday,2024-10-28,11:00,"2,601"
Monday,2024-10-28,12:00,"2,480"
Monday,2024-10-28,13:00,"2,554"
Monday,2024-10-28,14:00,"2,404"
Monday,2024-10-28,15:00,"2,653"
Monday,2024-10-28,16:00,"2,481"
Monday,2024-10-28,17:00,"2,452"
Monday,2024-10-28,18:00,"2,121"
Monday,2024-10-28,19:00,"2,055"
Monday,2024-10-28,20:00,"2,014"
Monday,2024-10-28,21:00,"2,116"
Monday,2024-10-28,22:00,"1,933"
Monday,2024-10-28,23:00,"1,916"
Tuesday,2024-10-29,00:00,"2,087"
Tuesday,2024-10-29,01:00,"1,927"
Tuesday,2024-10-29,02:00,"1,911"
Tuesday,2024-10-29,03:00,"4,318"
Tuesday,2024-10-29,04:00,"2,072"
Tuesday,2024-10-29,05:00,"2,078"
Tuesday,2024-10-29,06:00,"2,325"
Tuesday,2024-10-29,07:00,"2,390"
Tuesday,2024-10-29,08:00,"2,551"
Tuesday,2024-10-29,09:00,"2,710"
Tuesday,2024-10-29,10:00,"2,749"
Tuesday,2024-10-29,11:00,"2,739"
Tuesday,2024-10-29,12:00,"3,182"
Tuesday,2024-10-29,13:00,"2,698"
Tuesday,2024-10-29,14:00,"2,532"
Tuesday,2024-10-29,15:00,995.43
Tuesday,2024-10-29,16:00,315.39
Tuesday,2024-10-29,17:00,310.76
Tuesday,2024-10-29,18:00,316.55
Tuesday,2024-10-29,19:00,322.16
Tuesday,2024-10-29,20:00,308.53
Tuesday,2024-10-29,21:00,308.72
Tuesday,2024-10-29,22:00,312.8
Tuesday,2024-10-29,23:00,322.43
Wednesday,2024-10-30,00:00,321.01
Wednesday,2024-10-30,01:00,329.46
Wednesday,2024-10-30,02:00,327.97
Wednesday,2024-10-30,03:00,761.23
Wednesday,2024-10-30,04:00,329.15
Wednesday,2024-10-30,05:00,332.81
Wednesday,2024-10-30,06:00,323.62
Wednesday,2024-10-30,07:00,328.7
Wednesday,2024-10-30,08:00,295.99
Wednesday,2024-10-30,09:00,204.37
Wednesday,2024-10-30,10:00,205.88
Wednesday,2024-10-30,11:00,193.2
Wednesday,2024-10-30,12:00,185.51
Wednesday,2024-10-30,13:00,201.39
Wednesday,2024-10-30,14:00,189.19
Wednesday,2024-10-30,15:00,189.47
Wednesday,2024-10-30,16:00,221.86
Wednesday,2024-10-30,17:00,246.17
Wednesday,2024-10-30,18:00,264.32
Wednesday,2024-10-30,19:00,312.65
Wednesday,2024-10-30,20:00,326.34
Wednesday,2024-10-30,21:00,320.95
Wednesday,2024-10-30,22:00,308.84
Wednesday,2024-10-30,23:00,316.39
Thursday,2024-10-31,00:00,317.53
Thursday,2024-10-31,01:00,320.91
Thursday,2024-10-31,02:00,320.56
Thursday,2024-10-31,03:00,748.71
Thursday,2024-10-31,04:00,329.5
Thursday,2024-10-31,05:00,324.88
Thursday,2024-10-31,06:00,317.7
Thursday,2024-10-31,07:00,320.63
Thursday,2024-10-31,08:00,317.97
Thursday,2024-10-31,09:00,307.72
Thursday,2024-10-31,10:00,313.71
Thursday,2024-10-31,11:00,314.25
Thursday,2024-10-31,12:00,306.17
Thursday,2024-10-31,13:00,300.57
Thursday,2024-10-31,14:00,309.59
Thursday,2024-10-31,15:00,315.04
Thursday,2024-10-31,16:00,318.37
Thursday,2024-10-31,17:00,308.72
Thursday,2024-10-31,18:00,315.17
Thursday,2024-10-31,19:00,314.44
Thursday,2024-10-31,20:00,318.84
Thursday,2024-10-31,21:00,316.92
Thursday,2024-10-31,22:00,316.12
Thursday,2024-10-31,23:00,315.43
Friday,2024-11-01,00:00,316.75
Friday,2024-11-01,01:00,324.19
Friday,2024-11-01,02:00,320.59
Friday,2024-11-01,03:00,716.73
Friday,2024-11-01,04:00,324.72
Friday,2024-11-01,05:00,324.9
Friday,2024-11-01,06:00,328.11
Friday,2024-11-01,07:00,328.81
Friday,2024-11-01,08:00,330.66
Friday,2024-11-01,09:00,313.66
Friday,2024-11-01,10:00,314.26
Friday,2024-11-01,11:00,317.36
Friday,2024-11-01,12:00,317.08
Friday,2024-11-01,13:00,311.54
Friday,2024-11-01,14:00,309.06
Friday,2024-11-01,15:00,312.16
Friday,2024-11-01,16:00,312.79
Friday,2024-11-01,17:00,310.78
Friday,2024-11-01,18:00,320.78
Friday,2024-11-01,19:00,322.31
Friday,2024-11-01,20:00,319.82
Friday,2024-11-01,21:00,323.07
Friday,2024-11-01,22:00,316.43
Friday,2024-11-01,23:00,321.3
Saturday,2024-11-02,00:00,331.13
Saturday,2024-11-02,01:00,331.39
Saturday,2024-11-02,02:00,328.63
Saturday,2024-11-02,03:00,737.63
Saturday,2024-11-02,04:00,319.59
Saturday,2024-11-02,05:00,316.68
Saturday,2024-11-02,06:00,320.44
Saturday,2024-11-02,07:00,324.7
Saturday,2024-11-02,08:00,326.06
Saturday,2024-11-02,09:00,322.39
Saturday,2024-11-02,10:00,323.63
Saturday,2024-11-02,11:00,317.32
Saturday,2024-11-02,12:00,323.85
Saturday,2024-11-02,13:00,316.69
Saturday,2024-11-02,14:00,314.37
Saturday,2024-11-02,15:00,304.12
Saturday,2024-11-02,16:00,308.61
Saturday,2024-11-02,17:00,313.23
Saturday,2024-11-02,18:00,312.27
Saturday,2024-11-02,19:00,313.51
Saturday,2024-11-02,20:00,316.94
Saturday,2024-11-02,21:00,320.53
Saturday,2024-11-02,22:00,322.98
Saturday,2024-11-02,23:00,"1,958"
Sunday,2024-11-03,00:00,399.7
Sunday,2024-11-03,01:00,886.71
Sunday,2024-11-03,02:00,321.63
Sunday,2024-11-03,03:00,724.74
Sunday,2024-11-03,04:00,324.81
Sunday,2024-11-03,05:00,323.26
Sunday,2024-11-03,06:00,316.53
Sunday,2024-11-03,07:00,312.62
Sunday,2024-11-03,08:00,231.98
Sunday,2024-11-03,09:00,397.36
Sunday,2024-11-03,10:00,324.47
Sunday,2024-11-03,11:00,326.38
Sunday,2024-11-03,12:00,316.7
Sunday,2024-11-03,13:00,321.66
Sunday,2024-11-03,14:00,313.23
Sunday,2024-11-03,15:00,316.58
Sunday,2024-11-03,16:00,310.35
Sunday,2024-11-03,17:00,312.26
Sunday,2024-11-03,18:00,311.48
Sunday,2024-11-03,19:00,309.84
Sunday,2024-11-03,20:00,313.7
Sunday,2024-11-03,21:00,317.46
Sunday,2024-11-03,22:00,321.42
Sunday,2024-11-03,23:00,320.92
Monday,2024-11-04,00:00,328.82
Monday,2024-11-04,01:00,317.9
Monday,2024-11-04,02:00,322.74
Monday,2024-11-04,03:00,721.77
Monday,2024-11-04,04:00,326.33
Monday,2024-11-04,05:00,326.66
Monday,2024-11-04,06:00,322.37
Monday,2024-11-04,07:00,319
Monday,2024-11-04,08:00,310.75
Monday,2024-11-04,09:00,336.22
Monday,2024-11-04,10:00,329.3
Monday,2024-11-04,11:00,322.08
Monday,2024-11-04,12:00,333.08
Monday,2024-11-04,13:00,333.21
Monday,2024-11-04,14:00,325
Monday,2024-11-04,15:00,315.27
Monday,2024-11-04,16:00,324.8
Monday,2024-11-04,17:00,326.86
Monday,2024-11-04,18:00,326.72
Monday,2024-11-04,19:00,325.28
Monday,2024-11-04,20:00,331.61
Monday,2024-11-04,21:00,330.34
Monday,2024-11-04,22:00,"1,563"
Monday,2024-11-04,23:00,"1,965"
Tuesday,2024-11-05,00:00,"1,832"
Tuesday,2024-11-05,01:00,"1,925"
Tuesday,2024-11-05,02:00,"2,174"
Tuesday,2024-11-05,03:00,"5,147"
Tuesday,2024-11-05,04:00,"2,065"
Tuesday,2024-11-05,05:00,"2,006"
Tuesday,2024-11-05,06:00,"2,242"
Tuesday,2024-11-05,07:00,"2,321"
Tuesday,2024-11-05,08:00,"2,678"
Tuesday,2024-11-05,09:00,"3,644"
Tuesday,2024-11-05,10:00,"3,425"
Tuesday,2024-11-05,11:00,"3,600"
Tuesday,2024-11-05,12:00,"3,651"
Tuesday,2024-11-05,13:00,"3,673"
Tuesday,2024-11-05,14:00,"3,927"
Tuesday,2024-11-05,15:00,"3,727"
Tuesday,2024-11-05,16:00,"3,902"
Tuesday,2024-11-05,17:00,"3,452"
Tuesday,2024-11-05,18:00,"3,686"
Tuesday,2024-11-05,19:00,"3,043"
Tuesday,2024-11-05,20:00,"3,070"
Tuesday,2024-11-05,21:00,"2,953"
Tuesday,2024-11-05,22:00,"2,939"
Tuesday,2024-11-05,23:00,"2,100"
Wednesday,2024-11-06,00:00,"3,698"
Wednesday,2024-11-06,01:00,"3,281"
Wednesday,2024-11-06,02:00,"2,825"
Wednesday,2024-11-06,03:00,"6,187"
Wednesday,2024-11-06,04:00,"2,772"
Wednesday,2024-11-06,05:00,"3,038"
Wednesday,2024-11-06,06:00,"3,388"
Wednesday,2024-11-06,07:00,"3,433"
Wednesday,2024-11-06,08:00,"3,922"
Wednesday,2024-11-06,09:00,"4,057"
Wednesday,2024-11-06,10:00,"4,520"
Wednesday,2024-11-06,11:00,"4,479"
Wednesday,2024-11-06,12:00,"3,971"
Wednesday,2024-11-06,13:00,828.68
Wednesday,2024-11-06,14:00,"1,939"
Wednesday,2024-11-06,15:00,531.69
Wednesday,2024-11-06,16:00,657.75
Wednesday,2024-11-06,17:00,422.57
Wednesday,2024-11-06,18:00,312.58
Wednesday,2024-11-06,19:00,320.73
Wednesday,2024-11-06,20:00,313.96
Wednesday,2024-11-06,21:00,321.72
Wednesday,2024-11-06,22:00,322.2
Wednesday,2024-11-06,23:00,240.55
Thursday,2024-11-07,00:00,404.24
Thursday,2024-11-07,01:00,326.01
Thursday,2024-11-07,02:00,325.56
Thursday,2024-11-07,03:00,743.33
Thursday,2024-11-07,04:00,324.9
Thursday,2024-11-07,05:00,329.48
Thursday,2024-11-07,06:00,338.83
Thursday,2024-11-07,07:00,324.28
Thursday,2024-11-07,08:00,319.67
Thursday,2024-11-07,09:00,314.1
Thursday,2024-11-07,10:00,309.71
Thursday,2024-11-07,11:00,310.45
Thursday,2024-11-07,12:00,322.47
Thursday,2024-11-07,13:00,316.21
Thursday,2024-11-07,14:00,328.1
Thursday,2024-11-07,15:00,316.88
Thursday,2024-11-07,16:00,325.93
Thursday,2024-11-07,17:00,319.8
Thursday,2024-11-07,18:00,304.44
Thursday,2024-11-07,19:00,314.92
Thursday,2024-11-07,20:00,321.42
Thursday,2024-11-07,21:00,320.6
Thursday,2024-11-07,22:00,322.56
Thursday,2024-11-07,23:00,327.53
Friday,2024-11-08,00:00,333.4
Friday,2024-11-08,01:00,325.1
Friday,2024-11-08,02:00,325.62
Friday,2024-11-08,03:00,695.1
Friday,2024-11-08,04:00,323.93
Friday,2024-11-08,05:00,319.07
Friday,2024-11-08,06:00,322.48
Friday,2024-11-08,07:00,319.44
Friday,2024-11-08,08:00,316.74
Friday,2024-11-08,09:00,313.9
Friday,2024-11-08,10:00,306.61
Friday,2024-11-08,11:00,311.01
Friday,2024-11-08,12:00,362.83
Friday,2024-11-08,13:00,"2,939"
Friday,2024-11-08,14:00,763.62
Friday,2024-11-08,15:00,311.45
Friday,2024-11-08,16:00,318.88
Friday,2024-11-08,17:00,319.85
Friday,2024-11-08,18:00,322.13
Friday,2024-11-08,19:00,317.96
Friday,2024-11-08,20:00,323.21
Friday,2024-11-08,21:00,316.99
Friday,2024-11-08,22:00,306.96
Friday,2024-11-08,23:00,315.13
Saturday,2024-11-09,00:00,324.26
Saturday,2024-11-09,01:00,323.67
Saturday,2024-11-09,02:00,333.5
Saturday,2024-11-09,03:00,719.5
Saturday,2024-11-09,04:00,325.99
Saturday,2024-11-09,05:00,333.21
Saturday,2024-11-09,06:00,324.91
Saturday,2024-11-09,07:00,321.69
Saturday,2024-11-09,08:00,312.47
Saturday,2024-11-09,09:00,313.88
Saturday,2024-11-09,10:00,317.56
Saturday,2024-11-09,11:00,315.2
Saturday,2024-11-09,12:00,310.64
Saturday,2024-11-09,13:00,316.77
Saturday,2024-11-09,14:00,318.15
Saturday,2024-11-09,15:00,312.14
Saturday,2024-11-09,16:00,307.97
Saturday,2024-11-09,17:00,306.13
Saturday,2024-11-09,18:00,315.7
Saturday,2024-11-09,19:00,319.11
Saturday,2024-11-09,20:00,315.59
Saturday,2024-11-09,21:00,315.57
Saturday,2024-11-09,22:00,326.51
Saturday,2024-11-09,23:00,323.34
Sunday,2024-11-10,00:00,324.5
Sunday,2024-11-10,01:00,322.63
Sunday,2024-11-10,02:00,321.02
Sunday,2024-11-10,03:00,722.19
Sunday,2024-11-10,04:00,323.61
Sunday,2024-11-10,05:00,327.88
Sunday,2024-11-10,06:00,324.74
Sunday,2024-11-10,07:00,326.98
Sunday,2024-11-10,08:00,311.97
Sunday,2024-11-10,09:00,312.92
Sunday,2024-11-10,10:00,309.82
Sunday,2024-11-10,11:00,313.78
Sunday,2024-11-10,12:00,309.45
Sunday,2024-11-10,13:00,321.24
Sunday,2024-11-10,14:00,314.08
Sunday,2024-11-10,15:00,316.39
Sunday,2024-11-10,16:00,321.26
Sunday,2024-11-10,17:00,316.49
Sunday,2024-11-10,18:00,312.07
Sunday,2024-11-10,19:00,320.68
Sunday,2024-11-10,20:00,309.76
Sunday,2024-11-10,21:00,316.8
Sunday,2024-11-10,22:00,325.48
Sunday,2024-11-10,23:00,322.69
Monday,2024-11-11,00:00,328.22
Monday,2024-11-11,01:00,327.79
Monday,2024-11-11,02:00,323.56
Monday,2024-11-11,03:00,718.11
Monday,2024-11-11,04:00,319.42
Monday,2024-11-11,05:00,314.1
Monday,2024-11-11,06:00,323.78
Monday,2024-11-11,07:00,317.67
Monday,2024-11-11,08:00,321.34
Monday,2024-11-11,09:00,322.36
Monday,2024-11-11,10:00,315
Monday,2024-11-11,11:00,239.59
Monday,2024-11-11,12:00,398.64
Monday,2024-11-11,13:00,318.19
Monday,2024-11-11,14:00,316.42
Monday,2024-11-11,15:00,317.26
Monday,2024-11-11,16:00,316.01
Monday,2024-11-11,17:00,320.25
Monday,2024-11-11,18:00,311.77
Monday,2024-11-11,19:00,314.63
Monday,2024-11-11,20:00,316.38
Monday,2024-11-11,21:00,314.8
Monday,2024-11-11,22:00,324.31
Monday,2024-11-11,23:00,322
Tuesday,2024-11-12,00:00,323.85
Tuesday,2024-11-12,01:00,327.75
Tuesday,2024-11-12,02:00,324.04
Tuesday,2024-11-12,03:00,750.19
Tuesday,2024-11-12,04:00,331.27
Tuesday,2024-11-12,05:00,333.22
Tuesday,2024-11-12,06:00,321.9
Tuesday,2024-11-12,07:00,326.78
Tuesday,2024-11-12,08:00,229.72
Tuesday,2024-11-12,09:00,"4,506"
Tuesday,2024-11-12,10:00,762.92
Tuesday,2024-11-12,11:00,316.05
Tuesday,2024-11-12,12:00,315.72
Tuesday,2024-11-12,13:00,322.2
Tuesday,2024-11-12,14:00,323.82
Tuesday,2024-11-12,15:00,313.78
Tuesday,2024-11-12,16:00,313.1
Tuesday,2024-11-12,17:00,317.55
Tuesday,2024-11-12,18:00,315.43
Tuesday,2024-11-12,19:00,315.69
Tuesday,2024-11-12,20:00,319.12
Tuesday,2024-11-12,21:00,317.61
Tuesday,2024-11-12,22:00,319.49
Tuesday,2024-11-12,23:00,315.86
Wednesday,2024-11-13,00:00,322.75
Wednesday,2024-11-13,01:00,330.51
Wednesday,2024-11-13,02:00,325.23
Wednesday,2024-11-13,03:00,720.98
Wednesday,2024-11-13,04:00,318.14
Wednesday,2024-11-13,05:00,319.31
Wednesday,2024-11-13,06:00,325.67
Wednesday,2024-11-13,07:00,318.13
Wednesday,2024-11-13,08:00,316.19
Wednesday,2024-11-13,09:00,304.73
Wednesday,2024-11-13,10:00,311.35
Wednesday,2024-11-13,11:00,320
Wednesday,2024-11-13,12:00,316.59
Wednesday,2024-11-13,13:00,309.13
Wednesday,2024-11-13,14:00,319.07
Wednesday,2024-11-13,15:00,308.91
Wednesday,2024-11-13,16:00,317.52
Wednesday,2024-11-13,17:00,310.73
Wednesday,2024-11-13,18:00,311.1
Wednesday,2024-11-13,19:00,306.37
Wednesday,2024-11-13,20:00,310.67
Wednesday,2024-11-13,21:00,"1,166"
Wednesday,2024-11-13,22:00,314.72
Wednesday,2024-11-13,23:00,310.37
Thursday,2024-11-14,00:00,319.68
Thursday,2024-11-14,01:00,325.28
Thursday,2024-11-14,02:00,326.74
Thursday,2024-11-14,03:00,747.87
Thursday,2024-11-14,04:00,318.44
Thursday,2024-11-14,05:00,325.83
Thursday,2024-11-14,06:00,321.22
Thursday,2024-11-14,07:00,316.6
Thursday,2024-11-14,08:00,309.93
Thursday,2024-11-14,09:00,313.8
Thursday,2024-11-14,10:00,320.12
Thursday,2024-11-14,11:00,309.26
Thursday,2024-11-14,12:00,309.64
Thursday,2024-11-14,13:00,237.43
Thursday,2024-11-14,14:00,395.5
Thursday,2024-11-14,15:00,314.2
Thursday,2024-11-14,16:00,316
Thursday,2024-11-14,17:00,317.32
Thursday,2024-11-14,18:00,313.91
Thursday,2024-11-14,19:00,306.81
Thursday,2024-11-14,20:00,320.15
Thursday,2024-11-14,21:00,313.38
Thursday,2024-11-14,22:00,314.69
Thursday,2024-11-14,23:00,315.44
Friday,2024-11-15,00:00,321.88
Friday,2024-11-15,01:00,330.21
Friday,2024-11-15,02:00,323.8
Friday,2024-11-15,03:00,752.27
Friday,2024-11-15,04:00,320.96
Friday,2024-11-15,05:00,323.66
Friday,2024-11-15,06:00,319.03
Friday,2024-11-15,07:00,323.63
Friday,2024-11-15,08:00,313.51
Friday,2024-11-15,09:00,307.59
Friday,2024-11-15,10:00,318.49
Friday,2024-11-15,11:00,313.48
Friday,2024-11-15,12:00,310.51
Friday,2024-11-15,13:00,304.88
Friday,2024-11-15,14:00,308.25
Friday,2024-11-15,15:00,310.11
Friday,2024-11-15,16:00,317.17
Friday,2024-11-15,17:00,307.96
Friday,2024-11-15,18:00,308.29
Friday,2024-11-15,19:00,316.1
Friday,2024-11-15,20:00,317.38
Friday,2024-11-15,21:00,313.75
Friday,2024-11-15,22:00,316.29
Friday,2024-11-15,23:00,315.03
Saturday,2024-11-16,00:00,321
Saturday,2024-11-16,01:00,320.62
Saturday,2024-11-16,02:00,320.19
Saturday,2024-11-16,03:00,737.21
Saturday,2024-11-16,04:00,316.57
Saturday,2024-11-16,05:00,318.1
Saturday,2024-11-16,06:00,315.68
Saturday,2024-11-16,07:00,319.81
Saturday,2024-11-16,08:00,313.28
Saturday,2024-11-16,09:00,309.47
Saturday,2024-11-16,10:00,313.4
Saturday,2024-11-16,11:00,315.52
Saturday,2024-11-16,12:00,311.47
Saturday,2024-11-16,13:00,318.74
Saturday,2024-11-16,14:00,309.19
Saturday,2024-11-16,15:00,310.69
Saturday,2024-11-16,16:00,312.35
Saturday,2024-11-16,17:00,314.16
Saturday,2024-11-16,18:00,311.84
Saturday,2024-11-16,19:00,310.34
Saturday,2024-11-16,20:00,317.83
Saturday,2024-11-16,21:00,312.46
Saturday,2024-11-16,22:00,314.89
Saturday,2024-11-16,23:00,321.16
Sunday,2024-11-17,00:00,325.72
Sunday,2024-11-17,01:00,321.73
Sunday,2024-11-17,02:00,323.04
Sunday,2024-11-17,03:00,736.81
Sunday,2024-11-17,04:00,319.91
Sunday,2024-11-17,05:00,324.74
Sunday,2024-11-17,06:00,316.28
Sunday,2024-11-17,07:00,314.26
Sunday,2024-11-17,08:00,312.3
Sunday,2024-11-17,09:00,309.65
Sunday,2024-11-17,10:00,312.53
Sunday,2024-11-17,11:00,310.65
Sunday,2024-11-17,12:00,309.07
Sunday,2024-11-17,13:00,311.52
Sunday,2024-11-17,14:00,315.37
Sunday,2024-11-17,15:00,307.13
Sunday,2024-11-17,16:00,308.54
Sunday,2024-11-17,17:00,310.47
Sunday,2024-11-17,18:00,308.88
Sunday,2024-11-17,19:00,306.05
Sunday,2024-11-17,20:00,313.59
Sunday,2024-11-17,21:00,320.01
Sunday,2024-11-17,22:00,322.33
Sunday,2024-11-17,23:00,319.86
Monday,2024-11-18,00:00,317.84
Monday,2024-11-18,01:00,320.36
Monday,2024-11-18,02:00,318.71
Monday,2024-11-18,03:00,718.8
Monday,2024-11-18,04:00,319.96
Monday,2024-11-18,05:00,327.77
Monday,2024-11-18,06:00,328.04
Monday,2024-11-18,07:00,323.27
Monday,2024-11-18,08:00,323.34
Monday,2024-11-18,09:00,310.69
Monday,2024-11-18,10:00,311.3
Monday,2024-11-18,11:00,311.82
Monday,2024-11-18,12:00,307.16
Monday,2024-11-18,13:00,316.12
Monday,2024-11-18,14:00,316.25
Monday,2024-11-18,15:00,315.64
Monday,2024-11-18,16:00,316.96
Monday,2024-11-18,17:00,312.05
Monday,2024-11-18,18:00,307.52
Monday,2024-11-18,19:00,310.01
Monday,2024-11-18,20:00,311.48
Monday,2024-11-18,21:00,311.9
Monday,2024-11-18,22:00,312.79
Monday,2024-11-18,23:00,313.77
Tuesday,2024-11-19,00:00,321.53
Tuesday,2024-11-19,01:00,322.87
Tuesday,2024-11-19,02:00,325.81
Tuesday,2024-11-19,03:00,739.36
Tuesday,2024-11-19,04:00,315.72
Tuesday,2024-11-19,05:00,319.01
Tuesday,2024-11-19,06:00,315.71
Tuesday,2024-11-19,07:00,240.3
Tuesday,2024-11-19,13:00,226.87
Tuesday,2024-11-19,14:00,301.81
Tuesday,2024-11-19,15:00,309.22
Tuesday,2024-11-19,16:00,307.82
Tuesday,2024-11-19,17:00,231.87
Tuesday,2024-11-19,18:00,"2,499"
Tuesday,2024-11-19,19:00,"1,840"
Tuesday,2024-11-19,20:00,"1,830"
Tuesday,2024-11-19,21:00,"1,899"
Tuesday,2024-11-19,22:00,"1,890"
Tuesday,2024-11-19,23:00,"1,375"
Wednesday,2024-11-20,00:00,"2,526"
Wednesday,2024-11-20,01:00,"2,054"
Wednesday,2024-11-20,02:00,"2,002"
Wednesday,2024-11-20,03:00,"4,289"
Wednesday,2024-11-20,04:00,"1,942"
Wednesday,2024-11-20,05:00,"1,848"
Wednesday,2024-11-20,06:00,"2,150"
Wednesday,2024-11-20,07:00,"1,833"
Wednesday,2024-11-20,08:00,"1,863"
Wednesday,2024-11-20,09:00,"2,259"
Wednesday,2024-11-20,10:00,"2,420"
Wednesday,2024-11-20,11:00,"2,646"
Wednesday,2024-11-20,12:00,"2,401"
Wednesday,2024-11-20,13:00,"2,373"
Wednesday,2024-11-20,14:00,"2,604"
Wednesday,2024-11-20,15:00,"2,471"
Wednesday,2024-11-20,16:00,"2,400"
Wednesday,2024-11-20,17:00,"1,749"
Wednesday,2024-11-20,18:00,"2,522"
Wednesday,2024-11-20,19:00,"1,379"
Wednesday,2024-11-20,20:00,"1,801"
Wednesday,2024-11-20,21:00,"2,266"
Wednesday,2024-11-20,22:00,"1,752"
Wednesday,2024-11-20,23:00,"1,260"
Thursday,2024-11-21,00:00,"2,154"
Thursday,2024-11-21,01:00,"1,832"
Thursday,2024-11-21,02:00,"1,872"
Thursday,2024-11-21,03:00,"3,568"
Thursday,2024-11-21,04:00,"2,170"
Thursday,2024-11-21,05:00,"1,905"
Thursday,2024-11-21,06:00,"2,183"
Thursday,2024-11-21,07:00,"2,280"
Thursday,2024-11-21,08:00,"2,509"
Thursday,2024-11-21,09:00,"1,880"
Thursday,2024-11-21,10:00,"2,753"
Thursday,2024-11-21,11:00,"2,497"
Thursday,2024-11-21,12:00,"1,567"
Thursday,2024-11-21,13:00,"2,992"
Thursday,2024-11-21,14:00,"2,828"
Thursday,2024-11-21,15:00,"2,205"
Thursday,2024-11-21,16:00,316.18
Thursday,2024-11-21,17:00,313.03
Thursday,2024-11-21,18:00,312.2
Thursday,2024-11-21,19:00,305.5
Thursday,2024-11-21,20:00,303.71
Thursday,2024-11-21,21:00,303.96
Thursday,2024-11-21,22:00,310.22
Thursday,2024-11-21,23:00,307.48
Friday,2024-11-22,00:00,331.4
Friday,2024-11-22,01:00,331.45
Friday,2024-11-22,02:00,328.25
Friday,2024-11-22,03:00,734.23
Friday,2024-11-22,04:00,322.88
Friday,2024-11-22,05:00,324.84
Friday,2024-11-22,06:00,318.36
Friday,2024-11-22,07:00,313.39
Friday,2024-11-22,08:00,313.47
Friday,2024-11-22,09:00,313.6
Friday,2024-11-22,10:00,320.69
Friday,2024-11-22,11:00,313.78
Friday,2024-11-22,12:00,316.61
Friday,2024-11-22,13:00,315.79
Friday,2024-11-22,14:00,313.19
Friday,2024-11-22,15:00,320.37
Friday,2024-11-22,16:00,315.52
Friday,2024-11-22,17:00,230.25
Friday,2024-11-22,18:00,404.3
Friday,2024-11-22,19:00,311.29
Friday,2024-11-22,20:00,310.45
Friday,2024-11-22,21:00,309.57
Friday,2024-11-22,22:00,310.43
Friday,2024-11-22,23:00,244.27
Saturday,2024-11-23,00:00,405.46
Saturday,2024-11-23,01:00,326.65
Saturday,2024-11-23,02:00,326.38
Saturday,2024-11-23,03:00,749.36
Saturday,2024-11-23,04:00,325.02
Saturday,2024-11-23,05:00,319.53
Saturday,2024-11-23,06:00,321.5
Saturday,2024-11-23,07:00,313.76
Saturday,2024-11-23,08:00,309.63
Saturday,2024-11-23,09:00,309.91
Saturday,2024-11-23,10:00,315.46
Saturday,2024-11-23,11:00,315.37
Saturday,2024-11-23,12:00,317.15
Saturday,2024-11-23,13:00,316.64
Saturday,2024-11-23,14:00,311.45
Saturday,2024-11-23,15:00,309.45
Saturday,2024-11-23,16:00,306.27
Saturday,2024-11-23,17:00,231.54
Saturday,2024-11-23,18:00,393.85
Saturday,2024-11-23,19:00,230
Saturday,2024-11-23,20:00,392.68
Saturday,2024-11-23,21:00,318.78
Saturday,2024-11-23,22:00,317.03
Saturday,2024-11-23,23:00,310.26
Sunday,2024-11-24,00:00,323.88
Sunday,2024-11-24,01:00,315.33
Sunday,2024-11-24,02:00,317.6
Sunday,2024-11-24,03:00,722.53
Sunday,2024-11-24,04:00,327.45
Sunday,2024-11-24,05:00,323.88
Sunday,2024-11-24,06:00,327.92
Sunday,2024-11-24,07:00,322.62
Sunday,2024-11-24,08:00,313.87
Sunday,2024-11-24,09:00,308.39
Sunday,2024-11-24,10:00,316.02
Sunday,2024-11-24,11:00,305.51
Sunday,2024-11-24,12:00,312.1
Sunday,2024-11-24,13:00,229.75
Sunday,2024-11-24,14:00,398.29
Sunday,2024-11-24,15:00,316.68
Sunday,2024-11-24,16:00,308.88
Sunday,2024-11-24,17:00,228.48
Sunday,2024-11-24,18:00,235.4
Sunday,2024-11-24,19:00,309.22
Sunday,2024-11-24,20:00,315.55
Sunday,2024-11-24,21:00,309.13
Sunday,2024-11-24,22:00,310.78
Sunday,2024-11-24,23:00,323.28
Monday,2024-11-25,00:00,333.54
Monday,2024-11-25,01:00,328.16
Monday,2024-11-25,02:00,325.25
Monday,2024-11-25,03:00,720.14
Monday,2024-11-25,04:00,320.8
Monday,2024-11-25,05:00,321.34
Monday,2024-11-25,06:00,321.49
Monday,2024-11-25,07:00,321.02
Monday,2024-11-25,08:00,316.26
Monday,2024-11-25,09:00,317.4
Monday,2024-11-25,10:00,307.19
Monday,2024-11-25,11:00,314.42
Monday,2024-11-25,12:00,234.18
Monday,2024-11-25,13:00,308.43
Monday,2024-11-25,14:00,311.77
Monday,2024-11-25,15:00,308.93
Monday,2024-11-25,16:00,319.28
Monday,2024-11-25,17:00,241.98
Monday,2024-11-25,18:00,386.78
Monday,2024-11-25,19:00,310.01
Monday,2024-11-25,20:00,309.21
Monday,2024-11-25,21:00,317.08
Monday,2024-11-25,22:00,317.9
Monday,2024-11-25,23:00,241.38
Tuesday,2024-11-26,00:00,403.57
Tuesday,2024-11-26,01:00,323.64
Tuesday,2024-11-26,02:00,331.58
Tuesday,2024-11-26,03:00,740.45
Tuesday,2024-11-26,04:00,332.38
Tuesday,2024-11-26,05:00,315.72
Tuesday,2024-11-26,06:00,313.89
Tuesday,2024-11-26,07:00,317.3
Tuesday,2024-11-26,08:00,314.4
Tuesday,2024-11-26,09:00,310.06
Tuesday,2024-11-26,10:00,318.05
Tuesday,2024-11-26,11:00,315.72
Tuesday,2024-11-26,12:00,317.63
Tuesday,2024-11-26,13:00,323.06
Tuesday,2024-11-26,14:00,316.76
Tuesday,2024-11-26,15:00,309.3
Tuesday,2024-11-26,16:00,321.27
Tuesday,2024-11-26,17:00,312.32
Tuesday,2024-11-26,18:00,317.33
Tuesday,2024-11-26,19:00,313.08
Tuesday,2024-11-26,20:00,311
Tuesday,2024-11-26,21:00,324.49
Tuesday,2024-11-26,22:00,308.61
Tuesday,2024-11-26,23:00,316.92
Wednesday,2024-11-27,00:00,321.92
Wednesday,2024-11-27,01:00,325.27
Wednesday,2024-11-27,02:00,321.82
Wednesday,2024-11-27,03:00,731.78
Wednesday,2024-11-27,04:00,320.46
Wednesday,2024-11-27,05:00,320.33
Wednesday,2024-11-27,06:00,315.43
Wednesday,2024-11-27,07:00,312.9
Wednesday,2024-11-27,08:00,305.48
Wednesday,2024-11-27,09:00,317.41
Wednesday,2024-11-27,10:00,308.13
Wednesday,2024-11-27,11:00,316.09
Wednesday,2024-11-27,12:00,307.98
Wednesday,2024-11-27,13:00,315.16
Wednesday,2024-11-27,14:00,320.61
Wednesday,2024-11-27,15:00,314.16
Wednesday,2024-11-27,16:00,311.4
Wednesday,2024-11-27,17:00,239.39
Wednesday,2024-11-27,18:00,397.31
Wednesday,2024-11-27,19:00,305.9
Wednesday,2024-11-27,20:00,303.53
Wednesday,2024-11-27,21:00,312.83
Wednesday,2024-11-27,22:00,310.97
Wednesday,2024-11-27,23:00,311.67
Thursday,2024-11-28,00:00,322.12
Thursday,2024-11-28,01:00,326.55
Thursday,2024-11-28,02:00,326.17
Thursday,2024-11-28,03:00,698.65
Thursday,2024-11-28,04:00,316.74
Thursday,2024-11-28,05:00,317.13
Thursday,2024-11-28,06:00,315.61
Thursday,2024-11-28,07:00,314.79
Thursday,2024-11-28,08:00,313.78
Thursday,2024-11-28,09:00,322.63
Thursday,2024-11-28,10:00,307.35
Thursday,2024-11-28,11:00,317.86
Thursday,2024-11-28,12:00,304.91
Thursday,2024-11-28,13:00,301.25
Thursday,2024-11-28,14:00,303.68
Thursday,2024-11-28,15:00,309.35
Thursday,2024-11-28,16:00,316.78
Thursday,2024-11-28,17:00,235.12
Thursday,2024-11-28,18:00,391.38
Thursday,2024-11-28,19:00,304.3
Thursday,2024-11-28,20:00,311.52
Thursday,2024-11-28,21:00,313.51
Thursday,2024-11-28,22:00,310.47
Thursday,2024-11-28,23:00,235.26
Friday,2024-11-29,00:00,399.86
Friday,2024-11-29,01:00,325.47
Friday,2024-11-29,02:00,326.2
Friday,2024-11-29,03:00,659.43
Friday,2024-11-29,04:00,322.99
Friday,2024-11-29,05:00,331.08
Friday,2024-11-29,06:00,323.87
Friday,2024-11-29,07:00,314.52
Friday,2024-11-29,08:00,305.45
Friday,2024-11-29,09:00,311.53
Friday,2024-11-29,10:00,307.2
Friday,2024-11-29,11:00,313.39
Friday,2024-11-29,12:00,315.8
Friday,2024-11-29,13:00,306.35
Friday,2024-11-29,14:00,302.45
Friday,2024-11-29,15:00,300.5
Friday,2024-11-29,16:00,303.98
Friday,2024-11-29,17:00,225.16
Friday,2024-11-29,18:00,373.78
Friday,2024-11-29,19:00,315.24
Friday,2024-11-29,20:00,316.84
Friday,2024-11-29,21:00,314.1
Friday,2024-11-29,22:00,311.23
Friday,2024-11-29,23:00,319.95
Saturday,2024-11-30,00:00,322.54
Saturday,2024-11-30,01:00,322.38
Saturday,2024-11-30,02:00,322.04
Saturday,2024-11-30,03:00,706.11
Saturday,2024-11-30,04:00,325.21
Saturday,2024-11-30,05:00,328.53
Saturday,2024-11-30,06:00,325.03
Saturday,2024-11-30,07:00,318.26
Saturday,2024-11-30,08:00,309.09
Saturday,2024-11-30,09:00,309.73
Saturday,2024-11-30,10:00,314.56
Saturday,2024-11-30,11:00,312.12
Saturday,2024-11-30,12:00,310.18
Saturday,2024-11-30,13:00,310.31
Saturday,2024-11-30,14:00,313.59
Saturday,2024-11-30,15:00,319.98
Saturday,2024-11-30,16:00,309.75
Saturday,2024-11-30,17:00,227.69
Saturday,2024-11-30,18:00,380.14
Saturday,2024-11-30,19:00,305.78
Saturday,2024-11-30,20:00,307.9
Saturday,2024-11-30,21:00,313.68
Saturday,2024-11-30,22:00,306.51
Saturday,2024-11-30,23:00,235.5
Sunday,2024-12-01,00:00,407.9
Sunday,2024-12-01,01:00,336.15
Sunday,2024-12-01,02:00,320.33
Sunday,2024-12-01,03:00,707.11
Sunday,2024-12-01,04:00,312.37
Sunday,2024-12-01,05:00,318.06
Sunday,2024-12-01,06:00,318.25
Sunday,2024-12-01,07:00,309.5
Sunday,2024-12-01,08:00,310.24
Sunday,2024-12-01,09:00,310.48
Sunday,2024-12-01,10:00,311.82
Sunday,2024-12-01,11:00,311.85
Sunday,2024-12-01,12:00,313.05
Sunday,2024-12-01,13:00,303.59
Sunday,2024-12-01,14:00,300.67
Sunday,2024-12-01,15:00,309.05
Sunday,2024-12-01,16:00,307.39
Sunday,2024-12-01,17:00,231.94
Sunday,2024-12-01,18:00,391.79
Sunday,2024-12-01,19:00,315.97
Sunday,2024-12-01,20:00,235.32
Sunday,2024-12-01,21:00,303.07
Sunday,2024-12-01,22:00,305.95
Sunday,2024-12-01,23:00,312.73
Monday,2024-12-02,00:00,324.14
Monday,2024-12-02,01:00,320.31
Monday,2024-12-02,02:00,325.62
Monday,2024-12-02,03:00,746.07
Monday,2024-12-02,04:00,326.12
Monday,2024-12-02,05:00,326.19
Monday,2024-12-02,06:00,320.54
Monday,2024-12-02,07:00,310.56
Monday,2024-12-02,08:00,228.89
Monday,2024-12-02,09:00,308.38
Monday,2024-12-02,10:00,304.82
Monday,2024-12-02,11:00,311.97
Monday,2024-12-02,12:00,"1,522"
Monday,2024-12-02,13:00,307.15
Monday,2024-12-02,14:00,315.82
Monday,2024-12-02,15:00,307.14
Monday,2024-12-02,16:00,306.18
Monday,2024-12-02,17:00,229.81
Monday,2024-12-02,18:00,389.92
Monday,2024-12-02,19:00,309.65
Monday,2024-12-02,20:00,315.69
Monday,2024-12-02,21:00,323.65
Monday,2024-12-02,22:00,314.91
Monday,2024-12-02,23:00,314.73
Tuesday,2024-12-03,00:00,323.43
Tuesday,2024-12-03,01:00,318.34
Tuesday,2024-12-03,02:00,315.99
Tuesday,2024-12-03,03:00,693.58
Tuesday,2024-12-03,04:00,314.65
Tuesday,2024-12-03,05:00,317.4
Tuesday,2024-12-03,06:00,312.61
Tuesday,2024-12-03,07:00,309.17
Tuesday,2024-12-03,08:00,306.1
Tuesday,2024-12-03,09:00,322.98
Tuesday,2024-12-03,10:00,307.1
Tuesday,2024-12-03,11:00,311.92
Tuesday,2024-12-03,12:00,305.95
Tuesday,2024-12-03,13:00,305.68
Tuesday,2024-12-03,14:00,316.8
Tuesday,2024-12-03,15:00,317.58
Tuesday,2024-12-03,16:00,312.79
Tuesday,2024-12-03,17:00,235.53
Tuesday,2024-12-03,18:00,383.08
Tuesday,2024-12-03,19:00,307.63
Tuesday,2024-12-03,20:00,305.49
Tuesday,2024-12-03,21:00,307.61
Tuesday,2024-12-03,22:00,308.76
Tuesday,2024-12-03,23:00,238.01
Wednesday,2024-12-04,00:00,406.65
Wednesday,2024-12-04,01:00,333.93
Wednesday,2024-12-04,02:00,334.97
Wednesday,2024-12-04,03:00,733.11
Wednesday,2024-12-04,04:00,325.36
Wednesday,2024-12-04,05:00,323.89
Wednesday,2024-12-04,06:00,319.19
Wednesday,2024-12-04,07:00,238.61
Wednesday,2024-12-04,08:00,311.26
Wednesday,2024-12-04,09:00,309.16
Wednesday,2024-12-04,10:00,317.23
Wednesday,2024-12-04,11:00,308.46
Wednesday,2024-12-04,12:00,231.22
Wednesday,2024-12-04,13:00,311.81
Wednesday,2024-12-04,14:00,315.67
Wednesday,2024-12-04,15:00,314.1
Wednesday,2024-12-04,16:00,316.4
Wednesday,2024-12-04,17:00,315.76
Wednesday,2024-12-04,18:00,310
Wednesday,2024-12-04,19:00,311.82
Wednesday,2024-12-04,20:00,315.36
Wednesday,2024-12-04,21:00,322.4
Wednesday,2024-12-04,22:00,310.52
Wednesday,2024-12-04,23:00,316.64
Thursday,2024-12-05,00:00,324.69
Thursday,2024-12-05,01:00,325.76
Thursday,2024-12-05,02:00,329.46
Thursday,2024-12-05,03:00,714.66
Thursday,2024-12-05,04:00,327.54
Thursday,2024-12-05,05:00,320.66
Thursday,2024-12-05,06:00,320.31
Thursday,2024-12-05,07:00,313.17
Thursday,2024-12-05,08:00,307.52
Thursday,2024-12-05,09:00,310.08
Thursday,2024-12-05,10:00,314.33
Thursday,2024-12-05,11:00,314.69
Thursday,2024-12-05,12:00,236.6
Thursday,2024-12-05,13:00,311.33
Thursday,2024-12-05,14:00,314.95
Thursday,2024-12-05,15:00,315.01
Thursday,2024-12-05,16:00,313.8
Thursday,2024-12-05,17:00,315.68
Thursday,2024-12-05,18:00,313.75
Thursday,2024-12-05,19:00,235.76
Thursday,2024-12-05,20:00,401.24
Thursday,2024-12-05,21:00,319.81
Thursday,2024-12-05,22:00,240.6
Thursday,2024-12-05,23:00,312.53
Friday,2024-12-06,00:00,407.11
Friday,2024-12-06,01:00,325.22
Friday,2024-12-06,02:00,325.46
Friday,2024-12-06,03:00,730.11
Friday,2024-12-06,04:00,323.52
Friday,2024-12-06,05:00,325.63
Friday,2024-12-06,06:00,323.23
Friday,2024-12-06,07:00,328.17
Friday,2024-12-06,08:00,319.69
Friday,2024-12-06,09:00,320.66
Friday,2024-12-06,10:00,309.99
Friday,2024-12-06,11:00,309.61
Friday,2024-12-06,12:00,313.62
Friday,2024-12-06,13:00,309.61
Friday,2024-12-06,14:00,316.67
Friday,2024-12-06,15:00,312.94
Friday,2024-12-06,16:00,237.67
Friday,2024-12-06,17:00,393.14
Friday,2024-12-06,18:00,313.76
Friday,2024-12-06,19:00,316.33
Friday,2024-12-06,20:00,316.86
Friday,2024-12-06,21:00,311.65
Friday,2024-12-06,22:00,317.67
Friday,2024-12-06,23:00,231.45
Saturday,2024-12-07,00:00,403.74
Saturday,2024-12-07,01:00,320.52
Saturday,2024-12-07,02:00,324.09
Saturday,2024-12-07,03:00,717.43
Saturday,2024-12-07,04:00,239.04
Saturday,2024-12-07,05:00,319.6
Saturday,2024-12-07,06:00,329.24
Saturday,2024-12-07,07:00,327.81
Saturday,2024-12-07,08:00,311.88
Saturday,2024-12-07,09:00,312.86
Saturday,2024-12-07,10:00,232.91
Saturday,2024-12-07,11:00,313.39
Saturday,2024-12-07,12:00,314.34
Saturday,2024-12-07,13:00,311.63
Saturday,2024-12-07,14:00,308
Saturday,2024-12-07,15:00,314.76
Saturday,2024-12-07,16:00,321.15
Saturday,2024-12-07,17:00,321.57
Saturday,2024-12-07,18:00,243.22
Saturday,2024-12-07,19:00,314.43
Saturday,2024-12-07,20:00,320.33
Saturday,2024-12-07,21:00,312.93
Saturday,2024-12-07,22:00,313.27
Saturday,2024-12-07,23:00,232.11
Sunday,2024-12-08,00:00,406.96
Sunday,2024-12-08,01:00,334.65
Sunday,2024-12-08,02:00,325.61
Sunday,2024-12-08,03:00,718.54
Sunday,2024-12-08,04:00,323.9
Sunday,2024-12-08,05:00,321.3
Sunday,2024-12-08,06:00,324.63
Sunday,2024-12-08,07:00,322.03
Sunday,2024-12-08,08:00,318.14
Sunday,2024-12-08,09:00,312.39
Sunday,2024-12-08,10:00,315.49
Sunday,2024-12-08,11:00,308.8
Sunday,2024-12-08,12:00,311.45
Sunday,2024-12-08,13:00,304.31
Sunday,2024-12-08,14:00,312.61
Sunday,2024-12-08,15:00,242.85
Sunday,2024-12-08,16:00,393.43
Sunday,2024-12-08,17:00,316.27
Sunday,2024-12-08,18:00,327.32
Sunday,2024-12-08,19:00,321.74
Sunday,2024-12-08,20:00,325.87
Sunday,2024-12-08,21:00,320.69
Sunday,2024-12-08,22:00,315.56
Sunday,2024-12-08,23:00,234.24
Monday,2024-12-09,00:00,320.47
Monday,2024-12-09,01:00,318.11
Monday,2024-12-09,02:00,316.39
Monday,2024-12-09,03:00,742.92
Monday,2024-12-09,04:00,326.08
Monday,2024-12-09,05:00,327.31
Monday,2024-12-09,06:00,324.41
Monday,2024-12-09,07:00,319.2
Monday,2024-12-09,08:00,315.99
Monday,2024-12-09,09:00,314.79
Monday,2024-12-09,10:00,342.56
Monday,2024-12-09,11:00,307.55
Monday,2024-12-09,12:00,301.84
Monday,2024-12-09,13:00,637.08
Monday,2024-12-09,14:00,339.4
Monday,2024-12-09,15:00,485.72
Monday,2024-12-09,16:00,316.81
Monday,2024-12-09,17:00,233.62
Monday,2024-12-09,18:00,323.46
Monday,2024-12-09,19:00,390.68
Monday,2024-12-09,20:00,312.32
Monday,2024-12-09,21:00,240.12
Monday,2024-12-09,22:00,309.8
Monday,2024-12-09,23:00,311.28
Tuesday,2024-12-10,00:00,315.37
Tuesday,2024-12-10,01:00,322.92
Tuesday,2024-12-10,02:00,315.22
Tuesday,2024-12-10,03:00,709.11
Tuesday,2024-12-10,04:00,326.53
Tuesday,2024-12-10,05:00,321.18
Tuesday,2024-12-10,06:00,247.49
Tuesday,2024-12-10,07:00,327.72
Tuesday,2024-12-10,08:00,329.08
Tuesday,2024-12-10,09:00,319.98
Tuesday,2024-12-10,10:00,322.09
Tuesday,2024-12-10,11:00,305.73
Tuesday,2024-12-10,12:00,306.83
Tuesday,2024-12-10,13:00,330.19
Tuesday,2024-12-10,14:00,230.72
Tuesday,2024-12-10,15:00,314.87
Tuesday,2024-12-10,16:00,310.19
Tuesday,2024-12-10,17:00,308.85
Tuesday,2024-12-10,18:00,312.59
Tuesday,2024-12-10,19:00,310.66
Tuesday,2024-12-10,20:00,317.5
Tuesday,2024-12-10,21:00,321.63
Tuesday,2024-12-10,22:00,312.67
Tuesday,2024-12-10,23:00,235.58
Wednesday,2024-12-11,00:00,395.16
Wednesday,2024-12-11,01:00,321.44
Wednesday,2024-12-11,02:00,316.94
Wednesday,2024-12-11,03:00,733.01
Wednesday,2024-12-11,04:00,309.6
Wednesday,2024-12-11,05:00,319.87
Wednesday,2024-12-11,06:00,319.14
Wednesday,2024-12-11,07:00,432.83
Wednesday,2024-12-11,08:00,348.96
Wednesday,2024-12-11,09:00,315.39
Wednesday,2024-12-11,10:00,319.64
Wednesday,2024-12-11,11:00,330.23
Wednesday,2024-12-11,12:00,316.04
Wednesday,2024-12-11,13:00,333.74
Wednesday,2024-12-11,14:00,488.88
Wednesday,2024-12-11,15:00,471.23
Wednesday,2024-12-11,16:00,582.94
Wednesday,2024-12-11,17:00,375.82
Wednesday,2024-12-11,18:00,319.84
Wednesday,2024-12-11,19:00,318.39
Wednesday,2024-12-11,20:00,311.91
Wednesday,2024-12-11,21:00,311.5
Wednesday,2024-12-11,22:00,310
Wednesday,2024-12-11,23:00,226.41
Thursday,2024-12-12,00:00,397.45
Thursday,2024-12-12,01:00,317.02
Thursday,2024-12-12,02:00,313.91
Thursday,2024-12-12,03:00,729.21
Thursday,2024-12-12,04:00,322.75
Thursday,2024-12-12,05:00,316.8
Thursday,2024-12-12,06:00,319.56
Thursday,2024-12-12,07:00,321.38
Thursday,2024-12-12,08:00,310.96
Thursday,2024-12-12,09:00,306.31
Thursday,2024-12-12,10:00,310.33
Thursday,2024-12-12,11:00,312.42
Thursday,2024-12-12,12:00,309.82
Thursday,2024-12-12,13:00,233.96
Thursday,2024-12-12,14:00,305.11
Thursday,2024-12-12,15:00,296.16
Thursday,2024-12-12,16:00,301.51
Thursday,2024-12-12,17:00,307.33
Thursday,2024-12-12,18:00,318.28
Thursday,2024-12-12,19:00,323.33
Thursday,2024-12-12,20:00,319.82
Thursday,2024-12-12,21:00,329.42
Thursday,2024-12-12,22:00,331.2
Thursday,2024-12-12,23:00,249.46
Friday,2024-12-13,00:00,395.11
Friday,2024-12-13,01:00,310.74
Friday,2024-12-13,02:00,318.65
Friday,2024-12-13,03:00,712.54
Friday,2024-12-13,04:00,315.5
Friday,2024-12-13,05:00,317.35
Friday,2024-12-13,06:00,326.49
Friday,2024-12-13,07:00,331.88
Friday,2024-12-13,08:00,312.17
Friday,2024-12-13,09:00,309.05
Friday,2024-12-13,10:00,303.11
Friday,2024-12-13,11:00,316.18
Friday,2024-12-13,12:00,297.23
Friday,2024-12-13,13:00,306.88
Friday,2024-12-13,14:00,314.92
Friday,2024-12-13,15:00,315.53
Friday,2024-12-13,16:00,317.81
Friday,2024-12-13,17:00,305.47
Friday,2024-12-13,18:00,319.94
Friday,2024-12-13,19:00,315.73
Friday,2024-12-13,20:00,323.73
Friday,2024-12-13,21:00,322.6
Friday,2024-12-13,22:00,317.97
Friday,2024-12-13,23:00,233.69
Saturday,2024-12-14,00:00,407.89
Saturday,2024-12-14,01:00,320.12
Saturday,2024-12-14,02:00,318.31
Saturday,2024-12-14,03:00,719.75
Saturday,2024-12-14,04:00,310.15
Saturday,2024-12-14,05:00,308.89
Saturday,2024-12-14,06:00,313.3
Saturday,2024-12-14,07:00,315.65
Saturday,2024-12-14,08:00,317.21
Saturday,2024-12-14,09:00,316.87
Saturday,2024-12-14,10:00,310.5
Saturday,2024-12-14,11:00,314.29
Saturday,2024-12-14,12:00,312.63
Saturday,2024-12-14,13:00,300.99
Saturday,2024-12-14,14:00,300.2
Saturday,2024-12-14,15:00,312.08
Saturday,2024-12-14,16:00,305.98
Saturday,2024-12-14,17:00,308.01
Saturday,2024-12-14,18:00,317.38
Saturday,2024-12-14,19:00,315.47
Saturday,2024-12-14,20:00,319.61
Saturday,2024-12-14,21:00,314.82
Saturday,2024-12-14,22:00,313.94
Saturday,2024-12-14,23:00,234.21
Sunday,2024-12-15,00:00,406.83
Sunday,2024-12-15,01:00,324.43
Sunday,2024-12-15,02:00,322.32
Sunday,2024-12-15,03:00,639.69
Sunday,2024-12-15,04:00,397.57
Sunday,2024-12-15,05:00,234.4
Sunday,2024-12-15,06:00,317.2
Sunday,2024-12-15,07:00,322.25
Sunday,2024-12-15,08:00,324.69
Sunday,2024-12-15,09:00,309.04
Sunday,2024-12-15,10:00,315.12
Sunday,2024-12-15,11:00,320.02
Sunday,2024-12-15,12:00,316.33
Sunday,2024-12-15,13:00,306.5
Sunday,2024-12-15,14:00,301.07
Sunday,2024-12-15,15:00,306.45
Sunday,2024-12-15,16:00,305.07
Sunday,2024-12-15,17:00,303.45
Sunday,2024-12-15,18:00,305.72
Sunday,2024-12-15,19:00,318.1
Sunday,2024-12-15,20:00,319.35
Sunday,2024-12-15,21:00,322.97
Sunday,2024-12-15,22:00,319.36
Sunday,2024-12-15,23:00,234.83
Monday,2024-12-16,00:00,411.69
Monday,2024-12-16,01:00,318.02
Monday,2024-12-16,02:00,314.86
Monday,2024-12-16,03:00,700.33
Monday,2024-12-16,04:00,319.56
Monday,2024-12-16,05:00,319.06
Monday,2024-12-16,06:00,318.25
Monday,2024-12-16,07:00,315.83
Monday,2024-12-16,08:00,316.5
Monday,2024-12-16,09:00,321.11
Monday,2024-12-16,10:00,321.94
Monday,2024-12-16,11:00,323.17
Monday,2024-12-16,12:00,303.03
Monday,2024-12-16,13:00,304.18
Monday,2024-12-16,14:00,313.92
Monday,2024-12-16,15:00,313.28
Monday,2024-12-16,16:00,310.28
Monday,2024-12-16,17:00,314.96
Monday,2024-12-16,18:00,311.98
Monday,2024-12-16,19:00,314.55
Monday,2024-12-16,20:00,315.97
Monday,2024-12-16,21:00,311.65
Monday,2024-12-16,22:00,316.58
Monday,2024-12-16,23:00,241.66
Tuesday,2024-12-17,00:00,417.08
Tuesday,2024-12-17,01:00,325.34
Tuesday,2024-12-17,02:00,316.67
Tuesday,2024-12-17,03:00,625.01
Tuesday,2024-12-17,04:00,394.97
Tuesday,2024-12-17,05:00,317.72
Tuesday,2024-12-17,06:00,352.85
Tuesday,2024-12-17,07:00,320.43
Tuesday,2024-12-17,08:00,334.74
Tuesday,2024-12-17,09:00,322.16
Tuesday,2024-12-17,10:00,316.7
Tuesday,2024-12-17,11:00,316.68
Tuesday,2024-12-17,12:00,233.59
Tuesday,2024-12-17,13:00,302.75
Tuesday,2024-12-17,14:00,302.65
Tuesday,2024-12-17,15:00,306.41
Tuesday,2024-12-17,16:00,301.04
Tuesday,2024-12-17,17:00,311.06
Tuesday,2024-12-17,18:00,234.5
Tuesday,2024-12-17,19:00,323.88
Tuesday,2024-12-17,20:00,320.43
Tuesday,2024-12-17,21:00,312.53
Tuesday,2024-12-17,22:00,323.31
Tuesday,2024-12-17,23:00,319.05
Wednesday,2024-12-18,00:00,326.08
Wednesday,2024-12-18,01:00,325.16
Wednesday,2024-12-18,02:00,320.44
Wednesday,2024-12-18,03:00,740.09
Wednesday,2024-12-18,04:00,323.11
Wednesday,2024-12-18,05:00,321.06
Wednesday,2024-12-18,06:00,315.18
Wednesday,2024-12-18,07:00,315.34
Wednesday,2024-12-18,08:00,320.38
Wednesday,2024-12-18,09:00,319.54
Wednesday,2024-12-18,10:00,322.96
Wednesday,2024-12-18,11:00,472.52
Wednesday,2024-12-18,12:00,322.35
Wednesday,2024-12-18,13:00,327.05
Wednesday,2024-12-18,14:00,316.68
Wednesday,2024-12-18,15:00,315.77
Wednesday,2024-12-18,16:00,321.6
Wednesday,2024-12-18,17:00,325.01
Wednesday,2024-12-18,18:00,325.99
Wednesday,2024-12-18,19:00,324.09
Wednesday,2024-12-18,20:00,322.76
Wednesday,2024-12-18,21:00,321.8
Wednesday,2024-12-18,22:00,323.14
Wednesday,2024-12-18,23:00,238.32
Thursday,2024-12-19,00:00,410.02
Thursday,2024-12-19,01:00,324.08
Thursday,2024-12-19,02:00,319.93
Thursday,2024-12-19,03:00,715.68
Thursday,2024-12-19,04:00,316.23
Thursday,2024-12-19,05:00,322.06
Thursday,2024-12-19,06:00,320.08
Thursday,2024-12-19,07:00,331.68
Thursday,2024-12-19,08:00,322.79
Thursday,2024-12-19,09:00,319.05
Thursday,2024-12-19,10:00,325.16
Thursday,2024-12-19,11:00,322.37
Thursday,2024-12-19,12:00,311.88
Thursday,2024-12-19,13:00,312.54
Thursday,2024-12-19,14:00,317.49
Thursday,2024-12-19,15:00,326.5
Thursday,2024-12-19,16:00,326.63
Thursday,2024-12-19,17:00,323.99
Thursday,2024-12-19,18:00,313.94
Thursday,2024-12-19,19:00,319.34
Thursday,2024-12-19,20:00,320.3
Thursday,2024-12-19,21:00,320.56
Thursday,2024-12-19,22:00,320.98
Thursday,2024-12-19,23:00,237.51
Friday,2024-12-20,00:00,405.65
Friday,2024-12-20,01:00,325.36
Friday,2024-12-20,02:00,320.39
Friday,2024-12-20,03:00,634.25
Friday,2024-12-20,04:00,396.33
Friday,2024-12-20,05:00,322.54
Friday,2024-12-20,06:00,321.16
Friday,2024-12-20,07:00,451.2
Friday,2024-12-20,08:00,338.29
Friday,2024-12-20,09:00,320.24
Friday,2024-12-20,10:00,324.69
Friday,2024-12-20,11:00,326.77
Friday,2024-12-20,12:00,315.61
Friday,2024-12-20,13:00,319.51
Friday,2024-12-20,14:00,316.39
Friday,2024-12-20,15:00,312.13
Friday,2024-12-20,16:00,319.9
Friday,2024-12-20,17:00,319.09
Friday,2024-12-20,18:00,326.66
Friday,2024-12-20,19:00,319.19
Friday,2024-12-20,20:00,319.01
Friday,2024-12-20,21:00,322.52
Friday,2024-12-20,22:00,317.32
Friday,2024-12-20,23:00,240.24
Saturday,2024-12-21,00:00,316.76
Saturday,2024-12-21,01:00,321.25
Saturday,2024-12-21,02:00,319.55
Saturday,2024-12-21,03:00,238.51
Saturday,2024-12-21,04:00,554.73
Saturday,2024-12-21,05:00,313.81
Saturday,2024-12-21,06:00,314.24
Saturday,2024-12-21,07:00,316.41
Saturday,2024-12-21,08:00,322.44
Saturday,2024-12-21,09:00,321.15
Saturday,2024-12-21,10:00,314.01
Saturday,2024-12-21,11:00,318.54
Saturday,2024-12-21,12:00,317.48
Saturday,2024-12-21,13:00,316.45
Saturday,2024-12-21,14:00,318.66
Saturday,2024-12-21,15:00,320.41
Saturday,2024-12-21,16:00,326.96
Saturday,2024-12-21,17:00,327.22
Saturday,2024-12-21,18:00,321.86
Saturday,2024-12-21,19:00,321.75
Saturday,2024-12-21,20:00,315.69
Saturday,2024-12-21,21:00,319.27
Saturday,2024-12-21,22:00,322.4
Saturday,2024-12-21,23:00,238.81
Sunday,2024-12-22,00:00,405.98
Sunday,2024-12-22,01:00,320.3
Sunday,2024-12-22,02:00,329.07
Sunday,2024-12-22,03:00,729.18
Sunday,2024-12-22,04:00,320.11
Sunday,2024-12-22,05:00,315.96
Sunday,2024-12-22,06:00,321.63
Sunday,2024-12-22,07:00,312.7
Sunday,2024-12-22,08:00,325.67
Sunday,2024-12-22,09:00,325.08
Sunday,2024-12-22,10:00,315.23
Sunday,2024-12-22,11:00,319.16
Sunday,2024-12-22,12:00,322.93
Sunday,2024-12-22,13:00,314
Sunday,2024-12-22,14:00,322.5
Sunday,2024-12-22,15:00,320.94
Sunday,2024-12-22,16:00,323.02
Sunday,2024-12-22,17:00,245.64
Sunday,2024-12-22,18:00,318.21
Sunday,2024-12-22,19:00,318.07
Sunday,2024-12-22,20:00,319.83
Sunday,2024-12-22,21:00,321.67
Sunday,2024-12-22,22:00,315.46
Sunday,2024-12-22,23:00,238.22
Monday,2024-12-23,00:00,399.42
Monday,2024-12-23,01:00,320.64
Monday,2024-12-23,02:00,316.66
Monday,2024-12-23,03:00,711.61
Monday,2024-12-23,04:00,325.94
Monday,2024-12-23,05:00,315.59
Monday,2024-12-23,06:00,323.42
Monday,2024-12-23,07:00,322.92
Monday,2024-12-23,08:00,318.21
Monday,2024-12-23,09:00,327.03
Monday,2024-12-23,10:00,328
Monday,2024-12-23,11:00,328.03
Monday,2024-12-23,12:00,315.66
Monday,2024-12-23,13:00,312.59
Monday,2024-12-23,14:00,319.75
Monday,2024-12-23,15:00,322.65
Monday,2024-12-23,16:00,323.18
Monday,2024-12-23,17:00,327.47
Monday,2024-12-23,18:00,314.71
Monday,2024-12-23,19:00,319.93
Monday,2024-12-23,20:00,240.86
Monday,2024-12-23,21:00,324.28
Monday,2024-12-23,22:00,323.61
Monday,2024-12-23,23:00,323.58
Tuesday,2024-12-24,00:00,324.59
Tuesday,2024-12-24,01:00,328.39
Tuesday,2024-12-24,02:00,317.09
Tuesday,2024-12-24,03:00,742.99
Tuesday,2024-12-24,04:00,327.84
Tuesday,2024-12-24,05:00,317.13
Tuesday,2024-12-24,06:00,318.54
Tuesday,2024-12-24,07:00,351.19
Tuesday,2024-12-24,08:00,323.17
Tuesday,2024-12-24,09:00,350.87
Tuesday,2024-12-24,10:00,315.82
Tuesday,2024-12-24,11:00,332.58
Tuesday,2024-12-24,12:00,321.15
Tuesday,2024-12-24,13:00,316.66
Tuesday,2024-12-24,14:00,318.34
Tuesday,2024-12-24,15:00,322.76
Tuesday,2024-12-24,16:00,321.34
Tuesday,2024-12-24,17:00,334.32
Tuesday,2024-12-24,18:00,325.75
Tuesday,2024-12-24,19:00,323.35
Tuesday,2024-12-24,20:00,320.8
Tuesday,2024-12-24,21:00,324.03
Tuesday,2024-12-24,22:00,327.06
Tuesday,2024-12-24,23:00,237.34
Wednesday,2024-12-25,00:00,326.71
Wednesday,2024-12-25,01:00,324.36
Wednesday,2024-12-25,02:00,246.71
Wednesday,2024-12-25,03:00,794.77
Wednesday,2024-12-25,04:00,316.13
Wednesday,2024-12-25,05:00,321.86
Wednesday,2024-12-25,06:00,321.53
Wednesday,2024-12-25,07:00,315.17
Wednesday,2024-12-25,08:00,324.19
Wednesday,2024-12-25,09:00,324.67
Wednesday,2024-12-25,10:00,322.16
Wednesday,2024-12-25,11:00,322.07
Wednesday,2024-12-25,12:00,324.18
Wednesday,2024-12-25,13:00,317.43
Wednesday,2024-12-25,14:00,324.41
Wednesday,2024-12-25,15:00,321.26
Wednesday,2024-12-25,16:00,315.47
Wednesday,2024-12-25,17:00,321.48
Wednesday,2024-12-25,18:00,320.63
Wednesday,2024-12-25,19:00,329.58
Wednesday,2024-12-25,20:00,318.24
Wednesday,2024-12-25,21:00,322.35
Wednesday,2024-12-25,22:00,323.92
Wednesday,2024-12-25,23:00,244.89
Thursday,2024-12-26,00:00,407.46
Thursday,2024-12-26,01:00,329.7
Thursday,2024-12-26,02:00,246.13
Thursday,2024-12-26,03:00,717.9
Thursday,2024-12-26,04:00,318.88
Thursday,2024-12-26,05:00,324.15
Thursday,2024-12-26,06:00,329.46
Thursday,2024-12-26,07:00,323.91
Thursday,2024-12-26,08:00,316.25
Thursday,2024-12-26,09:00,320.07
Thursday,2024-12-26,10:00,315.65
Thursday,2024-12-26,11:00,246.32
Thursday,2024-12-26,12:00,322.5
Thursday,2024-12-26,13:00,319.23
Thursday,2024-12-26,14:00,316.24
Thursday,2024-12-26,15:00,325.55
Thursday,2024-12-26,16:00,336.2
Thursday,2024-12-26,17:00,316.07
Thursday,2024-12-26,18:00,325.1
Thursday,2024-12-26,19:00,320.37
Thursday,2024-12-26,20:00,327.5
Thursday,2024-12-26,21:00,328.52
Thursday,2024-12-26,22:00,327.11
Thursday,2024-12-26,23:00,237.62
Friday,2024-12-27,00:00,407.53
Friday,2024-12-27,01:00,331.95
Friday,2024-12-27,02:00,317.38
Friday,2024-12-27,03:00,715
Friday,2024-12-27,04:00,311.97
Friday,2024-12-27,05:00,314.71
Friday,2024-12-27,06:00,320.85
Friday,2024-12-27,07:00,326.84
Friday,2024-12-27,08:00,242.28
Friday,2024-12-27,09:00,316.2
Friday,2024-12-27,10:00,319.6
Friday,2024-12-27,11:00,319.45
Friday,2024-12-27,12:00,325.53
Friday,2024-12-27,13:00,312.02
Friday,2024-12-27,14:00,314.91
Friday,2024-12-27,15:00,322.72
Friday,2024-12-27,16:00,322.6
Friday,2024-12-27,17:00,321.3
Friday,2024-12-27,18:00,328.03
Friday,2024-12-27,19:00,323.16
Friday,2024-12-27,20:00,325.64
Friday,2024-12-27,21:00,322.31
Friday,2024-12-27,22:00,317.49
Friday,2024-12-27,23:00,232.88
Saturday,2024-12-28,00:00,391.79
Saturday,2024-12-28,01:00,321.06
Saturday,2024-12-28,02:00,326.72
Saturday,2024-12-28,03:00,706.19
Saturday,2024-12-28,04:00,320.34
Saturday,2024-12-28,05:00,320.6
Saturday,2024-12-28,06:00,319
Saturday,2024-12-28,07:00,314.98
Saturday,2024-12-28,08:00,317.87
Saturday,2024-12-28,09:00,319.42
Saturday,2024-12-28,10:00,319.53
Saturday,2024-12-28,11:00,320.48
Saturday,2024-12-28,12:00,315.12
Saturday,2024-12-28,13:00,318.73
Saturday,2024-12-28,14:00,314.61
Saturday,2024-12-28,15:00,329.39
Saturday,2024-12-28,16:00,324.66
Saturday,2024-12-28,17:00,316.39
Saturday,2024-12-28,18:00,317.61
Saturday,2024-12-28,19:00,316.28
Saturday,2024-12-28,20:00,319.48
Saturday,2024-12-28,21:00,319.3
Saturday,2024-12-28,22:00,318.32
Saturday,2024-12-28,23:00,244.11
Sunday,2024-12-29,00:00,403.98
Sunday,2024-12-29,01:00,324.09
Sunday,2024-12-29,02:00,317.57
Sunday,2024-12-29,03:00,639.37
Sunday,2024-12-29,04:00,321.45
Sunday,2024-12-29,05:00,318.52
Sunday,2024-12-29,06:00,312.01
Sunday,2024-12-29,07:00,315.06
Sunday,2024-12-29,08:00,323.86
Sunday,2024-12-29,09:00,314.52
Sunday,2024-12-29,10:00,311.02
Sunday,2024-12-29,11:00,323.91
Sunday,2024-12-29,12:00,321.15
Sunday,2024-12-29,13:00,313.58
Sunday,2024-12-29,14:00,322.71
Sunday,2024-12-29,15:00,318.92
Sunday,2024-12-29,16:00,323.46
Sunday,2024-12-29,17:00,321.13
Sunday,2024-12-29,18:00,320.75
Sunday,2024-12-29,19:00,320.35
Sunday,2024-12-29,20:00,316.89
Sunday,2024-12-29,21:00,328.64
Sunday,2024-12-29,22:00,322.8
Sunday,2024-12-29,23:00,244.05
Monday,2024-12-30,00:00,394.51
Monday,2024-12-30,01:00,316.04
Monday,2024-12-30,02:00,314.59
Monday,2024-12-30,03:00,705.29
Monday,2024-12-30,04:00,319.71
Monday,2024-12-30,05:00,316.64
Monday,2024-12-30,06:00,318.09
Monday,2024-12-30,07:00,309.88
Monday,2024-12-30,08:00,318.42
Monday,2024-12-30,09:00,321
Monday,2024-12-30,10:00,318.14
Monday,2024-12-30,11:00,321.5
Monday,2024-12-30,12:00,324.31
Monday,2024-12-30,13:00,309.9
Monday,2024-12-30,14:00,328.06
Monday,2024-12-30,15:00,314.9
Monday,2024-12-30,16:00,320.55
Monday,2024-12-30,17:00,318.81
Monday,2024-12-30,18:00,315.94
Monday,2024-12-30,19:00,318.48
Monday,2024-12-30,20:00,318.69
Monday,2024-12-30,21:00,324.67
Monday,2024-12-30,22:00,317.25
Monday,2024-12-30,23:00,245.32
Tuesday,2024-12-31,00:00,409.72
Tuesday,2024-12-31,01:00,315.13
Tuesday,2024-12-31,02:00,319.37
Tuesday,2024-12-31,03:00,726.51
Tuesday,2024-12-31,04:00,324.55
Tuesday,2024-12-31,05:00,315.5
Tuesday,2024-12-31,06:00,320.55
Tuesday,2024-12-31,07:00,316.46
Tuesday,2024-12-31,08:00,320.18
Tuesday,2024-12-31,09:00,318.73
Tuesday,2024-12-31,10:00,317.81
Tuesday,2024-12-31,11:00,319.74
Tuesday,2024-12-31,12:00,314.32
Tuesday,2024-12-31,13:00,148.01
Tuesday,2024-12-31,14:00,230.68
Tuesday,2024-12-31,15:00,321.6
Tuesday,2024-12-31,16:00,321.14
Tuesday,2024-12-31,17:00,317.46
Tuesday,2024-12-31,18:00,319.1
Tuesday,2024-12-31,19:00,315.9
Tuesday,2024-12-31,20:00,319.08
Tuesday,2024-12-31,21:00,322.07
Tuesday,2024-12-31,22:00,237.86
Tuesday,2024-12-31,23:00,319.3
